{
  "type": "FeatureCollection",
  "crs": {
    "type": "name",
    "properties": {
      "name": "urn:ogc:def:crs:OGC:1.3:CRS84"
    }
  },
  "name": "xuhui_routes",
  "generated_at": "2026-09-03T07:34:13Z",
  "run_id": "run-20260902T125247Z-d8922e23",
  "coordinate_reference_system": "CRS84/WGS84 (lon,lat)",
  "feature_count": 90,
  "features": [
    {
      "type": "Feature",
      "id": "XH_WALK_0001",
      "geometry": {
        "type": "LineString",
        "coordinates": [
          [
            121.445549,
            31.175047
          ],
          [
            121.445179,
            31.175116
          ],
          [
            121.445405,
            31.175432
          ],
          [
            121.44529,
            31.175599
          ],
          [
            121.445472,
            31.175746
          ],
          [
            121.444832,
            31.177261
          ],
          [
            121.444485,
            31.17715
          ],
          [
            121.444388,
            31.177392
          ],
          [
            121.444271,
            31.177352
          ],
          [
            121.444174,
            31.177591
          ],
          [
            121.444163,
            31.177664
          ],
          [
            121.44432,
            31.177713
          ],
          [
            121.443809,
            31.178977
          ],
          [
            121.444067,
            31.17906
          ],
          [
            121.444035,
            31.179179
          ],
          [
            121.444271,
            31.179243
          ],
          [
            121.444324,
            31.179142
          ],
          [
            121.444818,
            31.179271
          ],
          [
            121.445301,
            31.17839
          ],
          [
            121.445643,
            31.17808
          ],
          [
            121.445773,
            31.178124
          ],
          [
            121.445848,
            31.177949
          ],
          [
            121.445727,
            31.17791
          ],
          [
            121.446202,
            31.177068
          ],
          [
            121.446449,
            31.176398
          ],
          [
            121.44632,
            31.176122
          ],
          [
            121.44602,
            31.175975
          ],
          [
            121.44585,
            31.175785
          ],
          [
            121.446202,
            31.175165
          ],
          [
            121.445813,
            31.174908
          ],
          [
            121.445549,
            31.175047
          ]
        ]
      },
      "properties": {
        "route_id": "XH_WALK_0001",
        "name_zh": "龙华·轻松短程闭环路线01",
        "mode": "walk",
        "mode_label": "步行",
        "kind": "strict_loop",
        "kind_label": "闭环路线",
        "band": 0,
        "band_label": "0.5–2 km",
        "band_label_zh": "轻松短程",
        "actual_distance_m": 1332.5,
        "distance_m": 1332.5,
        "target_distance_m": 1250.0,
        "distance_error": 0.065982,
        "duration_min": 16.7,
        "speed_kmh": 4.8,
        "speed_provenance": "manual_setting",
        "area": "longhua",
        "area_name_zh": "龙华",
        "area_name_en": "Longhua",
        "popular_area_ids": [
          "longhua"
        ],
        "anchor_area_id": "west_bund",
        "status": "accepted",
        "failures": [],
        "crs": "CRS84/WGS84 (lon,lat)",
        "coordinate_count": 31,
        "start": [
          121.445549,
          31.175047
        ],
        "end": [
          121.445549,
          31.175047
        ],
        "start_marker": [
          121.445549,
          31.175047
        ],
        "end_marker": [
          121.445549,
          31.175047
        ],
        "navigation_nodes": 2,
        "long_distance": false,
        "bbox": [
          121.443809,
          31.174908,
          121.446449,
          31.179271
        ],
        "geometry_provenance": "osm_highway_snapped",
        "road_snapping_ratio": 1.0,
        "road_snapping_provenance": "construction_guaranteed",
        "in_district_ratio": 1.0,
        "endpoint_offset_m": 0.0,
        "circuity": 1.0,
        "repeated_edge_count": 0,
        "proper_self_intersection_count": 0,
        "local_uturn_count": 0,
        "local_return_loop_count": 0,
        "park_relation": {
          "poi_id": 47011871,
          "name_zh": "龙华烈士陵园",
          "coord": [
            121.445397,
            31.177321
          ],
          "distance_m": 46.2,
          "relation": "along_route",
          "label": "公园入口",
          "provenance": "deterministic_computation"
        },
        "edge_count": 62,
        "anchor_origin": "area:longhua",
        "planned_kind": "strict_loop",
        "api_distance_error": null,
        "api_distance_provenance": "not_applicable_no_credentials"
      }
    },
    {
      "type": "Feature",
      "id": "XH_WALK_0002",
      "geometry": {
        "type": "LineString",
        "coordinates": [
          [
            121.412115,
            31.156427
          ],
          [
            121.412696,
            31.154651
          ],
          [
            121.414536,
            31.1554
          ],
          [
            121.417126,
            31.156897
          ],
          [
            121.415793,
            31.158607
          ],
          [
            121.412695,
            31.157598
          ],
          [
            121.412227,
            31.157174
          ],
          [
            121.412103,
            31.156867
          ],
          [
            121.412115,
            31.156427
          ]
        ]
      },
      "properties": {
        "route_id": "XH_WALK_0002",
        "name_zh": "康健园·轻松短程闭环路线02",
        "mode": "walk",
        "mode_label": "步行",
        "kind": "strict_loop",
        "kind_label": "闭环路线",
        "band": 0,
        "band_label": "0.5–2 km",
        "band_label_zh": "轻松短程",
        "actual_distance_m": 1390.2,
        "distance_m": 1390.2,
        "target_distance_m": 1250.0,
        "distance_error": 0.112196,
        "duration_min": 17.4,
        "speed_kmh": 4.8,
        "speed_provenance": "manual_setting",
        "area": "kangjian",
        "area_name_zh": "康健园",
        "area_name_en": "Kangjian",
        "popular_area_ids": [
          "kangjian"
        ],
        "anchor_area_id": "longhua",
        "status": "accepted",
        "failures": [],
        "crs": "CRS84/WGS84 (lon,lat)",
        "coordinate_count": 9,
        "start": [
          121.412115,
          31.156427
        ],
        "end": [
          121.412115,
          31.156427
        ],
        "start_marker": [
          121.412115,
          31.156427
        ],
        "end_marker": [
          121.412115,
          31.156427
        ],
        "navigation_nodes": 2,
        "long_distance": false,
        "bbox": [
          121.412103,
          31.154651,
          121.417126,
          31.158607
        ],
        "geometry_provenance": "osm_highway_snapped",
        "road_snapping_ratio": 1.0,
        "road_snapping_provenance": "construction_guaranteed",
        "in_district_ratio": 1.0,
        "endpoint_offset_m": 0.0,
        "circuity": 1.0,
        "repeated_edge_count": 0,
        "proper_self_intersection_count": 0,
        "local_uturn_count": 0,
        "local_return_loop_count": 0,
        "park_relation": {
          "poi_id": 1430475329,
          "name_zh": "康健绿苑",
          "coord": [
            121.415912,
            31.15532
          ],
          "distance_m": 77.3,
          "relation": "along_route",
          "label": "公园入口",
          "provenance": "deterministic_computation"
        },
        "edge_count": 27,
        "anchor_origin": "area:kangjian",
        "planned_kind": "strict_loop",
        "api_distance_error": null,
        "api_distance_provenance": "not_applicable_no_credentials"
      }
    },
    {
      "type": "Feature",
      "id": "XH_WALK_0003",
      "geometry": {
        "type": "LineString",
        "coordinates": [
          [
            121.418792,
            31.131466
          ],
          [
            121.416853,
            31.134937
          ],
          [
            121.413921,
            31.13364
          ],
          [
            121.415768,
            31.130901
          ],
          [
            121.418792,
            31.131466
          ]
        ]
      },
      "properties": {
        "route_id": "XH_WALK_0003",
        "name_zh": "康健园·轻松短程闭环路线03",
        "mode": "walk",
        "mode_label": "步行",
        "kind": "strict_loop",
        "kind_label": "闭环路线",
        "band": 0,
        "band_label": "0.5–2 km",
        "band_label_zh": "轻松短程",
        "actual_distance_m": 1388.2,
        "distance_m": 1388.2,
        "target_distance_m": 1250.0,
        "distance_error": 0.110593,
        "duration_min": 17.4,
        "speed_kmh": 4.8,
        "speed_provenance": "manual_setting",
        "area": "kangjian",
        "area_name_zh": "康健园",
        "area_name_en": "Kangjian",
        "popular_area_ids": [
          "kangjian"
        ],
        "anchor_area_id": "xujiahui",
        "status": "accepted",
        "failures": [],
        "crs": "CRS84/WGS84 (lon,lat)",
        "coordinate_count": 5,
        "start": [
          121.418792,
          31.131466
        ],
        "end": [
          121.418792,
          31.131466
        ],
        "start_marker": [
          121.418792,
          31.131466
        ],
        "end_marker": [
          121.418792,
          31.131466
        ],
        "navigation_nodes": 2,
        "long_distance": false,
        "bbox": [
          121.413921,
          31.130901,
          121.418792,
          31.134937
        ],
        "geometry_provenance": "osm_highway_snapped",
        "road_snapping_ratio": 1.0,
        "road_snapping_provenance": "construction_guaranteed",
        "in_district_ratio": 1.0,
        "endpoint_offset_m": 0.0,
        "circuity": 1.0,
        "repeated_edge_count": 0,
        "proper_self_intersection_count": 0,
        "local_uturn_count": 0,
        "local_return_loop_count": 0,
        "park_relation": null,
        "edge_count": 18,
        "anchor_origin": "spread",
        "planned_kind": "strict_loop",
        "api_distance_error": null,
        "api_distance_provenance": "not_applicable_no_credentials"
      }
    },
    {
      "type": "Feature",
      "id": "XH_WALK_0004",
      "geometry": {
        "type": "LineString",
        "coordinates": [
          [
            121.441804,
            31.143344
          ],
          [
            121.443139,
            31.143932
          ],
          [
            121.444483,
            31.144316
          ],
          [
            121.446031,
            31.14487
          ],
          [
            121.446126,
            31.144957
          ],
          [
            121.446046,
            31.146283
          ],
          [
            121.441879,
            31.145226
          ],
          [
            121.440779,
            31.145032
          ],
          [
            121.441804,
            31.143344
          ]
        ]
      },
      "properties": {
        "route_id": "XH_WALK_0004",
        "name_zh": "上海植物园·轻松短程闭环路线04",
        "mode": "walk",
        "mode_label": "步行",
        "kind": "strict_loop",
        "kind_label": "闭环路线",
        "band": 0,
        "band_label": "0.5–2 km",
        "band_label_zh": "轻松短程",
        "actual_distance_m": 1330.2,
        "distance_m": 1330.2,
        "target_distance_m": 1250.0,
        "distance_error": 0.064197,
        "duration_min": 16.6,
        "speed_kmh": 4.8,
        "speed_provenance": "manual_setting",
        "area": "shanghai_botanical_garden",
        "area_name_zh": "上海植物园",
        "area_name_en": "Shanghai Botanical Garden",
        "popular_area_ids": [
          "shanghai_botanical_garden"
        ],
        "anchor_area_id": "hengfu",
        "status": "accepted",
        "failures": [],
        "crs": "CRS84/WGS84 (lon,lat)",
        "coordinate_count": 9,
        "start": [
          121.441804,
          31.143344
        ],
        "end": [
          121.441804,
          31.143344
        ],
        "start_marker": [
          121.441804,
          31.143344
        ],
        "end_marker": [
          121.441804,
          31.143344
        ],
        "navigation_nodes": 2,
        "long_distance": false,
        "bbox": [
          121.440779,
          31.143344,
          121.446126,
          31.146283
        ],
        "geometry_provenance": "osm_highway_snapped",
        "road_snapping_ratio": 1.0,
        "road_snapping_provenance": "construction_guaranteed",
        "in_district_ratio": 1.0,
        "endpoint_offset_m": 0.0,
        "circuity": 1.0,
        "repeated_edge_count": 0,
        "proper_self_intersection_count": 0,
        "local_uturn_count": 0,
        "local_return_loop_count": 0,
        "park_relation": null,
        "edge_count": 29,
        "anchor_origin": "retry",
        "planned_kind": "strict_loop",
        "api_distance_error": null,
        "api_distance_provenance": "not_applicable_no_credentials"
      }
    },
    {
      "type": "Feature",
      "id": "XH_WALK_0005",
      "geometry": {
        "type": "LineString",
        "coordinates": [
          [
            121.411263,
            31.154138
          ],
          [
            121.411212,
            31.154272
          ],
          [
            121.407982,
            31.153481
          ],
          [
            121.40858,
            31.152525
          ],
          [
            121.409777,
            31.151507
          ],
          [
            121.410126,
            31.151006
          ],
          [
            121.410358,
            31.15047
          ],
          [
            121.412011,
            31.151231
          ],
          [
            121.411588,
            31.151875
          ],
          [
            121.411233,
            31.152673
          ],
          [
            121.411813,
            31.152852
          ],
          [
            121.411708,
            31.153101
          ],
          [
            121.412106,
            31.153208
          ],
          [
            121.412173,
            31.153344
          ],
          [
            121.411796,
            31.154287
          ],
          [
            121.411263,
            31.154138
          ]
        ]
      },
      "properties": {
        "route_id": "XH_WALK_0005",
        "name_zh": "康健园·轻松短程闭环路线05",
        "mode": "walk",
        "mode_label": "步行",
        "kind": "strict_loop",
        "kind_label": "闭环路线",
        "band": 0,
        "band_label": "0.5–2 km",
        "band_label_zh": "轻松短程",
        "actual_distance_m": 1408.8,
        "distance_m": 1408.8,
        "target_distance_m": 1250.0,
        "distance_error": 0.127002,
        "duration_min": 17.6,
        "speed_kmh": 4.8,
        "speed_provenance": "manual_setting",
        "area": "kangjian",
        "area_name_zh": "康健园",
        "area_name_en": "Kangjian",
        "popular_area_ids": [
          "kangjian"
        ],
        "anchor_area_id": "shanghai_botanical_garden",
        "status": "accepted",
        "failures": [],
        "crs": "CRS84/WGS84 (lon,lat)",
        "coordinate_count": 16,
        "start": [
          121.411263,
          31.154138
        ],
        "end": [
          121.411263,
          31.154138
        ],
        "start_marker": [
          121.411263,
          31.154138
        ],
        "end_marker": [
          121.411263,
          31.154138
        ],
        "navigation_nodes": 2,
        "long_distance": false,
        "bbox": [
          121.407982,
          31.15047,
          121.412173,
          31.154287
        ],
        "geometry_provenance": "osm_highway_snapped",
        "road_snapping_ratio": 1.0,
        "road_snapping_provenance": "construction_guaranteed",
        "in_district_ratio": 1.0,
        "endpoint_offset_m": 0.0,
        "circuity": 1.0,
        "repeated_edge_count": 0,
        "proper_self_intersection_count": 0,
        "local_uturn_count": 0,
        "local_return_loop_count": 0,
        "park_relation": {
          "poi_id": 1012300047,
          "name_zh": "",
          "coord": [
            121.411326,
            31.153201
          ],
          "distance_m": 33.1,
          "relation": "along_route",
          "label": "公园入口",
          "provenance": "deterministic_computation"
        },
        "edge_count": 46,
        "anchor_origin": "retry",
        "planned_kind": "strict_loop",
        "api_distance_error": null,
        "api_distance_provenance": "not_applicable_no_credentials"
      }
    },
    {
      "type": "Feature",
      "id": "XH_WALK_0006",
      "geometry": {
        "type": "LineString",
        "coordinates": [
          [
            121.412115,
            31.156427
          ],
          [
            121.412696,
            31.154651
          ],
          [
            121.41314,
            31.15382
          ],
          [
            121.412486,
            31.153631
          ],
          [
            121.412173,
            31.153344
          ],
          [
            121.412085,
            31.153002
          ],
          [
            121.411233,
            31.152673
          ],
          [
            121.411588,
            31.151875
          ],
          [
            121.412011,
            31.151231
          ],
          [
            121.410358,
            31.15047
          ],
          [
            121.4105,
            31.149516
          ],
          [
            121.410328,
            31.148676
          ],
          [
            121.40994,
            31.148208
          ],
          [
            121.407936,
            31.146932
          ]
        ]
      },
      "properties": {
        "route_id": "XH_WALK_0006",
        "name_zh": "康健园·轻松短程单程路线06",
        "mode": "walk",
        "mode_label": "步行",
        "kind": "one_way",
        "kind_label": "单程路线",
        "band": 0,
        "band_label": "0.5–2 km",
        "band_label_zh": "轻松短程",
        "actual_distance_m": 1402.9,
        "distance_m": 1402.9,
        "target_distance_m": 1250.0,
        "distance_error": 0.122307,
        "duration_min": 17.5,
        "speed_kmh": 4.8,
        "speed_provenance": "manual_setting",
        "area": "kangjian",
        "area_name_zh": "康健园",
        "area_name_en": "Kangjian",
        "popular_area_ids": [
          "kangjian"
        ],
        "anchor_area_id": "kangjian",
        "status": "accepted",
        "failures": [],
        "crs": "CRS84/WGS84 (lon,lat)",
        "coordinate_count": 14,
        "start": [
          121.412115,
          31.156427
        ],
        "end": [
          121.407936,
          31.146932
        ],
        "start_marker": [
          121.412115,
          31.156427
        ],
        "end_marker": [
          121.407936,
          31.146932
        ],
        "navigation_nodes": 2,
        "long_distance": false,
        "bbox": [
          121.407936,
          31.146932,
          121.41314,
          31.156427
        ],
        "geometry_provenance": "osm_highway_snapped",
        "road_snapping_ratio": 1.0,
        "road_snapping_provenance": "construction_guaranteed",
        "in_district_ratio": 1.0,
        "endpoint_offset_m": 1128.29,
        "circuity": 1.2434,
        "repeated_edge_count": 0,
        "proper_self_intersection_count": 0,
        "local_uturn_count": 0,
        "local_return_loop_count": 0,
        "park_relation": {
          "poi_id": 339693055,
          "name_zh": "",
          "coord": [
            121.412699,
            31.153884
          ],
          "distance_m": 19.9,
          "relation": "along_route",
          "label": "公园入口",
          "provenance": "deterministic_computation"
        },
        "edge_count": 52,
        "anchor_origin": "area:kangjian",
        "planned_kind": "one_way",
        "api_distance_error": null,
        "api_distance_provenance": "not_applicable_no_credentials"
      }
    },
    {
      "type": "Feature",
      "id": "XH_WALK_0007",
      "geometry": {
        "type": "LineString",
        "coordinates": [
          [
            121.405621,
            31.162989
          ],
          [
            121.408263,
            31.163421
          ],
          [
            121.40957,
            31.156889
          ],
          [
            121.409798,
            31.156141
          ],
          [
            121.410931,
            31.153426
          ]
        ]
      },
      "properties": {
        "route_id": "XH_WALK_0007",
        "name_zh": "漕河泾·轻松短程单程路线07",
        "mode": "walk",
        "mode_label": "步行",
        "kind": "one_way",
        "kind_label": "单程路线",
        "band": 0,
        "band_label": "0.5–2 km",
        "band_label_zh": "轻松短程",
        "actual_distance_m": 1399.4,
        "distance_m": 1399.4,
        "target_distance_m": 1250.0,
        "distance_error": 0.119512,
        "duration_min": 17.5,
        "speed_kmh": 4.8,
        "speed_provenance": "manual_setting",
        "area": "caohejing",
        "area_name_zh": "漕河泾",
        "area_name_en": "Caohejing",
        "popular_area_ids": [
          "caohejing"
        ],
        "anchor_area_id": "caohejing",
        "status": "accepted",
        "failures": [],
        "crs": "CRS84/WGS84 (lon,lat)",
        "coordinate_count": 5,
        "start": [
          121.405621,
          31.162989
        ],
        "end": [
          121.410931,
          31.153426
        ],
        "start_marker": [
          121.405621,
          31.162989
        ],
        "end_marker": [
          121.410931,
          31.153426
        ],
        "navigation_nodes": 2,
        "long_distance": false,
        "bbox": [
          121.405621,
          31.153426,
          121.410931,
          31.163421
        ],
        "geometry_provenance": "osm_highway_snapped",
        "road_snapping_ratio": 1.0,
        "road_snapping_provenance": "construction_guaranteed",
        "in_district_ratio": 1.0,
        "endpoint_offset_m": 1177.37,
        "circuity": 1.1886,
        "repeated_edge_count": 0,
        "proper_self_intersection_count": 0,
        "local_uturn_count": 0,
        "local_return_loop_count": 0,
        "park_relation": {
          "poi_id": 1012300047,
          "name_zh": "",
          "coord": [
            121.411326,
            31.153201
          ],
          "distance_m": 40.8,
          "relation": "along_route",
          "label": "公园入口",
          "provenance": "deterministic_computation"
        },
        "edge_count": 15,
        "anchor_origin": "area:caohejing",
        "planned_kind": "one_way",
        "api_distance_error": null,
        "api_distance_provenance": "not_applicable_no_credentials"
      }
    },
    {
      "type": "Feature",
      "id": "XH_WALK_0008",
      "geometry": {
        "type": "LineString",
        "coordinates": [
          [
            121.447905,
            31.123203
          ],
          [
            121.447544,
            31.122837
          ],
          [
            121.447543,
            31.122672
          ],
          [
            121.447635,
            31.122608
          ],
          [
            121.452045,
            31.124701
          ],
          [
            121.451977,
            31.125727
          ],
          [
            121.455003,
            31.126071
          ],
          [
            121.456355,
            31.126318
          ],
          [
            121.458319,
            31.126968
          ],
          [
            121.459346,
            31.127398
          ]
        ]
      },
      "properties": {
        "route_id": "XH_WALK_0008",
        "name_zh": "华泾·轻松短程单程路线08",
        "mode": "walk",
        "mode_label": "步行",
        "kind": "one_way",
        "kind_label": "单程路线",
        "band": 0,
        "band_label": "0.5–2 km",
        "band_label_zh": "轻松短程",
        "actual_distance_m": 1408.6,
        "distance_m": 1408.6,
        "target_distance_m": 1250.0,
        "distance_error": 0.126915,
        "duration_min": 17.6,
        "speed_kmh": 4.8,
        "speed_provenance": "manual_setting",
        "area": "huajing",
        "area_name_zh": "华泾",
        "area_name_en": "Huajing",
        "popular_area_ids": [
          "huajing"
        ],
        "anchor_area_id": "huajing",
        "status": "accepted",
        "failures": [],
        "crs": "CRS84/WGS84 (lon,lat)",
        "coordinate_count": 10,
        "start": [
          121.447905,
          31.123203
        ],
        "end": [
          121.459346,
          31.127398
        ],
        "start_marker": [
          121.447905,
          31.123203
        ],
        "end_marker": [
          121.459346,
          31.127398
        ],
        "navigation_nodes": 2,
        "long_distance": false,
        "bbox": [
          121.447543,
          31.122608,
          121.459346,
          31.127398
        ],
        "geometry_provenance": "osm_highway_snapped",
        "road_snapping_ratio": 1.0,
        "road_snapping_provenance": "construction_guaranteed",
        "in_district_ratio": 1.0,
        "endpoint_offset_m": 1184.74,
        "circuity": 1.189,
        "repeated_edge_count": 0,
        "proper_self_intersection_count": 0,
        "local_uturn_count": 0,
        "local_return_loop_count": 0,
        "park_relation": {
          "poi_id": 297060238,
          "name_zh": "华泾公园",
          "coord": [
            121.446874,
            31.123277
          ],
          "distance_m": 73.4,
          "relation": "along_route",
          "label": "公园入口",
          "provenance": "deterministic_computation"
        },
        "edge_count": 31,
        "anchor_origin": "area:huajing",
        "planned_kind": "one_way",
        "api_distance_error": null,
        "api_distance_provenance": "not_applicable_no_credentials"
      }
    },
    {
      "type": "Feature",
      "id": "XH_WALK_0009",
      "geometry": {
        "type": "LineString",
        "coordinates": [
          [
            121.458569,
            31.174601
          ],
          [
            121.458539,
            31.17472
          ],
          [
            121.458135,
            31.174638
          ],
          [
            121.458412,
            31.173524
          ],
          [
            121.458437,
            31.173015
          ],
          [
            121.459061,
            31.171334
          ],
          [
            121.459149,
            31.170462
          ],
          [
            121.458991,
            31.170384
          ],
          [
            121.458253,
            31.168121
          ],
          [
            121.458267,
            31.166914
          ],
          [
            121.458621,
            31.165968
          ],
          [
            121.460039,
            31.163882
          ],
          [
            121.460426,
            31.163088
          ]
        ]
      },
      "properties": {
        "route_id": "XH_WALK_0009",
        "name_zh": "徐汇滨江与西岸·轻松短程单程路线09",
        "mode": "walk",
        "mode_label": "步行",
        "kind": "one_way",
        "kind_label": "单程路线",
        "band": 0,
        "band_label": "0.5–2 km",
        "band_label_zh": "轻松短程",
        "actual_distance_m": 1417.2,
        "distance_m": 1417.2,
        "target_distance_m": 1250.0,
        "distance_error": 0.133799,
        "duration_min": 17.7,
        "speed_kmh": 4.8,
        "speed_provenance": "manual_setting",
        "area": "west_bund",
        "area_name_zh": "徐汇滨江与西岸",
        "area_name_en": "West Bund / Xuhui Riverside",
        "popular_area_ids": [
          "west_bund"
        ],
        "anchor_area_id": "west_bund",
        "status": "accepted",
        "failures": [],
        "crs": "CRS84/WGS84 (lon,lat)",
        "coordinate_count": 13,
        "start": [
          121.458569,
          31.174601
        ],
        "end": [
          121.460426,
          31.163088
        ],
        "start_marker": [
          121.458569,
          31.174601
        ],
        "end_marker": [
          121.460426,
          31.163088
        ],
        "navigation_nodes": 2,
        "long_distance": false,
        "bbox": [
          121.458135,
          31.163088,
          121.460426,
          31.17472
        ],
        "geometry_provenance": "osm_highway_snapped",
        "road_snapping_ratio": 1.0,
        "road_snapping_provenance": "construction_guaranteed",
        "in_district_ratio": 1.0,
        "endpoint_offset_m": 1292.3,
        "circuity": 1.0967,
        "repeated_edge_count": 0,
        "proper_self_intersection_count": 0,
        "local_uturn_count": 0,
        "local_return_loop_count": 0,
        "park_relation": {
          "poi_id": 870546902,
          "name_zh": "",
          "coord": [
            121.457891,
            31.175096
          ],
          "distance_m": 54.7,
          "relation": "along_route",
          "label": "公园入口",
          "provenance": "deterministic_computation"
        },
        "edge_count": 33,
        "anchor_origin": "area:west_bund",
        "planned_kind": "one_way",
        "api_distance_error": null,
        "api_distance_provenance": "not_applicable_no_credentials"
      }
    },
    {
      "type": "Feature",
      "id": "XH_WALK_0010",
      "geometry": {
        "type": "LineString",
        "coordinates": [
          [
            121.445549,
            31.175047
          ],
          [
            121.446349,
            31.174474
          ],
          [
            121.448887,
            31.172147
          ],
          [
            121.449308,
            31.171957
          ],
          [
            121.449207,
            31.171106
          ],
          [
            121.449269,
            31.170677
          ],
          [
            121.450382,
            31.169122
          ],
          [
            121.45219,
            31.165629
          ],
          [
            121.452672,
            31.164389
          ]
        ]
      },
      "properties": {
        "route_id": "XH_WALK_0010",
        "name_zh": "龙华·轻松短程单程路线10",
        "mode": "walk",
        "mode_label": "步行",
        "kind": "one_way",
        "kind_label": "单程路线",
        "band": 0,
        "band_label": "0.5–2 km",
        "band_label_zh": "轻松短程",
        "actual_distance_m": 1414.5,
        "distance_m": 1414.5,
        "target_distance_m": 1250.0,
        "distance_error": 0.131588,
        "duration_min": 17.7,
        "speed_kmh": 4.8,
        "speed_provenance": "manual_setting",
        "area": "longhua",
        "area_name_zh": "龙华",
        "area_name_en": "Longhua",
        "popular_area_ids": [
          "longhua"
        ],
        "anchor_area_id": "longhua",
        "status": "accepted",
        "failures": [],
        "crs": "CRS84/WGS84 (lon,lat)",
        "coordinate_count": 9,
        "start": [
          121.445549,
          31.175047
        ],
        "end": [
          121.452672,
          31.164389
        ],
        "start_marker": [
          121.445549,
          31.175047
        ],
        "end_marker": [
          121.452672,
          31.164389
        ],
        "navigation_nodes": 2,
        "long_distance": false,
        "bbox": [
          121.445549,
          31.164389,
          121.452672,
          31.175047
        ],
        "geometry_provenance": "osm_highway_snapped",
        "road_snapping_ratio": 1.0,
        "road_snapping_provenance": "construction_guaranteed",
        "in_district_ratio": 1.0,
        "endpoint_offset_m": 1365.2,
        "circuity": 1.0361,
        "repeated_edge_count": 0,
        "proper_self_intersection_count": 0,
        "local_uturn_count": 0,
        "local_return_loop_count": 0,
        "park_relation": null,
        "edge_count": 45,
        "anchor_origin": "area:longhua",
        "planned_kind": "one_way",
        "api_distance_error": null,
        "api_distance_provenance": "not_applicable_no_credentials"
      }
    },
    {
      "type": "Feature",
      "id": "XH_WALK_0011",
      "geometry": {
        "type": "LineString",
        "coordinates": [
          [
            121.445549,
            31.175047
          ],
          [
            121.445179,
            31.175116
          ],
          [
            121.445253,
            31.17527
          ],
          [
            121.445405,
            31.175432
          ],
          [
            121.445681,
            31.175545
          ],
          [
            121.445619,
            31.175711
          ],
          [
            121.445708,
            31.175801
          ],
          [
            121.44632,
            31.176122
          ],
          [
            121.446449,
            31.176398
          ],
          [
            121.446202,
            31.177068
          ],
          [
            121.445727,
            31.17791
          ],
          [
            121.446577,
            31.178169
          ],
          [
            121.446535,
            31.178256
          ],
          [
            121.44708,
            31.178417
          ],
          [
            121.447046,
            31.178511
          ],
          [
            121.44764,
            31.178683
          ],
          [
            121.44755,
            31.178915
          ],
          [
            121.447765,
            31.178972
          ],
          [
            121.447603,
            31.179426
          ],
          [
            121.447977,
            31.179517
          ],
          [
            121.447516,
            31.180691
          ],
          [
            121.447388,
            31.181616
          ],
          [
            121.447648,
            31.182596
          ],
          [
            121.447742,
            31.182622
          ],
          [
            121.448316,
            31.184019
          ],
          [
            121.448939,
            31.183423
          ],
          [
            121.450039,
            31.181942
          ],
          [
            121.451734,
            31.180127
          ],
          [
            121.452104,
            31.179341
          ],
          [
            121.452302,
            31.178261
          ],
          [
            121.451366,
            31.177362
          ],
          [
            121.450526,
            31.175556
          ],
          [
            121.448349,
            31.175586
          ],
          [
            121.448268,
            31.175318
          ],
          [
            121.447939,
            31.174952
          ],
          [
            121.447212,
            31.174424
          ],
          [
            121.446637,
            31.174218
          ],
          [
            121.445957,
            31.174805
          ],
          [
            121.445549,
            31.175047
          ]
        ]
      },
      "properties": {
        "route_id": "XH_WALK_0011",
        "name_zh": "龙华·中等距离闭环路线11",
        "mode": "walk",
        "mode_label": "步行",
        "kind": "strict_loop",
        "kind_label": "闭环路线",
        "band": 1,
        "band_label": "2–3.5 km",
        "band_label_zh": "中等距离",
        "actual_distance_m": 2996.5,
        "distance_m": 2996.5,
        "target_distance_m": 2750.0,
        "distance_error": 0.089628,
        "duration_min": 37.5,
        "speed_kmh": 4.8,
        "speed_provenance": "manual_setting",
        "area": "longhua",
        "area_name_zh": "龙华",
        "area_name_en": "Longhua",
        "popular_area_ids": [
          "longhua"
        ],
        "anchor_area_id": "xujiahui",
        "status": "accepted",
        "failures": [],
        "crs": "CRS84/WGS84 (lon,lat)",
        "coordinate_count": 39,
        "start": [
          121.445549,
          31.175047
        ],
        "end": [
          121.445549,
          31.175047
        ],
        "start_marker": [
          121.445549,
          31.175047
        ],
        "end_marker": [
          121.445549,
          31.175047
        ],
        "navigation_nodes": 2,
        "long_distance": false,
        "bbox": [
          121.445179,
          31.174218,
          121.452302,
          31.184019
        ],
        "geometry_provenance": "osm_highway_snapped",
        "road_snapping_ratio": 1.0,
        "road_snapping_provenance": "construction_guaranteed",
        "in_district_ratio": 1.0,
        "endpoint_offset_m": 0.0,
        "circuity": 1.0,
        "repeated_edge_count": 0,
        "proper_self_intersection_count": 0,
        "local_uturn_count": 0,
        "local_return_loop_count": 0,
        "park_relation": {
          "poi_id": 577243784,
          "name_zh": "龙华烈士陵园(龙华警备司令部旧址)",
          "coord": [
            121.447647,
            31.179263
          ],
          "distance_m": 1.1,
          "relation": "along_route",
          "label": "公园入口",
          "provenance": "deterministic_computation"
        },
        "edge_count": 115,
        "anchor_origin": "area:longhua",
        "planned_kind": "strict_loop",
        "api_distance_error": null,
        "api_distance_provenance": "not_applicable_no_credentials"
      }
    },
    {
      "type": "Feature",
      "id": "XH_WALK_0012",
      "geometry": {
        "type": "LineString",
        "coordinates": [
          [
            121.450986,
            31.21183
          ],
          [
            121.449546,
            31.211411
          ],
          [
            121.44932,
            31.212234
          ],
          [
            121.45079,
            31.2156
          ],
          [
            121.451423,
            31.217358
          ],
          [
            121.45134,
            31.217497
          ],
          [
            121.448226,
            31.218636
          ],
          [
            121.447827,
            31.218701
          ],
          [
            121.447615,
            31.219264
          ],
          [
            121.450423,
            31.221095
          ],
          [
            121.452198,
            31.21768
          ],
          [
            121.453107,
            31.212684
          ],
          [
            121.450986,
            31.21183
          ]
        ]
      },
      "properties": {
        "route_id": "XH_WALK_0012",
        "name_zh": "衡复风貌区·中等距离闭环路线12",
        "mode": "walk",
        "mode_label": "步行",
        "kind": "strict_loop",
        "kind_label": "闭环路线",
        "band": 1,
        "band_label": "2–3.5 km",
        "band_label_zh": "中等距离",
        "actual_distance_m": 2823.1,
        "distance_m": 2823.1,
        "target_distance_m": 2750.0,
        "distance_error": 0.026582,
        "duration_min": 35.3,
        "speed_kmh": 4.8,
        "speed_provenance": "manual_setting",
        "area": "hengfu",
        "area_name_zh": "衡复风貌区",
        "area_name_en": "Hengfu Historical Area",
        "popular_area_ids": [
          "hengfu"
        ],
        "anchor_area_id": "hengfu",
        "status": "accepted",
        "failures": [],
        "crs": "CRS84/WGS84 (lon,lat)",
        "coordinate_count": 13,
        "start": [
          121.450986,
          31.21183
        ],
        "end": [
          121.450986,
          31.21183
        ],
        "start_marker": [
          121.450986,
          31.21183
        ],
        "end_marker": [
          121.450986,
          31.21183
        ],
        "navigation_nodes": 2,
        "long_distance": false,
        "bbox": [
          121.447615,
          31.211411,
          121.453107,
          31.221095
        ],
        "geometry_provenance": "osm_highway_snapped",
        "road_snapping_ratio": 1.0,
        "road_snapping_provenance": "construction_guaranteed",
        "in_district_ratio": 0.916032,
        "endpoint_offset_m": 0.0,
        "circuity": 1.0,
        "repeated_edge_count": 0,
        "proper_self_intersection_count": 0,
        "local_uturn_count": 0,
        "local_return_loop_count": 0,
        "park_relation": {
          "poi_id": 488967847,
          "name_zh": "",
          "coord": [
            121.450557,
            31.214232
          ],
          "distance_m": 28.4,
          "relation": "along_route",
          "label": "公园入口",
          "provenance": "deterministic_computation"
        },
        "edge_count": 55,
        "anchor_origin": "area:hengfu",
        "planned_kind": "strict_loop",
        "api_distance_error": null,
        "api_distance_provenance": "not_applicable_no_credentials"
      }
    },
    {
      "type": "Feature",
      "id": "XH_WALK_0013",
      "geometry": {
        "type": "LineString",
        "coordinates": [
          [
            121.450986,
            31.21183
          ],
          [
            121.453107,
            31.212684
          ],
          [
            121.453355,
            31.210969
          ],
          [
            121.453416,
            31.209299
          ],
          [
            121.454318,
            31.209255
          ],
          [
            121.455499,
            31.209379
          ],
          [
            121.455817,
            31.207059
          ],
          [
            121.456376,
            31.204938
          ],
          [
            121.457693,
            31.205209
          ],
          [
            121.457749,
            31.2049
          ],
          [
            121.455842,
            31.20449
          ],
          [
            121.454249,
            31.204
          ],
          [
            121.454121,
            31.204336
          ],
          [
            121.452819,
            31.203933
          ],
          [
            121.451732,
            31.203699
          ],
          [
            121.449546,
            31.211411
          ],
          [
            121.450986,
            31.21183
          ]
        ]
      },
      "properties": {
        "route_id": "XH_WALK_0013",
        "name_zh": "衡复风貌区·中等距离闭环路线13",
        "mode": "walk",
        "mode_label": "步行",
        "kind": "strict_loop",
        "kind_label": "闭环路线",
        "band": 1,
        "band_label": "2–3.5 km",
        "band_label_zh": "中等距离",
        "actual_distance_m": 3117.6,
        "distance_m": 3117.6,
        "target_distance_m": 2750.0,
        "distance_error": 0.133659,
        "duration_min": 39.0,
        "speed_kmh": 4.8,
        "speed_provenance": "manual_setting",
        "area": "hengfu",
        "area_name_zh": "衡复风貌区",
        "area_name_en": "Hengfu Historical Area",
        "popular_area_ids": [
          "hengfu"
        ],
        "anchor_area_id": "shanghai_botanical_garden",
        "status": "accepted",
        "failures": [],
        "crs": "CRS84/WGS84 (lon,lat)",
        "coordinate_count": 17,
        "start": [
          121.450986,
          31.21183
        ],
        "end": [
          121.450986,
          31.21183
        ],
        "start_marker": [
          121.450986,
          31.21183
        ],
        "end_marker": [
          121.450986,
          31.21183
        ],
        "navigation_nodes": 2,
        "long_distance": false,
        "bbox": [
          121.449546,
          31.203699,
          121.457749,
          31.212684
        ],
        "geometry_provenance": "osm_highway_snapped",
        "road_snapping_ratio": 1.0,
        "road_snapping_provenance": "construction_guaranteed",
        "in_district_ratio": 0.988839,
        "endpoint_offset_m": 0.0,
        "circuity": 1.0,
        "repeated_edge_count": 0,
        "proper_self_intersection_count": 0,
        "local_uturn_count": 0,
        "local_return_loop_count": 0,
        "park_relation": {
          "poi_id": 1276093695,
          "name_zh": "",
          "coord": [
            121.449875,
            31.212107
          ],
          "distance_m": 62.4,
          "relation": "along_route",
          "label": "公园入口",
          "provenance": "deterministic_computation"
        },
        "edge_count": 53,
        "anchor_origin": "area:hengfu",
        "planned_kind": "strict_loop",
        "api_distance_error": null,
        "api_distance_provenance": "not_applicable_no_credentials"
      }
    },
    {
      "type": "Feature",
      "id": "XH_WALK_0014",
      "geometry": {
        "type": "LineString",
        "coordinates": [
          [
            121.412115,
            31.156427
          ],
          [
            121.412696,
            31.154651
          ],
          [
            121.41314,
            31.15382
          ],
          [
            121.412486,
            31.153631
          ],
          [
            121.412173,
            31.153344
          ],
          [
            121.412085,
            31.153002
          ],
          [
            121.411233,
            31.152673
          ],
          [
            121.411588,
            31.151875
          ],
          [
            121.412011,
            31.151231
          ],
          [
            121.413358,
            31.14988
          ],
          [
            121.41414,
            31.149249
          ],
          [
            121.416414,
            31.151292
          ],
          [
            121.416725,
            31.151402
          ],
          [
            121.418635,
            31.153147
          ],
          [
            121.418656,
            31.153282
          ],
          [
            121.419326,
            31.154047
          ],
          [
            121.419182,
            31.154359
          ],
          [
            121.419239,
            31.154427
          ],
          [
            121.415871,
            31.158632
          ],
          [
            121.412695,
            31.157598
          ],
          [
            121.412227,
            31.157174
          ],
          [
            121.412103,
            31.156867
          ],
          [
            121.412115,
            31.156427
          ]
        ]
      },
      "properties": {
        "route_id": "XH_WALK_0014",
        "name_zh": "康健园·中等距离闭环路线14",
        "mode": "walk",
        "mode_label": "步行",
        "kind": "strict_loop",
        "kind_label": "闭环路线",
        "band": 1,
        "band_label": "2–3.5 km",
        "band_label_zh": "中等距离",
        "actual_distance_m": 2840.5,
        "distance_m": 2840.5,
        "target_distance_m": 2750.0,
        "distance_error": 0.032901,
        "duration_min": 35.5,
        "speed_kmh": 4.8,
        "speed_provenance": "manual_setting",
        "area": "kangjian",
        "area_name_zh": "康健园",
        "area_name_en": "Kangjian",
        "popular_area_ids": [
          "kangjian"
        ],
        "anchor_area_id": "kangjian",
        "status": "accepted",
        "failures": [],
        "crs": "CRS84/WGS84 (lon,lat)",
        "coordinate_count": 23,
        "start": [
          121.412115,
          31.156427
        ],
        "end": [
          121.412115,
          31.156427
        ],
        "start_marker": [
          121.412115,
          31.156427
        ],
        "end_marker": [
          121.412115,
          31.156427
        ],
        "navigation_nodes": 2,
        "long_distance": false,
        "bbox": [
          121.411233,
          31.149249,
          121.419326,
          31.158632
        ],
        "geometry_provenance": "osm_highway_snapped",
        "road_snapping_ratio": 1.0,
        "road_snapping_provenance": "construction_guaranteed",
        "in_district_ratio": 1.0,
        "endpoint_offset_m": 0.0,
        "circuity": 1.0,
        "repeated_edge_count": 0,
        "proper_self_intersection_count": 0,
        "local_uturn_count": 0,
        "local_return_loop_count": 0,
        "park_relation": {
          "poi_id": 339693055,
          "name_zh": "",
          "coord": [
            121.412699,
            31.153884
          ],
          "distance_m": 19.9,
          "relation": "along_route",
          "label": "公园入口",
          "provenance": "deterministic_computation"
        },
        "edge_count": 72,
        "anchor_origin": "area:kangjian",
        "planned_kind": "strict_loop",
        "api_distance_error": null,
        "api_distance_provenance": "not_applicable_no_credentials"
      }
    },
    {
      "type": "Feature",
      "id": "XH_WALK_0015",
      "geometry": {
        "type": "LineString",
        "coordinates": [
          [
            121.449579,
            31.104427
          ],
          [
            121.44949,
            31.106714
          ],
          [
            121.449543,
            31.108616
          ],
          [
            121.449633,
            31.108623
          ],
          [
            121.449877,
            31.109982
          ],
          [
            121.451,
            31.113994
          ],
          [
            121.451958,
            31.113681
          ],
          [
            121.454598,
            31.113919
          ],
          [
            121.453253,
            31.109243
          ],
          [
            121.453348,
            31.108552
          ],
          [
            121.452587,
            31.108554
          ],
          [
            121.449634,
            31.108264
          ],
          [
            121.449603,
            31.106746
          ],
          [
            121.449716,
            31.10444
          ],
          [
            121.449579,
            31.104427
          ]
        ]
      },
      "properties": {
        "route_id": "XH_WALK_0015",
        "name_zh": "华泾·中等距离闭环路线15",
        "mode": "walk",
        "mode_label": "步行",
        "kind": "strict_loop",
        "kind_label": "闭环路线",
        "band": 1,
        "band_label": "2–3.5 km",
        "band_label_zh": "中等距离",
        "actual_distance_m": 2843.5,
        "distance_m": 2843.5,
        "target_distance_m": 2750.0,
        "distance_error": 0.033997,
        "duration_min": 35.5,
        "speed_kmh": 4.8,
        "speed_provenance": "manual_setting",
        "area": "huajing",
        "area_name_zh": "华泾",
        "area_name_en": "Huajing",
        "popular_area_ids": [
          "huajing"
        ],
        "anchor_area_id": "caohejing",
        "status": "accepted",
        "failures": [],
        "crs": "CRS84/WGS84 (lon,lat)",
        "coordinate_count": 15,
        "start": [
          121.449579,
          31.104427
        ],
        "end": [
          121.449579,
          31.104427
        ],
        "start_marker": [
          121.449579,
          31.104427
        ],
        "end_marker": [
          121.449579,
          31.104427
        ],
        "navigation_nodes": 2,
        "long_distance": false,
        "bbox": [
          121.44949,
          31.104427,
          121.454598,
          31.113994
        ],
        "geometry_provenance": "osm_highway_snapped",
        "road_snapping_ratio": 1.0,
        "road_snapping_provenance": "construction_guaranteed",
        "in_district_ratio": 1.0,
        "endpoint_offset_m": 0.0,
        "circuity": 1.0,
        "repeated_edge_count": 0,
        "proper_self_intersection_count": 0,
        "local_uturn_count": 0,
        "local_return_loop_count": 0,
        "park_relation": {
          "poi_id": 870546911,
          "name_zh": "",
          "coord": [
            121.454395,
            31.110544
          ],
          "distance_m": 61.5,
          "relation": "along_route",
          "label": "公园入口",
          "provenance": "deterministic_computation"
        },
        "edge_count": 33,
        "anchor_origin": "spread",
        "planned_kind": "strict_loop",
        "api_distance_error": null,
        "api_distance_provenance": "not_applicable_no_credentials"
      }
    },
    {
      "type": "Feature",
      "id": "XH_WALK_0016",
      "geometry": {
        "type": "LineString",
        "coordinates": [
          [
            121.447905,
            31.123203
          ],
          [
            121.447544,
            31.122837
          ],
          [
            121.447543,
            31.122672
          ],
          [
            121.447635,
            31.122608
          ],
          [
            121.452045,
            31.124701
          ],
          [
            121.451931,
            31.126403
          ],
          [
            121.450805,
            31.130785
          ],
          [
            121.44982,
            31.133768
          ],
          [
            121.448504,
            31.137492
          ],
          [
            121.446507,
            31.142278
          ],
          [
            121.446202,
            31.143999
          ],
          [
            121.446046,
            31.146283
          ]
        ]
      },
      "properties": {
        "route_id": "XH_WALK_0016",
        "name_zh": "华泾·中等距离单程路线16",
        "mode": "walk",
        "mode_label": "步行",
        "kind": "one_way",
        "kind_label": "单程路线",
        "band": 1,
        "band_label": "2–3.5 km",
        "band_label_zh": "中等距离",
        "actual_distance_m": 3041.7,
        "distance_m": 3041.7,
        "target_distance_m": 2750.0,
        "distance_error": 0.106082,
        "duration_min": 38.0,
        "speed_kmh": 4.8,
        "speed_provenance": "manual_setting",
        "area": "huajing",
        "area_name_zh": "华泾",
        "area_name_en": "Huajing",
        "popular_area_ids": [
          "huajing"
        ],
        "anchor_area_id": "huajing",
        "status": "accepted",
        "failures": [],
        "crs": "CRS84/WGS84 (lon,lat)",
        "coordinate_count": 12,
        "start": [
          121.447905,
          31.123203
        ],
        "end": [
          121.446046,
          31.146283
        ],
        "start_marker": [
          121.447905,
          31.123203
        ],
        "end_marker": [
          121.446046,
          31.146283
        ],
        "navigation_nodes": 2,
        "long_distance": false,
        "bbox": [
          121.446046,
          31.122608,
          121.452045,
          31.146283
        ],
        "geometry_provenance": "osm_highway_snapped",
        "road_snapping_ratio": 1.0,
        "road_snapping_provenance": "construction_guaranteed",
        "in_district_ratio": 1.0,
        "endpoint_offset_m": 2572.45,
        "circuity": 1.1824,
        "repeated_edge_count": 0,
        "proper_self_intersection_count": 0,
        "local_uturn_count": 0,
        "local_return_loop_count": 0,
        "park_relation": {
          "poi_id": 297060238,
          "name_zh": "华泾公园",
          "coord": [
            121.446874,
            31.123277
          ],
          "distance_m": 73.4,
          "relation": "along_route",
          "label": "公园入口",
          "provenance": "deterministic_computation"
        },
        "edge_count": 45,
        "anchor_origin": "area:huajing",
        "planned_kind": "one_way",
        "api_distance_error": null,
        "api_distance_provenance": "not_applicable_no_credentials"
      }
    },
    {
      "type": "Feature",
      "id": "XH_WALK_0017",
      "geometry": {
        "type": "LineString",
        "coordinates": [
          [
            121.458569,
            31.174601
          ],
          [
            121.458409,
            31.17531
          ],
          [
            121.458286,
            31.176664
          ],
          [
            121.457794,
            31.178195
          ],
          [
            121.458023,
            31.178592
          ],
          [
            121.457867,
            31.179267
          ],
          [
            121.457339,
            31.17942
          ],
          [
            121.458034,
            31.181068
          ],
          [
            121.457884,
            31.18112
          ],
          [
            121.458759,
            31.183135
          ],
          [
            121.458893,
            31.183253
          ],
          [
            121.455675,
            31.184865
          ],
          [
            121.45305,
            31.186815
          ],
          [
            121.452803,
            31.187073
          ],
          [
            121.452346,
            31.18777
          ],
          [
            121.451805,
            31.188982
          ],
          [
            121.450754,
            31.191962
          ],
          [
            121.450463,
            31.192558
          ],
          [
            121.449624,
            31.193585
          ],
          [
            121.446807,
            31.197996
          ]
        ]
      },
      "properties": {
        "route_id": "XH_WALK_0017",
        "name_zh": "徐汇滨江与西岸·中等距离单程路线17",
        "mode": "walk",
        "mode_label": "步行",
        "kind": "one_way",
        "kind_label": "单程路线",
        "band": 1,
        "band_label": "2–3.5 km",
        "band_label_zh": "中等距离",
        "actual_distance_m": 3126.1,
        "distance_m": 3126.1,
        "target_distance_m": 2750.0,
        "distance_error": 0.136756,
        "duration_min": 39.1,
        "speed_kmh": 4.8,
        "speed_provenance": "manual_setting",
        "area": "west_bund",
        "area_name_zh": "徐汇滨江与西岸",
        "area_name_en": "West Bund / Xuhui Riverside",
        "popular_area_ids": [
          "west_bund"
        ],
        "anchor_area_id": "west_bund",
        "status": "accepted",
        "failures": [],
        "crs": "CRS84/WGS84 (lon,lat)",
        "coordinate_count": 20,
        "start": [
          121.458569,
          31.174601
        ],
        "end": [
          121.446807,
          31.197996
        ],
        "start_marker": [
          121.458569,
          31.174601
        ],
        "end_marker": [
          121.446807,
          31.197996
        ],
        "navigation_nodes": 2,
        "long_distance": false,
        "bbox": [
          121.446807,
          31.174601,
          121.458893,
          31.197996
        ],
        "geometry_provenance": "osm_highway_snapped",
        "road_snapping_ratio": 1.0,
        "road_snapping_provenance": "construction_guaranteed",
        "in_district_ratio": 1.0,
        "endpoint_offset_m": 2831.8,
        "circuity": 1.1039,
        "repeated_edge_count": 0,
        "proper_self_intersection_count": 0,
        "local_uturn_count": 0,
        "local_return_loop_count": 0,
        "park_relation": {
          "poi_id": 694651541,
          "name_zh": "",
          "coord": [
            121.454898,
            31.185071
          ],
          "distance_m": 29.4,
          "relation": "along_route",
          "label": "公园入口",
          "provenance": "deterministic_computation"
        },
        "edge_count": 64,
        "anchor_origin": "area:west_bund",
        "planned_kind": "one_way",
        "api_distance_error": null,
        "api_distance_provenance": "not_applicable_no_credentials"
      }
    },
    {
      "type": "Feature",
      "id": "XH_WALK_0018",
      "geometry": {
        "type": "LineString",
        "coordinates": [
          [
            121.445549,
            31.175047
          ],
          [
            121.441842,
            31.175543
          ],
          [
            121.441219,
            31.17571
          ],
          [
            121.440509,
            31.176087
          ],
          [
            121.440071,
            31.176125
          ],
          [
            121.439779,
            31.176965
          ],
          [
            121.439318,
            31.177775
          ],
          [
            121.438427,
            31.178719
          ],
          [
            121.437557,
            31.17915
          ],
          [
            121.43535,
            31.179919
          ],
          [
            121.434653,
            31.180245
          ],
          [
            121.431137,
            31.182182
          ],
          [
            121.427424,
            31.183086
          ],
          [
            121.422985,
            31.183912
          ],
          [
            121.421802,
            31.184354
          ],
          [
            121.420719,
            31.185155
          ],
          [
            121.419826,
            31.186241
          ],
          [
            121.418535,
            31.188062
          ]
        ]
      },
      "properties": {
        "route_id": "XH_WALK_0018",
        "name_zh": "龙华·中等距离单程路线18",
        "mode": "walk",
        "mode_label": "步行",
        "kind": "one_way",
        "kind_label": "单程路线",
        "band": 1,
        "band_label": "2–3.5 km",
        "band_label_zh": "中等距离",
        "actual_distance_m": 3111.5,
        "distance_m": 3111.5,
        "target_distance_m": 2750.0,
        "distance_error": 0.13146,
        "duration_min": 38.9,
        "speed_kmh": 4.8,
        "speed_provenance": "manual_setting",
        "area": "longhua",
        "area_name_zh": "龙华",
        "area_name_en": "Longhua",
        "popular_area_ids": [
          "longhua"
        ],
        "anchor_area_id": "longhua",
        "status": "accepted",
        "failures": [],
        "crs": "CRS84/WGS84 (lon,lat)",
        "coordinate_count": 18,
        "start": [
          121.445549,
          31.175047
        ],
        "end": [
          121.418535,
          31.188062
        ],
        "start_marker": [
          121.445549,
          31.175047
        ],
        "end_marker": [
          121.418535,
          31.188062
        ],
        "navigation_nodes": 2,
        "long_distance": false,
        "bbox": [
          121.418535,
          31.175047,
          121.445549,
          31.188062
        ],
        "geometry_provenance": "osm_highway_snapped",
        "road_snapping_ratio": 1.0,
        "road_snapping_provenance": "construction_guaranteed",
        "in_district_ratio": 1.0,
        "endpoint_offset_m": 2949.31,
        "circuity": 1.055,
        "repeated_edge_count": 0,
        "proper_self_intersection_count": 0,
        "local_uturn_count": 0,
        "local_return_loop_count": 0,
        "park_relation": {
          "poi_id": 404719694,
          "name_zh": "上体篮球公园",
          "coord": [
            121.432284,
            31.182804
          ],
          "distance_m": 112.6,
          "relation": "nearby",
          "label": "邻近公园·约 110 米",
          "provenance": "deterministic_computation"
        },
        "edge_count": 62,
        "anchor_origin": "area:longhua",
        "planned_kind": "one_way",
        "api_distance_error": null,
        "api_distance_provenance": "not_applicable_no_credentials"
      }
    },
    {
      "type": "Feature",
      "id": "XH_WALK_0019",
      "geometry": {
        "type": "LineString",
        "coordinates": [
          [
            121.447875,
            31.200932
          ],
          [
            121.449327,
            31.201484
          ],
          [
            121.451248,
            31.197771
          ],
          [
            121.453244,
            31.193601
          ],
          [
            121.453579,
            31.1933
          ],
          [
            121.454212,
            31.193043
          ],
          [
            121.454458,
            31.19285
          ],
          [
            121.457162,
            31.187995
          ],
          [
            121.459672,
            31.185036
          ],
          [
            121.459678,
            31.1846
          ],
          [
            121.459051,
            31.183619
          ],
          [
            121.458893,
            31.183253
          ],
          [
            121.458998,
            31.183213
          ],
          [
            121.457349,
            31.179331
          ],
          [
            121.457142,
            31.178529
          ],
          [
            121.457135,
            31.177715
          ]
        ]
      },
      "properties": {
        "route_id": "XH_WALK_0019",
        "name_zh": "徐家汇·中等距离单程路线19",
        "mode": "walk",
        "mode_label": "步行",
        "kind": "one_way",
        "kind_label": "单程路线",
        "band": 1,
        "band_label": "2–3.5 km",
        "band_label_zh": "中等距离",
        "actual_distance_m": 3121.0,
        "distance_m": 3121.0,
        "target_distance_m": 2750.0,
        "distance_error": 0.134927,
        "duration_min": 39.0,
        "speed_kmh": 4.8,
        "speed_provenance": "manual_setting",
        "area": "xujiahui",
        "area_name_zh": "徐家汇",
        "area_name_en": "Xujiahui",
        "popular_area_ids": [
          "xujiahui"
        ],
        "anchor_area_id": "xujiahui",
        "status": "accepted",
        "failures": [],
        "crs": "CRS84/WGS84 (lon,lat)",
        "coordinate_count": 16,
        "start": [
          121.447875,
          31.200932
        ],
        "end": [
          121.457135,
          31.177715
        ],
        "start_marker": [
          121.447875,
          31.200932
        ],
        "end_marker": [
          121.457135,
          31.177715
        ],
        "navigation_nodes": 2,
        "long_distance": false,
        "bbox": [
          121.447875,
          31.177715,
          121.459678,
          31.201484
        ],
        "geometry_provenance": "osm_highway_snapped",
        "road_snapping_ratio": 1.0,
        "road_snapping_provenance": "construction_guaranteed",
        "in_district_ratio": 1.0,
        "endpoint_offset_m": 2727.78,
        "circuity": 1.1442,
        "repeated_edge_count": 0,
        "proper_self_intersection_count": 0,
        "local_uturn_count": 0,
        "local_return_loop_count": 0,
        "park_relation": {
          "poi_id": 298217019,
          "name_zh": "",
          "coord": [
            121.449715,
            31.199014
          ],
          "distance_m": 68.2,
          "relation": "along_route",
          "label": "公园入口",
          "provenance": "deterministic_computation"
        },
        "edge_count": 69,
        "anchor_origin": "area:xujiahui",
        "planned_kind": "one_way",
        "api_distance_error": null,
        "api_distance_provenance": "not_applicable_no_credentials"
      }
    },
    {
      "type": "Feature",
      "id": "XH_WALK_0020",
      "geometry": {
        "type": "LineString",
        "coordinates": [
          [
            121.450986,
            31.21183
          ],
          [
            121.449546,
            31.211411
          ],
          [
            121.450221,
            31.209142
          ],
          [
            121.44888,
            31.208236
          ],
          [
            121.448445,
            31.208055
          ],
          [
            121.447769,
            31.207903
          ],
          [
            121.443033,
            31.206045
          ],
          [
            121.441233,
            31.205435
          ],
          [
            121.438568,
            31.201915
          ],
          [
            121.43223,
            31.200152
          ],
          [
            121.430355,
            31.198965
          ],
          [
            121.429462,
            31.198096
          ],
          [
            121.429032,
            31.197353
          ],
          [
            121.428126,
            31.196676
          ],
          [
            121.427284,
            31.19622
          ]
        ]
      },
      "properties": {
        "route_id": "XH_WALK_0020",
        "name_zh": "衡复风貌区·中等距离单程路线20",
        "mode": "walk",
        "mode_label": "步行",
        "kind": "one_way",
        "kind_label": "单程路线",
        "band": 1,
        "band_label": "2–3.5 km",
        "band_label_zh": "中等距离",
        "actual_distance_m": 3111.6,
        "distance_m": 3111.6,
        "target_distance_m": 2750.0,
        "distance_error": 0.131498,
        "duration_min": 38.9,
        "speed_kmh": 4.8,
        "speed_provenance": "manual_setting",
        "area": "hengfu",
        "area_name_zh": "衡复风貌区",
        "area_name_en": "Hengfu Historical Area",
        "popular_area_ids": [
          "hengfu"
        ],
        "anchor_area_id": "hengfu",
        "status": "accepted",
        "failures": [],
        "crs": "CRS84/WGS84 (lon,lat)",
        "coordinate_count": 15,
        "start": [
          121.450986,
          31.21183
        ],
        "end": [
          121.427284,
          31.19622
        ],
        "start_marker": [
          121.450986,
          31.21183
        ],
        "end_marker": [
          121.427284,
          31.19622
        ],
        "navigation_nodes": 2,
        "long_distance": false,
        "bbox": [
          121.427284,
          31.19622,
          121.450986,
          31.21183
        ],
        "geometry_provenance": "osm_highway_snapped",
        "road_snapping_ratio": 1.0,
        "road_snapping_provenance": "construction_guaranteed",
        "in_district_ratio": 1.0,
        "endpoint_offset_m": 2845.06,
        "circuity": 1.0937,
        "repeated_edge_count": 0,
        "proper_self_intersection_count": 0,
        "local_uturn_count": 0,
        "local_return_loop_count": 0,
        "park_relation": {
          "poi_id": 1274376623,
          "name_zh": "",
          "coord": [
            121.447081,
            31.208196
          ],
          "distance_m": 55.6,
          "relation": "along_route",
          "label": "公园入口",
          "provenance": "deterministic_computation"
        },
        "edge_count": 47,
        "anchor_origin": "area:hengfu",
        "planned_kind": "one_way",
        "api_distance_error": null,
        "api_distance_provenance": "not_applicable_no_credentials"
      }
    },
    {
      "type": "Feature",
      "id": "XH_WALK_0021",
      "geometry": {
        "type": "LineString",
        "coordinates": [
          [
            121.445549,
            31.175047
          ],
          [
            121.446349,
            31.174474
          ],
          [
            121.448887,
            31.172147
          ],
          [
            121.449308,
            31.171957
          ],
          [
            121.449207,
            31.171106
          ],
          [
            121.449306,
            31.170631
          ],
          [
            121.44859,
            31.170035
          ],
          [
            121.446747,
            31.168883
          ],
          [
            121.44653,
            31.168464
          ],
          [
            121.446699,
            31.167673
          ],
          [
            121.44862,
            31.164801
          ],
          [
            121.448964,
            31.164078
          ],
          [
            121.4473,
            31.163501
          ],
          [
            121.445926,
            31.1632
          ],
          [
            121.446534,
            31.162158
          ],
          [
            121.446749,
            31.161012
          ],
          [
            121.444819,
            31.160526
          ],
          [
            121.443476,
            31.16304
          ],
          [
            121.442436,
            31.164767
          ],
          [
            121.441155,
            31.167303
          ],
          [
            121.4409,
            31.168339
          ],
          [
            121.440746,
            31.169815
          ],
          [
            121.440318,
            31.172263
          ],
          [
            121.440477,
            31.172315
          ],
          [
            121.440467,
            31.172579
          ],
          [
            121.441966,
            31.172969
          ],
          [
            121.442044,
            31.173206
          ],
          [
            121.444183,
            31.175024
          ],
          [
            121.44421,
            31.175244
          ],
          [
            121.445549,
            31.175047
          ]
        ]
      },
      "properties": {
        "route_id": "XH_WALK_0021",
        "name_zh": "龙华·长距健行闭环路线21",
        "mode": "walk",
        "mode_label": "步行",
        "kind": "strict_loop",
        "kind_label": "闭环路线",
        "band": 2,
        "band_label": "3.5–5 km",
        "band_label_zh": "长距健行",
        "actual_distance_m": 4361.5,
        "distance_m": 4361.5,
        "target_distance_m": 4250.0,
        "distance_error": 0.026241,
        "duration_min": 54.5,
        "speed_kmh": 4.8,
        "speed_provenance": "manual_setting",
        "area": "longhua",
        "area_name_zh": "龙华",
        "area_name_en": "Longhua",
        "popular_area_ids": [
          "longhua"
        ],
        "anchor_area_id": "shanghai_botanical_garden",
        "status": "accepted",
        "failures": [],
        "crs": "CRS84/WGS84 (lon,lat)",
        "coordinate_count": 30,
        "start": [
          121.445549,
          31.175047
        ],
        "end": [
          121.445549,
          31.175047
        ],
        "start_marker": [
          121.445549,
          31.175047
        ],
        "end_marker": [
          121.445549,
          31.175047
        ],
        "navigation_nodes": 2,
        "long_distance": false,
        "bbox": [
          121.440318,
          31.160526,
          121.449308,
          31.175244
        ],
        "geometry_provenance": "osm_highway_snapped",
        "road_snapping_ratio": 1.0,
        "road_snapping_provenance": "construction_guaranteed",
        "in_district_ratio": 1.0,
        "endpoint_offset_m": 0.0,
        "circuity": 1.0,
        "repeated_edge_count": 0,
        "proper_self_intersection_count": 0,
        "local_uturn_count": 0,
        "local_return_loop_count": 0,
        "park_relation": null,
        "edge_count": 119,
        "anchor_origin": "area:longhua",
        "planned_kind": "strict_loop",
        "api_distance_error": null,
        "api_distance_provenance": "not_applicable_no_credentials"
      }
    },
    {
      "type": "Feature",
      "id": "XH_WALK_0022",
      "geometry": {
        "type": "LineString",
        "coordinates": [
          [
            121.452293,
            31.21961
          ],
          [
            121.452355,
            31.219213
          ],
          [
            121.452332,
            31.21908
          ],
          [
            121.452152,
            31.21892
          ],
          [
            121.452278,
            31.218806
          ],
          [
            121.452057,
            31.218006
          ],
          [
            121.452198,
            31.21768
          ],
          [
            121.451423,
            31.217358
          ],
          [
            121.45079,
            31.2156
          ],
          [
            121.44932,
            31.212234
          ],
          [
            121.451732,
            31.203699
          ],
          [
            121.448758,
            31.202579
          ],
          [
            121.447769,
            31.207903
          ],
          [
            121.447187,
            31.210359
          ],
          [
            121.446866,
            31.210839
          ],
          [
            121.445485,
            31.211356
          ],
          [
            121.44546,
            31.212507
          ],
          [
            121.445017,
            31.214453
          ],
          [
            121.445501,
            31.21485
          ],
          [
            121.446401,
            31.21523
          ],
          [
            121.445626,
            31.216687
          ],
          [
            121.447153,
            31.217224
          ],
          [
            121.447564,
            31.217541
          ],
          [
            121.44786,
            31.218173
          ],
          [
            121.447827,
            31.218701
          ],
          [
            121.448226,
            31.218636
          ],
          [
            121.451278,
            31.219645
          ],
          [
            121.451355,
            31.219492
          ],
          [
            121.451626,
            31.219402
          ],
          [
            121.45198,
            31.219616
          ],
          [
            121.452153,
            31.219658
          ],
          [
            121.452293,
            31.21961
          ]
        ]
      },
      "properties": {
        "route_id": "XH_WALK_0022",
        "name_zh": "衡复风貌区·长距健行闭环路线22",
        "mode": "walk",
        "mode_label": "步行",
        "kind": "strict_loop",
        "kind_label": "闭环路线",
        "band": 2,
        "band_label": "3.5–5 km",
        "band_label_zh": "长距健行",
        "actual_distance_m": 4784.5,
        "distance_m": 4784.5,
        "target_distance_m": 4250.0,
        "distance_error": 0.125772,
        "duration_min": 59.8,
        "speed_kmh": 4.8,
        "speed_provenance": "manual_setting",
        "area": "hengfu",
        "area_name_zh": "衡复风貌区",
        "area_name_en": "Hengfu Historical Area",
        "popular_area_ids": [
          "hengfu"
        ],
        "anchor_area_id": "kangjian",
        "status": "accepted",
        "failures": [],
        "crs": "CRS84/WGS84 (lon,lat)",
        "coordinate_count": 32,
        "start": [
          121.452293,
          31.21961
        ],
        "end": [
          121.452293,
          31.21961
        ],
        "start_marker": [
          121.452293,
          31.21961
        ],
        "end_marker": [
          121.452293,
          31.21961
        ],
        "navigation_nodes": 2,
        "long_distance": false,
        "bbox": [
          121.445017,
          31.202579,
          121.452355,
          31.219658
        ],
        "geometry_provenance": "osm_highway_snapped",
        "road_snapping_ratio": 1.0,
        "road_snapping_provenance": "construction_guaranteed",
        "in_district_ratio": 1.0,
        "endpoint_offset_m": 0.0,
        "circuity": 1.0,
        "repeated_edge_count": 0,
        "proper_self_intersection_count": 0,
        "local_uturn_count": 0,
        "local_return_loop_count": 0,
        "park_relation": {
          "poi_id": 72233364,
          "name_zh": "襄阳公园",
          "coord": [
            121.451994,
            31.218879
          ],
          "distance_m": 13.6,
          "relation": "along_route",
          "label": "公园入口",
          "provenance": "deterministic_computation"
        },
        "edge_count": 116,
        "anchor_origin": "spread",
        "planned_kind": "strict_loop",
        "api_distance_error": null,
        "api_distance_provenance": "not_applicable_no_credentials"
      }
    },
    {
      "type": "Feature",
      "id": "XH_WALK_0023",
      "geometry": {
        "type": "LineString",
        "coordinates": [
          [
            121.394192,
            31.162759
          ],
          [
            121.398914,
            31.16459
          ],
          [
            121.40055,
            31.165022
          ],
          [
            121.399859,
            31.166904
          ],
          [
            121.396307,
            31.179399
          ],
          [
            121.39185,
            31.178128
          ],
          [
            121.393455,
            31.172635
          ],
          [
            121.389788,
            31.171509
          ],
          [
            121.391306,
            31.167683
          ],
          [
            121.394192,
            31.162759
          ]
        ]
      },
      "properties": {
        "route_id": "XH_WALK_0023",
        "name_zh": "漕河泾·长距健行闭环路线23",
        "mode": "walk",
        "mode_label": "步行",
        "kind": "strict_loop",
        "kind_label": "闭环路线",
        "band": 2,
        "band_label": "3.5–5 km",
        "band_label_zh": "长距健行",
        "actual_distance_m": 4814.4,
        "distance_m": 4814.4,
        "target_distance_m": 4250.0,
        "distance_error": 0.132796,
        "duration_min": 60.2,
        "speed_kmh": 4.8,
        "speed_provenance": "manual_setting",
        "area": "caohejing",
        "area_name_zh": "漕河泾",
        "area_name_en": "Caohejing",
        "popular_area_ids": [
          "caohejing"
        ],
        "anchor_area_id": "caohejing",
        "status": "accepted",
        "failures": [],
        "crs": "CRS84/WGS84 (lon,lat)",
        "coordinate_count": 10,
        "start": [
          121.394192,
          31.162759
        ],
        "end": [
          121.394192,
          31.162759
        ],
        "start_marker": [
          121.394192,
          31.162759
        ],
        "end_marker": [
          121.394192,
          31.162759
        ],
        "navigation_nodes": 2,
        "long_distance": false,
        "bbox": [
          121.389788,
          31.162759,
          121.40055,
          31.179399
        ],
        "geometry_provenance": "osm_highway_snapped",
        "road_snapping_ratio": 1.0,
        "road_snapping_provenance": "construction_guaranteed",
        "in_district_ratio": 1.0,
        "endpoint_offset_m": 0.0,
        "circuity": 1.0,
        "repeated_edge_count": 0,
        "proper_self_intersection_count": 0,
        "local_uturn_count": 0,
        "local_return_loop_count": 0,
        "park_relation": {
          "poi_id": 868440442,
          "name_zh": "",
          "coord": [
            121.394517,
            31.173506
          ],
          "distance_m": 105.2,
          "relation": "nearby",
          "label": "邻近公园·约 110 米",
          "provenance": "deterministic_computation"
        },
        "edge_count": 59,
        "anchor_origin": "spread",
        "planned_kind": "strict_loop",
        "api_distance_error": null,
        "api_distance_provenance": "not_applicable_no_credentials"
      }
    },
    {
      "type": "Feature",
      "id": "XH_WALK_0024",
      "geometry": {
        "type": "LineString",
        "coordinates": [
          [
            121.394192,
            31.162759
          ],
          [
            121.399233,
            31.164703
          ],
          [
            121.40055,
            31.165022
          ],
          [
            121.401286,
            31.165077
          ],
          [
            121.40264,
            31.165322
          ],
          [
            121.401985,
            31.169154
          ],
          [
            121.400205,
            31.177389
          ],
          [
            121.398605,
            31.177095
          ],
          [
            121.39946,
            31.173846
          ],
          [
            121.397874,
            31.173511
          ],
          [
            121.397897,
            31.173405
          ],
          [
            121.393005,
            31.172433
          ],
          [
            121.393741,
            31.170732
          ],
          [
            121.394814,
            31.168983
          ],
          [
            121.394728,
            31.16885
          ],
          [
            121.394099,
            31.168676
          ],
          [
            121.394203,
            31.168478
          ],
          [
            121.39342,
            31.168213
          ],
          [
            121.393465,
            31.168036
          ],
          [
            121.393819,
            31.167389
          ],
          [
            121.394741,
            31.166696
          ],
          [
            121.395307,
            31.165057
          ],
          [
            121.393335,
            31.164235
          ],
          [
            121.394192,
            31.162759
          ]
        ]
      },
      "properties": {
        "route_id": "XH_WALK_0024",
        "name_zh": "漕河泾·长距健行闭环路线24",
        "mode": "walk",
        "mode_label": "步行",
        "kind": "strict_loop",
        "kind_label": "闭环路线",
        "band": 2,
        "band_label": "3.5–5 km",
        "band_label_zh": "长距健行",
        "actual_distance_m": 4795.5,
        "distance_m": 4795.5,
        "target_distance_m": 4250.0,
        "distance_error": 0.128347,
        "duration_min": 59.9,
        "speed_kmh": 4.8,
        "speed_provenance": "manual_setting",
        "area": "caohejing",
        "area_name_zh": "漕河泾",
        "area_name_en": "Caohejing",
        "popular_area_ids": [
          "caohejing"
        ],
        "anchor_area_id": "huajing",
        "status": "accepted",
        "failures": [],
        "crs": "CRS84/WGS84 (lon,lat)",
        "coordinate_count": 24,
        "start": [
          121.394192,
          31.162759
        ],
        "end": [
          121.394192,
          31.162759
        ],
        "start_marker": [
          121.394192,
          31.162759
        ],
        "end_marker": [
          121.394192,
          31.162759
        ],
        "navigation_nodes": 2,
        "long_distance": false,
        "bbox": [
          121.393005,
          31.162759,
          121.40264,
          31.177389
        ],
        "geometry_provenance": "osm_highway_snapped",
        "road_snapping_ratio": 1.0,
        "road_snapping_provenance": "construction_guaranteed",
        "in_district_ratio": 1.0,
        "endpoint_offset_m": 0.0,
        "circuity": 1.0,
        "repeated_edge_count": 0,
        "proper_self_intersection_count": 0,
        "local_uturn_count": 0,
        "local_return_loop_count": 0,
        "park_relation": {
          "poi_id": 868440442,
          "name_zh": "",
          "coord": [
            121.394517,
            31.173506
          ],
          "distance_m": 83.2,
          "relation": "along_route",
          "label": "公园入口",
          "provenance": "deterministic_computation"
        },
        "edge_count": 70,
        "anchor_origin": "spread",
        "planned_kind": "strict_loop",
        "api_distance_error": null,
        "api_distance_provenance": "not_applicable_no_credentials"
      }
    },
    {
      "type": "Feature",
      "id": "XH_WALK_0025",
      "geometry": {
        "type": "LineString",
        "coordinates": [
          [
            121.418144,
            31.195249
          ],
          [
            121.418423,
            31.194751
          ],
          [
            121.420052,
            31.192598
          ],
          [
            121.421544,
            31.190411
          ],
          [
            121.423708,
            31.187715
          ],
          [
            121.423558,
            31.187341
          ],
          [
            121.424334,
            31.186454
          ],
          [
            121.428068,
            31.183104
          ],
          [
            121.427832,
            31.182562
          ],
          [
            121.429344,
            31.181293
          ],
          [
            121.430434,
            31.180528
          ],
          [
            121.430936,
            31.17998
          ],
          [
            121.431044,
            31.180174
          ],
          [
            121.431219,
            31.181251
          ],
          [
            121.432042,
            31.187751
          ],
          [
            121.429529,
            31.188693
          ],
          [
            121.42742,
            31.189246
          ],
          [
            121.427899,
            31.191309
          ],
          [
            121.425839,
            31.191838
          ],
          [
            121.423984,
            31.192828
          ],
          [
            121.422831,
            31.193742
          ],
          [
            121.422234,
            31.194073
          ],
          [
            121.421299,
            31.194303
          ],
          [
            121.419076,
            31.195227
          ],
          [
            121.418547,
            31.195296
          ],
          [
            121.418144,
            31.195249
          ]
        ]
      },
      "properties": {
        "route_id": "XH_WALK_0025",
        "name_zh": "徐家汇·长距健行闭环路线25",
        "mode": "walk",
        "mode_label": "步行",
        "kind": "strict_loop",
        "kind_label": "闭环路线",
        "band": 2,
        "band_label": "3.5–5 km",
        "band_label_zh": "长距健行",
        "actual_distance_m": 4774.6,
        "distance_m": 4774.6,
        "target_distance_m": 4250.0,
        "distance_error": 0.123424,
        "duration_min": 59.7,
        "speed_kmh": 4.8,
        "speed_provenance": "manual_setting",
        "area": "xujiahui",
        "area_name_zh": "徐家汇",
        "area_name_en": "Xujiahui",
        "popular_area_ids": [
          "xujiahui"
        ],
        "anchor_area_id": "west_bund",
        "status": "accepted",
        "failures": [],
        "crs": "CRS84/WGS84 (lon,lat)",
        "coordinate_count": 26,
        "start": [
          121.418144,
          31.195249
        ],
        "end": [
          121.418144,
          31.195249
        ],
        "start_marker": [
          121.418144,
          31.195249
        ],
        "end_marker": [
          121.418144,
          31.195249
        ],
        "navigation_nodes": 2,
        "long_distance": false,
        "bbox": [
          121.418144,
          31.17998,
          121.432042,
          31.195296
        ],
        "geometry_provenance": "osm_highway_snapped",
        "road_snapping_ratio": 1.0,
        "road_snapping_provenance": "construction_guaranteed",
        "in_district_ratio": 1.0,
        "endpoint_offset_m": 0.0,
        "circuity": 1.0,
        "repeated_edge_count": 0,
        "proper_self_intersection_count": 0,
        "local_uturn_count": 0,
        "local_return_loop_count": 0,
        "park_relation": {
          "poi_id": 899417942,
          "name_zh": "",
          "coord": [
            121.432268,
            31.186473
          ],
          "distance_m": 31.5,
          "relation": "along_route",
          "label": "公园入口",
          "provenance": "deterministic_computation"
        },
        "edge_count": 92,
        "anchor_origin": "spread",
        "planned_kind": "strict_loop",
        "api_distance_error": null,
        "api_distance_provenance": "not_applicable_no_credentials"
      }
    },
    {
      "type": "Feature",
      "id": "XH_WALK_0026",
      "geometry": {
        "type": "LineString",
        "coordinates": [
          [
            121.445549,
            31.175047
          ],
          [
            121.44421,
            31.175244
          ],
          [
            121.441833,
            31.178111
          ],
          [
            121.440655,
            31.179868
          ],
          [
            121.439959,
            31.183277
          ],
          [
            121.437394,
            31.189992
          ],
          [
            121.437651,
            31.192923
          ],
          [
            121.437608,
            31.193336
          ],
          [
            121.437337,
            31.193962
          ],
          [
            121.435823,
            31.196598
          ],
          [
            121.436788,
            31.1972
          ],
          [
            121.436453,
            31.197579
          ],
          [
            121.435577,
            31.198086
          ],
          [
            121.434119,
            31.199709
          ],
          [
            121.433814,
            31.200121
          ],
          [
            121.43302,
            31.2018
          ],
          [
            121.432973,
            31.202203
          ],
          [
            121.433268,
            31.205829
          ],
          [
            121.43381,
            31.206818
          ],
          [
            121.435333,
            31.209075
          ],
          [
            121.435487,
            31.209474
          ],
          [
            121.43646,
            31.212819
          ],
          [
            121.436277,
            31.213727
          ]
        ]
      },
      "properties": {
        "route_id": "XH_WALK_0026",
        "name_zh": "龙华·长距健行单程路线26",
        "mode": "walk",
        "mode_label": "步行",
        "kind": "one_way",
        "kind_label": "单程路线",
        "band": 2,
        "band_label": "3.5–5 km",
        "band_label_zh": "长距健行",
        "actual_distance_m": 4832.6,
        "distance_m": 4832.6,
        "target_distance_m": 4250.0,
        "distance_error": 0.137072,
        "duration_min": 60.4,
        "speed_kmh": 4.8,
        "speed_provenance": "manual_setting",
        "area": "longhua",
        "area_name_zh": "龙华",
        "area_name_en": "Longhua",
        "popular_area_ids": [
          "longhua"
        ],
        "anchor_area_id": "longhua",
        "status": "accepted",
        "failures": [],
        "crs": "CRS84/WGS84 (lon,lat)",
        "coordinate_count": 23,
        "start": [
          121.445549,
          31.175047
        ],
        "end": [
          121.436277,
          31.213727
        ],
        "start_marker": [
          121.445549,
          31.175047
        ],
        "end_marker": [
          121.436277,
          31.213727
        ],
        "navigation_nodes": 2,
        "long_distance": false,
        "bbox": [
          121.432973,
          31.175047,
          121.445549,
          31.213727
        ],
        "geometry_provenance": "osm_highway_snapped",
        "road_snapping_ratio": 1.0,
        "road_snapping_provenance": "construction_guaranteed",
        "in_district_ratio": 1.0,
        "endpoint_offset_m": 4390.56,
        "circuity": 1.1007,
        "repeated_edge_count": 0,
        "proper_self_intersection_count": 0,
        "local_uturn_count": 0,
        "local_return_loop_count": 0,
        "park_relation": {
          "poi_id": 298772311,
          "name_zh": "",
          "coord": [
            121.436604,
            31.190716
          ],
          "distance_m": 69.4,
          "relation": "along_route",
          "label": "公园入口",
          "provenance": "deterministic_computation"
        },
        "edge_count": 98,
        "anchor_origin": "area:longhua",
        "planned_kind": "one_way",
        "api_distance_error": null,
        "api_distance_provenance": "not_applicable_no_credentials"
      }
    },
    {
      "type": "Feature",
      "id": "XH_WALK_0027",
      "geometry": {
        "type": "LineString",
        "coordinates": [
          [
            121.445549,
            31.175047
          ],
          [
            121.44421,
            31.175244
          ],
          [
            121.444183,
            31.175024
          ],
          [
            121.442044,
            31.173206
          ],
          [
            121.441947,
            31.17304
          ],
          [
            121.432271,
            31.170542
          ],
          [
            121.43046,
            31.170329
          ],
          [
            121.428068,
            31.170269
          ],
          [
            121.424275,
            31.170033
          ],
          [
            121.413985,
            31.168763
          ],
          [
            121.413948,
            31.168664
          ],
          [
            121.413495,
            31.168507
          ],
          [
            121.409874,
            31.166678
          ],
          [
            121.40834,
            31.166305
          ],
          [
            121.400616,
            31.164873
          ]
        ]
      },
      "properties": {
        "route_id": "XH_WALK_0027",
        "name_zh": "龙华·长距健行单程路线27",
        "mode": "walk",
        "mode_label": "步行",
        "kind": "one_way",
        "kind_label": "单程路线",
        "band": 2,
        "band_label": "3.5–5 km",
        "band_label_zh": "长距健行",
        "actual_distance_m": 4537.3,
        "distance_m": 4537.3,
        "target_distance_m": 4250.0,
        "distance_error": 0.067589,
        "duration_min": 56.7,
        "speed_kmh": 4.8,
        "speed_provenance": "manual_setting",
        "area": "longhua",
        "area_name_zh": "龙华",
        "area_name_en": "Longhua",
        "popular_area_ids": [
          "longhua"
        ],
        "anchor_area_id": "xujiahui",
        "status": "accepted",
        "failures": [],
        "crs": "CRS84/WGS84 (lon,lat)",
        "coordinate_count": 15,
        "start": [
          121.445549,
          31.175047
        ],
        "end": [
          121.400616,
          31.164873
        ],
        "start_marker": [
          121.445549,
          31.175047
        ],
        "end_marker": [
          121.400616,
          31.164873
        ],
        "navigation_nodes": 2,
        "long_distance": false,
        "bbox": [
          121.400616,
          31.164873,
          121.445549,
          31.175244
        ],
        "geometry_provenance": "osm_highway_snapped",
        "road_snapping_ratio": 1.0,
        "road_snapping_provenance": "construction_guaranteed",
        "in_district_ratio": 1.0,
        "endpoint_offset_m": 4422.1,
        "circuity": 1.026,
        "repeated_edge_count": 0,
        "proper_self_intersection_count": 0,
        "local_uturn_count": 0,
        "local_return_loop_count": 0,
        "park_relation": {
          "poi_id": 202758815,
          "name_zh": "桂林公园",
          "coord": [
            121.413544,
            31.167467
          ],
          "distance_m": 98.5,
          "relation": "along_route",
          "label": "公园入口",
          "provenance": "deterministic_computation"
        },
        "edge_count": 68,
        "anchor_origin": "area:longhua",
        "planned_kind": "one_way",
        "api_distance_error": null,
        "api_distance_provenance": "not_applicable_no_credentials"
      }
    },
    {
      "type": "Feature",
      "id": "XH_WALK_0028",
      "geometry": {
        "type": "LineString",
        "coordinates": [
          [
            121.450986,
            31.21183
          ],
          [
            121.449546,
            31.211411
          ],
          [
            121.450221,
            31.209142
          ],
          [
            121.44888,
            31.208236
          ],
          [
            121.448445,
            31.208055
          ],
          [
            121.447769,
            31.207903
          ],
          [
            121.443033,
            31.206045
          ],
          [
            121.441233,
            31.205435
          ],
          [
            121.434537,
            31.196568
          ],
          [
            121.433615,
            31.193628
          ],
          [
            121.432483,
            31.189504
          ],
          [
            121.432405,
            31.188098
          ],
          [
            121.431875,
            31.184401
          ],
          [
            121.43167,
            31.18178
          ],
          [
            121.430819,
            31.176334
          ]
        ]
      },
      "properties": {
        "route_id": "XH_WALK_0028",
        "name_zh": "衡复风貌区·长距健行单程路线28",
        "mode": "walk",
        "mode_label": "步行",
        "kind": "one_way",
        "kind_label": "单程路线",
        "band": 2,
        "band_label": "3.5–5 km",
        "band_label_zh": "长距健行",
        "actual_distance_m": 4816.6,
        "distance_m": 4816.6,
        "target_distance_m": 4250.0,
        "distance_error": 0.133309,
        "duration_min": 60.2,
        "speed_kmh": 4.8,
        "speed_provenance": "manual_setting",
        "area": "hengfu",
        "area_name_zh": "衡复风貌区",
        "area_name_en": "Hengfu Historical Area",
        "popular_area_ids": [
          "hengfu"
        ],
        "anchor_area_id": "hengfu",
        "status": "accepted",
        "failures": [],
        "crs": "CRS84/WGS84 (lon,lat)",
        "coordinate_count": 15,
        "start": [
          121.450986,
          31.21183
        ],
        "end": [
          121.430819,
          31.176334
        ],
        "start_marker": [
          121.450986,
          31.21183
        ],
        "end_marker": [
          121.430819,
          31.176334
        ],
        "navigation_nodes": 2,
        "long_distance": false,
        "bbox": [
          121.430819,
          31.176334,
          121.450986,
          31.21183
        ],
        "geometry_provenance": "osm_highway_snapped",
        "road_snapping_ratio": 1.0,
        "road_snapping_provenance": "construction_guaranteed",
        "in_district_ratio": 1.0,
        "endpoint_offset_m": 4388.42,
        "circuity": 1.0976,
        "repeated_edge_count": 0,
        "proper_self_intersection_count": 0,
        "local_uturn_count": 0,
        "local_return_loop_count": 0,
        "park_relation": {
          "poi_id": 899417942,
          "name_zh": "",
          "coord": [
            121.432268,
            31.186473
          ],
          "distance_m": 7.8,
          "relation": "along_route",
          "label": "公园入口",
          "provenance": "deterministic_computation"
        },
        "edge_count": 69,
        "anchor_origin": "area:hengfu",
        "planned_kind": "one_way",
        "api_distance_error": null,
        "api_distance_provenance": "not_applicable_no_credentials"
      }
    },
    {
      "type": "Feature",
      "id": "XH_WALK_0029",
      "geometry": {
        "type": "LineString",
        "coordinates": [
          [
            121.443445,
            31.150653
          ],
          [
            121.443421,
            31.150176
          ],
          [
            121.443797,
            31.149873
          ],
          [
            121.443746,
            31.149804
          ],
          [
            121.441669,
            31.149672
          ],
          [
            121.441881,
            31.148152
          ],
          [
            121.441676,
            31.14814
          ],
          [
            121.441581,
            31.148052
          ],
          [
            121.441229,
            31.147363
          ],
          [
            121.440929,
            31.147035
          ],
          [
            121.44046,
            31.146987
          ],
          [
            121.439926,
            31.146736
          ],
          [
            121.439765,
            31.146587
          ],
          [
            121.438319,
            31.146299
          ],
          [
            121.436202,
            31.145585
          ],
          [
            121.435944,
            31.145152
          ],
          [
            121.435435,
            31.144939
          ],
          [
            121.435091,
            31.144923
          ],
          [
            121.434949,
            31.144747
          ],
          [
            121.434961,
            31.144386
          ],
          [
            121.434086,
            31.144295
          ],
          [
            121.434117,
            31.144165
          ],
          [
            121.434003,
            31.144155
          ],
          [
            121.436006,
            31.140362
          ],
          [
            121.437287,
            31.140812
          ],
          [
            121.439299,
            31.135004
          ],
          [
            121.439174,
            31.134072
          ],
          [
            121.438922,
            31.133256
          ],
          [
            121.439267,
            31.132045
          ],
          [
            121.44013,
            31.129953
          ],
          [
            121.442728,
            31.125363
          ],
          [
            121.444723,
            31.121287
          ],
          [
            121.445484,
            31.117259
          ]
        ]
      },
      "properties": {
        "route_id": "XH_WALK_0029",
        "name_zh": "上海植物园·长距健行单程路线29",
        "mode": "walk",
        "mode_label": "步行",
        "kind": "one_way",
        "kind_label": "单程路线",
        "band": 2,
        "band_label": "3.5–5 km",
        "band_label_zh": "长距健行",
        "actual_distance_m": 4803.8,
        "distance_m": 4803.8,
        "target_distance_m": 4250.0,
        "distance_error": 0.130312,
        "duration_min": 60.0,
        "speed_kmh": 4.8,
        "speed_provenance": "manual_setting",
        "area": "shanghai_botanical_garden",
        "area_name_zh": "上海植物园",
        "area_name_en": "Shanghai Botanical Garden",
        "popular_area_ids": [
          "shanghai_botanical_garden"
        ],
        "anchor_area_id": "shanghai_botanical_garden",
        "status": "accepted",
        "failures": [],
        "crs": "CRS84/WGS84 (lon,lat)",
        "coordinate_count": 33,
        "start": [
          121.443445,
          31.150653
        ],
        "end": [
          121.445484,
          31.117259
        ],
        "start_marker": [
          121.443445,
          31.150653
        ],
        "end_marker": [
          121.445484,
          31.117259
        ],
        "navigation_nodes": 2,
        "long_distance": false,
        "bbox": [
          121.434003,
          31.117259,
          121.445484,
          31.150653
        ],
        "geometry_provenance": "osm_highway_snapped",
        "road_snapping_ratio": 1.0,
        "road_snapping_provenance": "construction_guaranteed",
        "in_district_ratio": 1.0,
        "endpoint_offset_m": 3718.27,
        "circuity": 1.292,
        "repeated_edge_count": 0,
        "proper_self_intersection_count": 0,
        "local_uturn_count": 0,
        "local_return_loop_count": 0,
        "park_relation": {
          "poi_id": 407156605,
          "name_zh": "",
          "coord": [
            121.441112,
            31.147612
          ],
          "distance_m": 18.8,
          "relation": "along_route",
          "label": "公园入口",
          "provenance": "deterministic_computation"
        },
        "edge_count": 120,
        "anchor_origin": "area:shanghai_botanical_garden",
        "planned_kind": "one_way",
        "api_distance_error": null,
        "api_distance_provenance": "not_applicable_no_credentials"
      }
    },
    {
      "type": "Feature",
      "id": "XH_WALK_0030",
      "geometry": {
        "type": "LineString",
        "coordinates": [
          [
            121.412115,
            31.156427
          ],
          [
            121.412103,
            31.156867
          ],
          [
            121.412227,
            31.157174
          ],
          [
            121.412558,
            31.157511
          ],
          [
            121.41287,
            31.157677
          ],
          [
            121.419302,
            31.159706
          ],
          [
            121.420116,
            31.159606
          ],
          [
            121.42061,
            31.159333
          ],
          [
            121.420845,
            31.15909
          ],
          [
            121.422872,
            31.160645
          ],
          [
            121.428841,
            31.155774
          ],
          [
            121.429531,
            31.15539
          ],
          [
            121.430341,
            31.155113
          ],
          [
            121.431556,
            31.156216
          ],
          [
            121.432472,
            31.156783
          ],
          [
            121.437148,
            31.158572
          ],
          [
            121.440883,
            31.159705
          ],
          [
            121.445851,
            31.160922
          ],
          [
            121.447654,
            31.161316
          ],
          [
            121.449362,
            31.161473
          ],
          [
            121.450151,
            31.161665
          ],
          [
            121.45069,
            31.161867
          ],
          [
            121.451209,
            31.162212
          ],
          [
            121.45224,
            31.162689
          ],
          [
            121.455554,
            31.164082
          ]
        ]
      },
      "properties": {
        "route_id": "XH_WALK_0030",
        "name_zh": "康健园·长距健行单程路线30",
        "mode": "walk",
        "mode_label": "步行",
        "kind": "one_way",
        "kind_label": "单程路线",
        "band": 2,
        "band_label": "3.5–5 km",
        "band_label_zh": "长距健行",
        "actual_distance_m": 4827.8,
        "distance_m": 4827.8,
        "target_distance_m": 4250.0,
        "distance_error": 0.135957,
        "duration_min": 60.3,
        "speed_kmh": 4.8,
        "speed_provenance": "manual_setting",
        "area": "kangjian",
        "area_name_zh": "康健园",
        "area_name_en": "Kangjian",
        "popular_area_ids": [
          "kangjian"
        ],
        "anchor_area_id": "kangjian",
        "status": "accepted",
        "failures": [],
        "crs": "CRS84/WGS84 (lon,lat)",
        "coordinate_count": 25,
        "start": [
          121.412115,
          31.156427
        ],
        "end": [
          121.455554,
          31.164082
        ],
        "start_marker": [
          121.412115,
          31.156427
        ],
        "end_marker": [
          121.455554,
          31.164082
        ],
        "navigation_nodes": 2,
        "long_distance": false,
        "bbox": [
          121.412103,
          31.155113,
          121.455554,
          31.164082
        ],
        "geometry_provenance": "osm_highway_snapped",
        "road_snapping_ratio": 1.0,
        "road_snapping_provenance": "construction_guaranteed",
        "in_district_ratio": 1.0,
        "endpoint_offset_m": 4220.01,
        "circuity": 1.144,
        "repeated_edge_count": 0,
        "proper_self_intersection_count": 0,
        "local_uturn_count": 0,
        "local_return_loop_count": 0,
        "park_relation": null,
        "edge_count": 108,
        "anchor_origin": "area:kangjian",
        "planned_kind": "one_way",
        "api_distance_error": null,
        "api_distance_provenance": "not_applicable_no_credentials"
      }
    },
    {
      "type": "Feature",
      "id": "XH_RUN_0031",
      "geometry": {
        "type": "LineString",
        "coordinates": [
          [
            121.445549,
            31.175047
          ],
          [
            121.445957,
            31.174805
          ],
          [
            121.446637,
            31.174218
          ],
          [
            121.447212,
            31.174424
          ],
          [
            121.447939,
            31.174952
          ],
          [
            121.448268,
            31.175318
          ],
          [
            121.448349,
            31.175586
          ],
          [
            121.450526,
            31.175556
          ],
          [
            121.451366,
            31.177362
          ],
          [
            121.452302,
            31.178261
          ],
          [
            121.452104,
            31.179341
          ],
          [
            121.451845,
            31.179951
          ],
          [
            121.451565,
            31.18034
          ],
          [
            121.451622,
            31.180392
          ],
          [
            121.450106,
            31.181978
          ],
          [
            121.449026,
            31.183466
          ],
          [
            121.448377,
            31.184107
          ],
          [
            121.447742,
            31.182622
          ],
          [
            121.447648,
            31.182596
          ],
          [
            121.447388,
            31.181616
          ],
          [
            121.447516,
            31.180691
          ],
          [
            121.447977,
            31.179517
          ],
          [
            121.447603,
            31.179426
          ],
          [
            121.447765,
            31.178972
          ],
          [
            121.44755,
            31.178915
          ],
          [
            121.44764,
            31.178683
          ],
          [
            121.447046,
            31.178511
          ],
          [
            121.44708,
            31.178417
          ],
          [
            121.446535,
            31.178256
          ],
          [
            121.446577,
            31.178169
          ],
          [
            121.445727,
            31.17791
          ],
          [
            121.446202,
            31.177068
          ],
          [
            121.446449,
            31.176398
          ],
          [
            121.44632,
            31.176122
          ],
          [
            121.445708,
            31.175801
          ],
          [
            121.445619,
            31.175711
          ],
          [
            121.445681,
            31.175545
          ],
          [
            121.445405,
            31.175432
          ],
          [
            121.445253,
            31.17527
          ],
          [
            121.445179,
            31.175116
          ],
          [
            121.445549,
            31.175047
          ]
        ]
      },
      "properties": {
        "route_id": "XH_RUN_0031",
        "name_zh": "龙华·短程快跑闭环路线01",
        "mode": "run",
        "mode_label": "跑步",
        "kind": "strict_loop",
        "kind_label": "闭环路线",
        "band": 0,
        "band_label": "1–5 km",
        "band_label_zh": "短程快跑",
        "actual_distance_m": 3018.8,
        "distance_m": 3018.8,
        "target_distance_m": 3000.0,
        "distance_error": 0.006271,
        "duration_min": 20.1,
        "speed_kmh": 9.0,
        "speed_provenance": "manual_setting",
        "area": "longhua",
        "area_name_zh": "龙华",
        "area_name_en": "Longhua",
        "popular_area_ids": [
          "longhua"
        ],
        "anchor_area_id": "west_bund",
        "status": "accepted",
        "failures": [],
        "crs": "CRS84/WGS84 (lon,lat)",
        "coordinate_count": 41,
        "start": [
          121.445549,
          31.175047
        ],
        "end": [
          121.445549,
          31.175047
        ],
        "start_marker": [
          121.445549,
          31.175047
        ],
        "end_marker": [
          121.445549,
          31.175047
        ],
        "navigation_nodes": 2,
        "long_distance": false,
        "bbox": [
          121.445179,
          31.174218,
          121.452302,
          31.184107
        ],
        "geometry_provenance": "osm_highway_snapped",
        "road_snapping_ratio": 1.0,
        "road_snapping_provenance": "construction_guaranteed",
        "in_district_ratio": 1.0,
        "endpoint_offset_m": 0.0,
        "circuity": 1.0,
        "repeated_edge_count": 0,
        "proper_self_intersection_count": 0,
        "local_uturn_count": 0,
        "local_return_loop_count": 0,
        "park_relation": {
          "poi_id": 577243784,
          "name_zh": "龙华烈士陵园(龙华警备司令部旧址)",
          "coord": [
            121.447647,
            31.179263
          ],
          "distance_m": 1.1,
          "relation": "along_route",
          "label": "公园入口",
          "provenance": "deterministic_computation"
        },
        "edge_count": 115,
        "anchor_origin": "area:longhua",
        "planned_kind": "strict_loop",
        "api_distance_error": null,
        "api_distance_provenance": "not_applicable_no_credentials"
      }
    },
    {
      "type": "Feature",
      "id": "XH_RUN_0032",
      "geometry": {
        "type": "LineString",
        "coordinates": [
          [
            121.445549,
            31.175047
          ],
          [
            121.445957,
            31.174805
          ],
          [
            121.446637,
            31.174218
          ],
          [
            121.447212,
            31.174424
          ],
          [
            121.447939,
            31.174952
          ],
          [
            121.448268,
            31.175318
          ],
          [
            121.448349,
            31.175586
          ],
          [
            121.450526,
            31.175556
          ],
          [
            121.451366,
            31.177362
          ],
          [
            121.452302,
            31.178261
          ],
          [
            121.452104,
            31.179341
          ],
          [
            121.451845,
            31.179951
          ],
          [
            121.451565,
            31.18034
          ],
          [
            121.451622,
            31.180392
          ],
          [
            121.450106,
            31.181978
          ],
          [
            121.448852,
            31.183672
          ],
          [
            121.448471,
            31.18404
          ],
          [
            121.448253,
            31.184138
          ],
          [
            121.447648,
            31.182596
          ],
          [
            121.443536,
            31.181357
          ],
          [
            121.443244,
            31.181098
          ],
          [
            121.443214,
            31.18055
          ],
          [
            121.443297,
            31.180215
          ],
          [
            121.442923,
            31.17995
          ],
          [
            121.440856,
            31.179571
          ],
          [
            121.442128,
            31.17773
          ],
          [
            121.44421,
            31.175244
          ],
          [
            121.445549,
            31.175047
          ]
        ]
      },
      "properties": {
        "route_id": "XH_RUN_0032",
        "name_zh": "龙华·短程快跑闭环路线02",
        "mode": "run",
        "mode_label": "跑步",
        "kind": "strict_loop",
        "kind_label": "闭环路线",
        "band": 0,
        "band_label": "1–5 km",
        "band_label_zh": "短程快跑",
        "actual_distance_m": 3398.9,
        "distance_m": 3398.9,
        "target_distance_m": 3000.0,
        "distance_error": 0.132953,
        "duration_min": 22.7,
        "speed_kmh": 9.0,
        "speed_provenance": "manual_setting",
        "area": "longhua",
        "area_name_zh": "龙华",
        "area_name_en": "Longhua",
        "popular_area_ids": [
          "longhua"
        ],
        "anchor_area_id": "longhua",
        "status": "accepted",
        "failures": [],
        "crs": "CRS84/WGS84 (lon,lat)",
        "coordinate_count": 28,
        "start": [
          121.445549,
          31.175047
        ],
        "end": [
          121.445549,
          31.175047
        ],
        "start_marker": [
          121.445549,
          31.175047
        ],
        "end_marker": [
          121.445549,
          31.175047
        ],
        "navigation_nodes": 2,
        "long_distance": false,
        "bbox": [
          121.440856,
          31.174218,
          121.452302,
          31.184138
        ],
        "geometry_provenance": "osm_highway_snapped",
        "road_snapping_ratio": 1.0,
        "road_snapping_provenance": "construction_guaranteed",
        "in_district_ratio": 1.0,
        "endpoint_offset_m": 0.0,
        "circuity": 1.0,
        "repeated_edge_count": 0,
        "proper_self_intersection_count": 0,
        "local_uturn_count": 0,
        "local_return_loop_count": 0,
        "park_relation": {
          "poi_id": 694638922,
          "name_zh": "",
          "coord": [
            121.447886,
            31.183737
          ],
          "distance_m": 16.5,
          "relation": "along_route",
          "label": "公园入口",
          "provenance": "deterministic_computation"
        },
        "edge_count": 97,
        "anchor_origin": "area:longhua",
        "planned_kind": "strict_loop",
        "api_distance_error": null,
        "api_distance_provenance": "not_applicable_no_credentials"
      }
    },
    {
      "type": "Feature",
      "id": "XH_RUN_0033",
      "geometry": {
        "type": "LineString",
        "coordinates": [
          [
            121.445549,
            31.175047
          ],
          [
            121.445957,
            31.174805
          ],
          [
            121.446637,
            31.174218
          ],
          [
            121.447212,
            31.174424
          ],
          [
            121.447939,
            31.174952
          ],
          [
            121.448268,
            31.175318
          ],
          [
            121.448349,
            31.175586
          ],
          [
            121.450526,
            31.175556
          ],
          [
            121.451366,
            31.177362
          ],
          [
            121.452302,
            31.178261
          ],
          [
            121.452104,
            31.179341
          ],
          [
            121.451845,
            31.179951
          ],
          [
            121.451565,
            31.18034
          ],
          [
            121.451622,
            31.180392
          ],
          [
            121.450106,
            31.181978
          ],
          [
            121.449026,
            31.183466
          ],
          [
            121.448377,
            31.184107
          ],
          [
            121.447742,
            31.182622
          ],
          [
            121.447648,
            31.182596
          ],
          [
            121.447388,
            31.181616
          ],
          [
            121.447516,
            31.180691
          ],
          [
            121.447977,
            31.179517
          ],
          [
            121.447603,
            31.179426
          ],
          [
            121.447765,
            31.178972
          ],
          [
            121.44755,
            31.178915
          ],
          [
            121.447704,
            31.1785
          ],
          [
            121.447502,
            31.178443
          ],
          [
            121.44738,
            31.178751
          ],
          [
            121.446435,
            31.178473
          ],
          [
            121.446492,
            31.178344
          ],
          [
            121.445311,
            31.177967
          ],
          [
            121.445419,
            31.177738
          ],
          [
            121.444736,
            31.177509
          ],
          [
            121.445472,
            31.175746
          ],
          [
            121.44529,
            31.175599
          ],
          [
            121.445344,
            31.175471
          ],
          [
            121.444969,
            31.175326
          ],
          [
            121.445253,
            31.17527
          ],
          [
            121.445179,
            31.175116
          ],
          [
            121.445549,
            31.175047
          ]
        ]
      },
      "properties": {
        "route_id": "XH_RUN_0033",
        "name_zh": "龙华·短程快跑闭环路线03",
        "mode": "run",
        "mode_label": "跑步",
        "kind": "strict_loop",
        "kind_label": "闭环路线",
        "band": 0,
        "band_label": "1–5 km",
        "band_label_zh": "短程快跑",
        "actual_distance_m": 3148.0,
        "distance_m": 3148.0,
        "target_distance_m": 3000.0,
        "distance_error": 0.049347,
        "duration_min": 21.0,
        "speed_kmh": 9.0,
        "speed_provenance": "manual_setting",
        "area": "longhua",
        "area_name_zh": "龙华",
        "area_name_en": "Longhua",
        "popular_area_ids": [
          "longhua"
        ],
        "anchor_area_id": "xujiahui",
        "status": "accepted",
        "failures": [],
        "crs": "CRS84/WGS84 (lon,lat)",
        "coordinate_count": 40,
        "start": [
          121.445549,
          31.175047
        ],
        "end": [
          121.445549,
          31.175047
        ],
        "start_marker": [
          121.445549,
          31.175047
        ],
        "end_marker": [
          121.445549,
          31.175047
        ],
        "navigation_nodes": 2,
        "long_distance": false,
        "bbox": [
          121.444736,
          31.174218,
          121.452302,
          31.184107
        ],
        "geometry_provenance": "osm_highway_snapped",
        "road_snapping_ratio": 1.0,
        "road_snapping_provenance": "construction_guaranteed",
        "in_district_ratio": 1.0,
        "endpoint_offset_m": 0.0,
        "circuity": 1.0,
        "repeated_edge_count": 0,
        "proper_self_intersection_count": 0,
        "local_uturn_count": 0,
        "local_return_loop_count": 0,
        "park_relation": {
          "poi_id": 577243784,
          "name_zh": "龙华烈士陵园(龙华警备司令部旧址)",
          "coord": [
            121.447647,
            31.179263
          ],
          "distance_m": 1.1,
          "relation": "along_route",
          "label": "公园入口",
          "provenance": "deterministic_computation"
        },
        "edge_count": 116,
        "anchor_origin": "area:longhua",
        "planned_kind": "strict_loop",
        "api_distance_error": null,
        "api_distance_provenance": "not_applicable_no_credentials"
      }
    },
    {
      "type": "Feature",
      "id": "XH_RUN_0034",
      "geometry": {
        "type": "LineString",
        "coordinates": [
          [
            121.450986,
            31.21183
          ],
          [
            121.449546,
            31.211411
          ],
          [
            121.450221,
            31.209142
          ],
          [
            121.44888,
            31.208236
          ],
          [
            121.448445,
            31.208055
          ],
          [
            121.447769,
            31.207903
          ],
          [
            121.448621,
            31.20303
          ],
          [
            121.448758,
            31.202579
          ],
          [
            121.449714,
            31.200779
          ],
          [
            121.452124,
            31.20166
          ],
          [
            121.451311,
            31.202948
          ],
          [
            121.451309,
            31.203165
          ],
          [
            121.451659,
            31.203675
          ],
          [
            121.452819,
            31.203933
          ],
          [
            121.454121,
            31.204336
          ],
          [
            121.453654,
            31.205672
          ],
          [
            121.453562,
            31.206195
          ],
          [
            121.453355,
            31.210969
          ],
          [
            121.453107,
            31.212684
          ],
          [
            121.450986,
            31.21183
          ]
        ]
      },
      "properties": {
        "route_id": "XH_RUN_0034",
        "name_zh": "衡复风貌区·短程快跑闭环路线04",
        "mode": "run",
        "mode_label": "跑步",
        "kind": "strict_loop",
        "kind_label": "闭环路线",
        "band": 0,
        "band_label": "1–5 km",
        "band_label_zh": "短程快跑",
        "actual_distance_m": 3407.3,
        "distance_m": 3407.3,
        "target_distance_m": 3000.0,
        "distance_error": 0.135753,
        "duration_min": 22.7,
        "speed_kmh": 9.0,
        "speed_provenance": "manual_setting",
        "area": "hengfu",
        "area_name_zh": "衡复风貌区",
        "area_name_en": "Hengfu Historical Area",
        "popular_area_ids": [
          "hengfu"
        ],
        "anchor_area_id": "hengfu",
        "status": "accepted",
        "failures": [],
        "crs": "CRS84/WGS84 (lon,lat)",
        "coordinate_count": 20,
        "start": [
          121.450986,
          31.21183
        ],
        "end": [
          121.450986,
          31.21183
        ],
        "start_marker": [
          121.450986,
          31.21183
        ],
        "end_marker": [
          121.450986,
          31.21183
        ],
        "navigation_nodes": 2,
        "long_distance": false,
        "bbox": [
          121.447769,
          31.200779,
          121.454121,
          31.212684
        ],
        "geometry_provenance": "osm_highway_snapped",
        "road_snapping_ratio": 1.0,
        "road_snapping_provenance": "construction_guaranteed",
        "in_district_ratio": 1.0,
        "endpoint_offset_m": 0.0,
        "circuity": 1.0,
        "repeated_edge_count": 0,
        "proper_self_intersection_count": 0,
        "local_uturn_count": 0,
        "local_return_loop_count": 0,
        "park_relation": {
          "poi_id": 1276093695,
          "name_zh": "",
          "coord": [
            121.449875,
            31.212107
          ],
          "distance_m": 62.4,
          "relation": "along_route",
          "label": "公园入口",
          "provenance": "deterministic_computation"
        },
        "edge_count": 57,
        "anchor_origin": "area:hengfu",
        "planned_kind": "strict_loop",
        "api_distance_error": null,
        "api_distance_provenance": "not_applicable_no_credentials"
      }
    },
    {
      "type": "Feature",
      "id": "XH_RUN_0035",
      "geometry": {
        "type": "LineString",
        "coordinates": [
          [
            121.445549,
            31.175047
          ],
          [
            121.441439,
            31.175635
          ],
          [
            121.440509,
            31.176087
          ],
          [
            121.440071,
            31.176125
          ],
          [
            121.439926,
            31.176606
          ],
          [
            121.438655,
            31.176284
          ],
          [
            121.438536,
            31.176505
          ],
          [
            121.438209,
            31.176463
          ],
          [
            121.437496,
            31.176204
          ],
          [
            121.437343,
            31.176065
          ],
          [
            121.437414,
            31.175995
          ],
          [
            121.436149,
            31.175049
          ],
          [
            121.435526,
            31.174912
          ],
          [
            121.435403,
            31.175355
          ],
          [
            121.432945,
            31.175483
          ],
          [
            121.432928,
            31.174421
          ],
          [
            121.433243,
            31.172859
          ],
          [
            121.435936,
            31.173282
          ],
          [
            121.436401,
            31.171593
          ],
          [
            121.446562,
            31.174287
          ],
          [
            121.445957,
            31.174805
          ],
          [
            121.445549,
            31.175047
          ]
        ]
      },
      "properties": {
        "route_id": "XH_RUN_0035",
        "name_zh": "龙华·短程快跑闭环路线05",
        "mode": "run",
        "mode_label": "跑步",
        "kind": "strict_loop",
        "kind_label": "闭环路线",
        "band": 0,
        "band_label": "1–5 km",
        "band_label_zh": "短程快跑",
        "actual_distance_m": 3279.6,
        "distance_m": 3279.6,
        "target_distance_m": 3000.0,
        "distance_error": 0.093189,
        "duration_min": 21.9,
        "speed_kmh": 9.0,
        "speed_provenance": "manual_setting",
        "area": "longhua",
        "area_name_zh": "龙华",
        "area_name_en": "Longhua",
        "popular_area_ids": [
          "longhua"
        ],
        "anchor_area_id": "shanghai_botanical_garden",
        "status": "accepted",
        "failures": [],
        "crs": "CRS84/WGS84 (lon,lat)",
        "coordinate_count": 22,
        "start": [
          121.445549,
          31.175047
        ],
        "end": [
          121.445549,
          31.175047
        ],
        "start_marker": [
          121.445549,
          31.175047
        ],
        "end_marker": [
          121.445549,
          31.175047
        ],
        "navigation_nodes": 2,
        "long_distance": false,
        "bbox": [
          121.432928,
          31.171593,
          121.446562,
          31.176606
        ],
        "geometry_provenance": "osm_highway_snapped",
        "road_snapping_ratio": 1.0,
        "road_snapping_provenance": "construction_guaranteed",
        "in_district_ratio": 1.0,
        "endpoint_offset_m": 0.0,
        "circuity": 1.0,
        "repeated_edge_count": 0,
        "proper_self_intersection_count": 0,
        "local_uturn_count": 0,
        "local_return_loop_count": 0,
        "park_relation": {
          "poi_id": 163799520,
          "name_zh": "漕溪公园",
          "coord": [
            121.431552,
            31.173974
          ],
          "distance_m": 118.3,
          "relation": "nearby",
          "label": "邻近公园·约 120 米",
          "provenance": "deterministic_computation"
        },
        "edge_count": 85,
        "anchor_origin": "area:longhua",
        "planned_kind": "strict_loop",
        "api_distance_error": null,
        "api_distance_provenance": "not_applicable_no_credentials"
      }
    },
    {
      "type": "Feature",
      "id": "XH_RUN_0036",
      "geometry": {
        "type": "LineString",
        "coordinates": [
          [
            121.412115,
            31.156427
          ],
          [
            121.412103,
            31.156867
          ],
          [
            121.412227,
            31.157174
          ],
          [
            121.412695,
            31.157598
          ],
          [
            121.415793,
            31.158607
          ],
          [
            121.415508,
            31.15936
          ],
          [
            121.413666,
            31.170596
          ],
          [
            121.410286,
            31.179902
          ],
          [
            121.4099,
            31.181297
          ],
          [
            121.409492,
            31.184226
          ]
        ]
      },
      "properties": {
        "route_id": "XH_RUN_0036",
        "name_zh": "康健园·短程快跑单程路线06",
        "mode": "run",
        "mode_label": "跑步",
        "kind": "one_way",
        "kind_label": "单程路线",
        "band": 0,
        "band_label": "1–5 km",
        "band_label_zh": "短程快跑",
        "actual_distance_m": 3386.0,
        "distance_m": 3386.0,
        "target_distance_m": 3000.0,
        "distance_error": 0.128652,
        "duration_min": 22.6,
        "speed_kmh": 9.0,
        "speed_provenance": "manual_setting",
        "area": "kangjian",
        "area_name_zh": "康健园",
        "area_name_en": "Kangjian",
        "popular_area_ids": [
          "kangjian"
        ],
        "anchor_area_id": "kangjian",
        "status": "accepted",
        "failures": [],
        "crs": "CRS84/WGS84 (lon,lat)",
        "coordinate_count": 10,
        "start": [
          121.412115,
          31.156427
        ],
        "end": [
          121.409492,
          31.184226
        ],
        "start_marker": [
          121.412115,
          31.156427
        ],
        "end_marker": [
          121.409492,
          31.184226
        ],
        "navigation_nodes": 2,
        "long_distance": false,
        "bbox": [
          121.409492,
          31.156427,
          121.415793,
          31.184226
        ],
        "geometry_provenance": "osm_highway_snapped",
        "road_snapping_ratio": 1.0,
        "road_snapping_provenance": "construction_guaranteed",
        "in_district_ratio": 1.0,
        "endpoint_offset_m": 3101.18,
        "circuity": 1.0918,
        "repeated_edge_count": 0,
        "proper_self_intersection_count": 0,
        "local_uturn_count": 0,
        "local_return_loop_count": 0,
        "park_relation": {
          "poi_id": 202758815,
          "name_zh": "桂林公园",
          "coord": [
            121.413544,
            31.167467
          ],
          "distance_m": 51.5,
          "relation": "along_route",
          "label": "公园入口",
          "provenance": "deterministic_computation"
        },
        "edge_count": 54,
        "anchor_origin": "area:kangjian",
        "planned_kind": "one_way",
        "api_distance_error": null,
        "api_distance_provenance": "not_applicable_no_credentials"
      }
    },
    {
      "type": "Feature",
      "id": "XH_RUN_0037",
      "geometry": {
        "type": "LineString",
        "coordinates": [
          [
            121.405621,
            31.162989
          ],
          [
            121.408263,
            31.163421
          ],
          [
            121.408001,
            31.164846
          ],
          [
            121.407519,
            31.166172
          ],
          [
            121.409874,
            31.166678
          ],
          [
            121.413495,
            31.168507
          ],
          [
            121.413948,
            31.168664
          ],
          [
            121.424801,
            31.169968
          ],
          [
            121.430106,
            31.170165
          ],
          [
            121.432011,
            31.1704
          ],
          [
            121.435055,
            31.171139
          ]
        ]
      },
      "properties": {
        "route_id": "XH_RUN_0037",
        "name_zh": "漕河泾·短程快跑单程路线07",
        "mode": "run",
        "mode_label": "跑步",
        "kind": "one_way",
        "kind_label": "单程路线",
        "band": 0,
        "band_label": "1–5 km",
        "band_label_zh": "短程快跑",
        "actual_distance_m": 3280.3,
        "distance_m": 3280.3,
        "target_distance_m": 3000.0,
        "distance_error": 0.093442,
        "duration_min": 21.9,
        "speed_kmh": 9.0,
        "speed_provenance": "manual_setting",
        "area": "caohejing",
        "area_name_zh": "漕河泾",
        "area_name_en": "Caohejing",
        "popular_area_ids": [
          "caohejing"
        ],
        "anchor_area_id": "caohejing",
        "status": "accepted",
        "failures": [],
        "crs": "CRS84/WGS84 (lon,lat)",
        "coordinate_count": 11,
        "start": [
          121.405621,
          31.162989
        ],
        "end": [
          121.435055,
          31.171139
        ],
        "start_marker": [
          121.405621,
          31.162989
        ],
        "end_marker": [
          121.435055,
          31.171139
        ],
        "navigation_nodes": 2,
        "long_distance": false,
        "bbox": [
          121.405621,
          31.162989,
          121.435055,
          31.171139
        ],
        "geometry_provenance": "osm_highway_snapped",
        "road_snapping_ratio": 1.0,
        "road_snapping_provenance": "construction_guaranteed",
        "in_district_ratio": 1.0,
        "endpoint_offset_m": 2943.45,
        "circuity": 1.1144,
        "repeated_edge_count": 0,
        "proper_self_intersection_count": 0,
        "local_uturn_count": 0,
        "local_return_loop_count": 0,
        "park_relation": {
          "poi_id": 202758815,
          "name_zh": "桂林公园",
          "coord": [
            121.413544,
            31.167467
          ],
          "distance_m": 98.5,
          "relation": "along_route",
          "label": "公园入口",
          "provenance": "deterministic_computation"
        },
        "edge_count": 44,
        "anchor_origin": "area:caohejing",
        "planned_kind": "one_way",
        "api_distance_error": null,
        "api_distance_provenance": "not_applicable_no_credentials"
      }
    },
    {
      "type": "Feature",
      "id": "XH_RUN_0038",
      "geometry": {
        "type": "LineString",
        "coordinates": [
          [
            121.447905,
            31.123203
          ],
          [
            121.447544,
            31.122837
          ],
          [
            121.447543,
            31.122672
          ],
          [
            121.447635,
            31.122608
          ],
          [
            121.452045,
            31.124701
          ],
          [
            121.451931,
            31.126403
          ],
          [
            121.450805,
            31.130785
          ],
          [
            121.44982,
            31.133768
          ],
          [
            121.448504,
            31.137492
          ],
          [
            121.446507,
            31.142278
          ],
          [
            121.446202,
            31.143999
          ],
          [
            121.445907,
            31.148726
          ],
          [
            121.445511,
            31.149296
          ]
        ]
      },
      "properties": {
        "route_id": "XH_RUN_0038",
        "name_zh": "华泾·短程快跑单程路线08",
        "mode": "run",
        "mode_label": "跑步",
        "kind": "one_way",
        "kind_label": "单程路线",
        "band": 0,
        "band_label": "1–5 km",
        "band_label_zh": "短程快跑",
        "actual_distance_m": 3387.5,
        "distance_m": 3387.5,
        "target_distance_m": 3000.0,
        "distance_error": 0.129162,
        "duration_min": 22.6,
        "speed_kmh": 9.0,
        "speed_provenance": "manual_setting",
        "area": "huajing",
        "area_name_zh": "华泾",
        "area_name_en": "Huajing",
        "popular_area_ids": [
          "huajing"
        ],
        "anchor_area_id": "huajing",
        "status": "accepted",
        "failures": [],
        "crs": "CRS84/WGS84 (lon,lat)",
        "coordinate_count": 13,
        "start": [
          121.447905,
          31.123203
        ],
        "end": [
          121.445511,
          31.149296
        ],
        "start_marker": [
          121.447905,
          31.123203
        ],
        "end_marker": [
          121.445511,
          31.149296
        ],
        "navigation_nodes": 2,
        "long_distance": false,
        "bbox": [
          121.445511,
          31.122608,
          121.452045,
          31.149296
        ],
        "geometry_provenance": "osm_highway_snapped",
        "road_snapping_ratio": 1.0,
        "road_snapping_provenance": "construction_guaranteed",
        "in_district_ratio": 1.0,
        "endpoint_offset_m": 2910.39,
        "circuity": 1.1639,
        "repeated_edge_count": 0,
        "proper_self_intersection_count": 0,
        "local_uturn_count": 0,
        "local_return_loop_count": 0,
        "park_relation": {
          "poi_id": 297060238,
          "name_zh": "华泾公园",
          "coord": [
            121.446874,
            31.123277
          ],
          "distance_m": 73.4,
          "relation": "along_route",
          "label": "公园入口",
          "provenance": "deterministic_computation"
        },
        "edge_count": 49,
        "anchor_origin": "area:huajing",
        "planned_kind": "one_way",
        "api_distance_error": null,
        "api_distance_provenance": "not_applicable_no_credentials"
      }
    },
    {
      "type": "Feature",
      "id": "XH_RUN_0039",
      "geometry": {
        "type": "LineString",
        "coordinates": [
          [
            121.458569,
            31.174601
          ],
          [
            121.458409,
            31.17531
          ],
          [
            121.458286,
            31.176664
          ],
          [
            121.457794,
            31.178195
          ],
          [
            121.458023,
            31.178592
          ],
          [
            121.457867,
            31.179267
          ],
          [
            121.457339,
            31.17942
          ],
          [
            121.458034,
            31.181068
          ],
          [
            121.457884,
            31.18112
          ],
          [
            121.458759,
            31.183135
          ],
          [
            121.458893,
            31.183253
          ],
          [
            121.455675,
            31.184865
          ],
          [
            121.45305,
            31.186815
          ],
          [
            121.452688,
            31.187213
          ],
          [
            121.451805,
            31.188982
          ],
          [
            121.450754,
            31.191962
          ],
          [
            121.450463,
            31.192558
          ],
          [
            121.449624,
            31.193585
          ],
          [
            121.446491,
            31.198487
          ],
          [
            121.446109,
            31.199431
          ],
          [
            121.44594,
            31.200157
          ]
        ]
      },
      "properties": {
        "route_id": "XH_RUN_0039",
        "name_zh": "徐汇滨江与西岸·短程快跑单程路线09",
        "mode": "run",
        "mode_label": "跑步",
        "kind": "one_way",
        "kind_label": "单程路线",
        "band": 0,
        "band_label": "1–5 km",
        "band_label_zh": "短程快跑",
        "actual_distance_m": 3381.6,
        "distance_m": 3381.6,
        "target_distance_m": 3000.0,
        "distance_error": 0.127192,
        "duration_min": 22.5,
        "speed_kmh": 9.0,
        "speed_provenance": "manual_setting",
        "area": "west_bund",
        "area_name_zh": "徐汇滨江与西岸",
        "area_name_en": "West Bund / Xuhui Riverside",
        "popular_area_ids": [
          "west_bund"
        ],
        "anchor_area_id": "west_bund",
        "status": "accepted",
        "failures": [],
        "crs": "CRS84/WGS84 (lon,lat)",
        "coordinate_count": 21,
        "start": [
          121.458569,
          31.174601
        ],
        "end": [
          121.44594,
          31.200157
        ],
        "start_marker": [
          121.458569,
          31.174601
        ],
        "end_marker": [
          121.44594,
          31.200157
        ],
        "navigation_nodes": 2,
        "long_distance": false,
        "bbox": [
          121.44594,
          31.174601,
          121.458893,
          31.200157
        ],
        "geometry_provenance": "osm_highway_snapped",
        "road_snapping_ratio": 1.0,
        "road_snapping_provenance": "construction_guaranteed",
        "in_district_ratio": 1.0,
        "endpoint_offset_m": 3085.21,
        "circuity": 1.0961,
        "repeated_edge_count": 0,
        "proper_self_intersection_count": 0,
        "local_uturn_count": 0,
        "local_return_loop_count": 0,
        "park_relation": {
          "poi_id": 694651541,
          "name_zh": "",
          "coord": [
            121.454898,
            31.185071
          ],
          "distance_m": 29.4,
          "relation": "along_route",
          "label": "公园入口",
          "provenance": "deterministic_computation"
        },
        "edge_count": 70,
        "anchor_origin": "area:west_bund",
        "planned_kind": "one_way",
        "api_distance_error": null,
        "api_distance_provenance": "not_applicable_no_credentials"
      }
    },
    {
      "type": "Feature",
      "id": "XH_RUN_0040",
      "geometry": {
        "type": "LineString",
        "coordinates": [
          [
            121.445549,
            31.175047
          ],
          [
            121.44421,
            31.175244
          ],
          [
            121.444183,
            31.175024
          ],
          [
            121.442044,
            31.173206
          ],
          [
            121.441966,
            31.172969
          ],
          [
            121.433148,
            31.170659
          ],
          [
            121.432011,
            31.1704
          ],
          [
            121.430106,
            31.170165
          ],
          [
            121.429681,
            31.167408
          ],
          [
            121.424723,
            31.167445
          ],
          [
            121.42244,
            31.167385
          ],
          [
            121.420664,
            31.167177
          ],
          [
            121.420688,
            31.166953
          ],
          [
            121.420278,
            31.166598
          ],
          [
            121.419688,
            31.16686
          ],
          [
            121.419031,
            31.166904
          ],
          [
            121.418599,
            31.167083
          ],
          [
            121.41794,
            31.166889
          ],
          [
            121.41673,
            31.166938
          ],
          [
            121.415102,
            31.166686
          ]
        ]
      },
      "properties": {
        "route_id": "XH_RUN_0040",
        "name_zh": "龙华·短程快跑单程路线10",
        "mode": "run",
        "mode_label": "跑步",
        "kind": "one_way",
        "kind_label": "单程路线",
        "band": 0,
        "band_label": "1–5 km",
        "band_label_zh": "短程快跑",
        "actual_distance_m": 3400.3,
        "distance_m": 3400.3,
        "target_distance_m": 3000.0,
        "distance_error": 0.133446,
        "duration_min": 22.7,
        "speed_kmh": 9.0,
        "speed_provenance": "manual_setting",
        "area": "longhua",
        "area_name_zh": "龙华",
        "area_name_en": "Longhua",
        "popular_area_ids": [
          "longhua"
        ],
        "anchor_area_id": "longhua",
        "status": "accepted",
        "failures": [],
        "crs": "CRS84/WGS84 (lon,lat)",
        "coordinate_count": 20,
        "start": [
          121.445549,
          31.175047
        ],
        "end": [
          121.415102,
          31.166686
        ],
        "start_marker": [
          121.445549,
          31.175047
        ],
        "end_marker": [
          121.415102,
          31.166686
        ],
        "navigation_nodes": 2,
        "long_distance": false,
        "bbox": [
          121.415102,
          31.166598,
          121.445549,
          31.175244
        ],
        "geometry_provenance": "osm_highway_snapped",
        "road_snapping_ratio": 1.0,
        "road_snapping_provenance": "construction_guaranteed",
        "in_district_ratio": 1.0,
        "endpoint_offset_m": 3042.28,
        "circuity": 1.1177,
        "repeated_edge_count": 0,
        "proper_self_intersection_count": 0,
        "local_uturn_count": 0,
        "local_return_loop_count": 0,
        "park_relation": {
          "poi_id": 256182986,
          "name_zh": "康健园",
          "coord": [
            121.417897,
            31.166051
          ],
          "distance_m": 93.4,
          "relation": "along_route",
          "label": "公园入口",
          "provenance": "deterministic_computation"
        },
        "edge_count": 90,
        "anchor_origin": "area:longhua",
        "planned_kind": "one_way",
        "api_distance_error": null,
        "api_distance_provenance": "not_applicable_no_credentials"
      }
    },
    {
      "type": "Feature",
      "id": "XH_RUN_0041",
      "geometry": {
        "type": "LineString",
        "coordinates": [
          [
            121.445549,
            31.175047
          ],
          [
            121.445179,
            31.175116
          ],
          [
            121.445253,
            31.17527
          ],
          [
            121.445405,
            31.175432
          ],
          [
            121.445681,
            31.175545
          ],
          [
            121.445619,
            31.175711
          ],
          [
            121.445708,
            31.175801
          ],
          [
            121.44632,
            31.176122
          ],
          [
            121.446449,
            31.176398
          ],
          [
            121.446202,
            31.177068
          ],
          [
            121.445727,
            31.17791
          ],
          [
            121.446577,
            31.178169
          ],
          [
            121.446535,
            31.178256
          ],
          [
            121.44708,
            31.178417
          ],
          [
            121.447046,
            31.178511
          ],
          [
            121.44764,
            31.178683
          ],
          [
            121.44755,
            31.178915
          ],
          [
            121.447765,
            31.178972
          ],
          [
            121.447603,
            31.179426
          ],
          [
            121.447977,
            31.179517
          ],
          [
            121.447516,
            31.180691
          ],
          [
            121.447388,
            31.181616
          ],
          [
            121.447565,
            31.182364
          ],
          [
            121.448253,
            31.184138
          ],
          [
            121.450069,
            31.185461
          ],
          [
            121.450049,
            31.186041
          ],
          [
            121.450174,
            31.186359
          ],
          [
            121.451483,
            31.186794
          ],
          [
            121.452134,
            31.187969
          ],
          [
            121.451805,
            31.188982
          ],
          [
            121.453289,
            31.189448
          ],
          [
            121.457876,
            31.192245
          ],
          [
            121.460413,
            31.194134
          ],
          [
            121.463613,
            31.195913
          ],
          [
            121.462677,
            31.199168
          ],
          [
            121.463514,
            31.199365
          ],
          [
            121.46444,
            31.199427
          ],
          [
            121.46499,
            31.198256
          ],
          [
            121.465176,
            31.197311
          ],
          [
            121.465518,
            31.194043
          ],
          [
            121.465772,
            31.192542
          ],
          [
            121.465599,
            31.190777
          ],
          [
            121.46548,
            31.190421
          ],
          [
            121.465236,
            31.190095
          ],
          [
            121.464997,
            31.189861
          ],
          [
            121.461503,
            31.187487
          ],
          [
            121.458575,
            31.186356
          ],
          [
            121.458597,
            31.186259
          ],
          [
            121.457102,
            31.185706
          ],
          [
            121.456601,
            31.185431
          ],
          [
            121.455857,
            31.184752
          ],
          [
            121.4541,
            31.182696
          ],
          [
            121.451622,
            31.180392
          ],
          [
            121.452022,
            31.179789
          ],
          [
            121.452184,
            31.179356
          ],
          [
            121.452795,
            31.175492
          ],
          [
            121.451813,
            31.175396
          ],
          [
            121.450596,
            31.175727
          ],
          [
            121.449578,
            31.173218
          ],
          [
            121.449024,
            31.172151
          ],
          [
            121.445957,
            31.174805
          ],
          [
            121.445549,
            31.175047
          ]
        ]
      },
      "properties": {
        "route_id": "XH_RUN_0041",
        "name_zh": "龙华·中距离跑闭环路线11",
        "mode": "run",
        "mode_label": "跑步",
        "kind": "strict_loop",
        "kind_label": "闭环路线",
        "band": 1,
        "band_label": "5–10 km",
        "band_label_zh": "中距离跑",
        "actual_distance_m": 8400.8,
        "distance_m": 8400.8,
        "target_distance_m": 7500.0,
        "distance_error": 0.120105,
        "duration_min": 56.0,
        "speed_kmh": 9.0,
        "speed_provenance": "manual_setting",
        "area": "longhua",
        "area_name_zh": "龙华",
        "area_name_en": "Longhua",
        "popular_area_ids": [
          "longhua"
        ],
        "anchor_area_id": "xujiahui",
        "status": "accepted",
        "failures": [],
        "crs": "CRS84/WGS84 (lon,lat)",
        "coordinate_count": 62,
        "start": [
          121.445549,
          31.175047
        ],
        "end": [
          121.445549,
          31.175047
        ],
        "start_marker": [
          121.445549,
          31.175047
        ],
        "end_marker": [
          121.445549,
          31.175047
        ],
        "navigation_nodes": 2,
        "long_distance": false,
        "bbox": [
          121.445179,
          31.172151,
          121.465772,
          31.199427
        ],
        "geometry_provenance": "osm_highway_snapped",
        "road_snapping_ratio": 1.0,
        "road_snapping_provenance": "construction_guaranteed",
        "in_district_ratio": 1.0,
        "endpoint_offset_m": 0.0,
        "circuity": 1.0,
        "repeated_edge_count": 0,
        "proper_self_intersection_count": 0,
        "local_uturn_count": 0,
        "local_return_loop_count": 0,
        "park_relation": {
          "poi_id": 577243784,
          "name_zh": "龙华烈士陵园(龙华警备司令部旧址)",
          "coord": [
            121.447647,
            31.179263
          ],
          "distance_m": 1.1,
          "relation": "along_route",
          "label": "公园入口",
          "provenance": "deterministic_computation"
        },
        "edge_count": 207,
        "anchor_origin": "area:longhua",
        "planned_kind": "strict_loop",
        "api_distance_error": null,
        "api_distance_provenance": "not_applicable_no_credentials"
      }
    },
    {
      "type": "Feature",
      "id": "XH_RUN_0042",
      "geometry": {
        "type": "LineString",
        "coordinates": [
          [
            121.450986,
            31.21183
          ],
          [
            121.449546,
            31.211411
          ],
          [
            121.451732,
            31.203699
          ],
          [
            121.451309,
            31.203165
          ],
          [
            121.451311,
            31.202948
          ],
          [
            121.453982,
            31.198851
          ],
          [
            121.456321,
            31.194999
          ],
          [
            121.456989,
            31.193041
          ],
          [
            121.457876,
            31.192245
          ],
          [
            121.455575,
            31.190861
          ],
          [
            121.457162,
            31.187995
          ],
          [
            121.459672,
            31.185036
          ],
          [
            121.459678,
            31.1846
          ],
          [
            121.459224,
            31.183947
          ],
          [
            121.458893,
            31.183253
          ],
          [
            121.459058,
            31.183161
          ],
          [
            121.459787,
            31.183199
          ],
          [
            121.460838,
            31.185009
          ],
          [
            121.461428,
            31.185757
          ],
          [
            121.461952,
            31.186234
          ],
          [
            121.461766,
            31.186364
          ],
          [
            121.461519,
            31.187247
          ],
          [
            121.461645,
            31.187309
          ],
          [
            121.46157,
            31.187421
          ],
          [
            121.461773,
            31.187548
          ],
          [
            121.459472,
            31.190272
          ],
          [
            121.45823,
            31.192144
          ],
          [
            121.460473,
            31.19377
          ],
          [
            121.457874,
            31.198187
          ],
          [
            121.457344,
            31.200069
          ],
          [
            121.45628,
            31.204598
          ],
          [
            121.456232,
            31.204919
          ],
          [
            121.456324,
            31.205135
          ],
          [
            121.455817,
            31.207059
          ],
          [
            121.455432,
            31.21001
          ],
          [
            121.454598,
            31.212363
          ],
          [
            121.454662,
            31.213127
          ],
          [
            121.453107,
            31.212684
          ],
          [
            121.450986,
            31.21183
          ]
        ]
      },
      "properties": {
        "route_id": "XH_RUN_0042",
        "name_zh": "衡复风貌区·中距离跑闭环路线12",
        "mode": "run",
        "mode_label": "跑步",
        "kind": "strict_loop",
        "kind_label": "闭环路线",
        "band": 1,
        "band_label": "5–10 km",
        "band_label_zh": "中距离跑",
        "actual_distance_m": 7901.2,
        "distance_m": 7901.2,
        "target_distance_m": 7500.0,
        "distance_error": 0.053488,
        "duration_min": 52.7,
        "speed_kmh": 9.0,
        "speed_provenance": "manual_setting",
        "area": "hengfu",
        "area_name_zh": "衡复风貌区",
        "area_name_en": "Hengfu Historical Area",
        "popular_area_ids": [
          "hengfu"
        ],
        "anchor_area_id": "hengfu",
        "status": "accepted",
        "failures": [],
        "crs": "CRS84/WGS84 (lon,lat)",
        "coordinate_count": 39,
        "start": [
          121.450986,
          31.21183
        ],
        "end": [
          121.450986,
          31.21183
        ],
        "start_marker": [
          121.450986,
          31.21183
        ],
        "end_marker": [
          121.450986,
          31.21183
        ],
        "navigation_nodes": 2,
        "long_distance": false,
        "bbox": [
          121.449546,
          31.183161,
          121.461952,
          31.213127
        ],
        "geometry_provenance": "osm_highway_snapped",
        "road_snapping_ratio": 1.0,
        "road_snapping_provenance": "construction_guaranteed",
        "in_district_ratio": 1.0,
        "endpoint_offset_m": 0.0,
        "circuity": 1.0,
        "repeated_edge_count": 0,
        "proper_self_intersection_count": 0,
        "local_uturn_count": 0,
        "local_return_loop_count": 0,
        "park_relation": {
          "poi_id": 1276093695,
          "name_zh": "",
          "coord": [
            121.449875,
            31.212107
          ],
          "distance_m": 62.4,
          "relation": "along_route",
          "label": "公园入口",
          "provenance": "deterministic_computation"
        },
        "edge_count": 160,
        "anchor_origin": "area:hengfu",
        "planned_kind": "strict_loop",
        "api_distance_error": null,
        "api_distance_provenance": "not_applicable_no_credentials"
      }
    },
    {
      "type": "Feature",
      "id": "XH_RUN_0043",
      "geometry": {
        "type": "LineString",
        "coordinates": [
          [
            121.445549,
            31.175047
          ],
          [
            121.44421,
            31.175244
          ],
          [
            121.441833,
            31.178111
          ],
          [
            121.440655,
            31.179868
          ],
          [
            121.439959,
            31.183277
          ],
          [
            121.437394,
            31.189992
          ],
          [
            121.437651,
            31.192923
          ],
          [
            121.437608,
            31.193336
          ],
          [
            121.437337,
            31.193962
          ],
          [
            121.435823,
            31.196598
          ],
          [
            121.436788,
            31.1972
          ],
          [
            121.436693,
            31.197315
          ],
          [
            121.436837,
            31.197421
          ],
          [
            121.436843,
            31.197563
          ],
          [
            121.437041,
            31.19768
          ],
          [
            121.437865,
            31.199109
          ],
          [
            121.437843,
            31.199327
          ],
          [
            121.438028,
            31.19946
          ],
          [
            121.438079,
            31.199687
          ],
          [
            121.438203,
            31.199731
          ],
          [
            121.43836,
            31.200316
          ],
          [
            121.438654,
            31.200729
          ],
          [
            121.438564,
            31.201037
          ],
          [
            121.438615,
            31.201183
          ],
          [
            121.438432,
            31.2013
          ],
          [
            121.43839,
            31.201448
          ],
          [
            121.43848,
            31.20191
          ],
          [
            121.44095,
            31.205273
          ],
          [
            121.442023,
            31.202897
          ],
          [
            121.440588,
            31.20234
          ],
          [
            121.44142,
            31.200224
          ],
          [
            121.441117,
            31.199615
          ],
          [
            121.440211,
            31.199224
          ],
          [
            121.440244,
            31.198891
          ],
          [
            121.442371,
            31.194032
          ],
          [
            121.444808,
            31.189447
          ],
          [
            121.445977,
            31.187344
          ],
          [
            121.447756,
            31.184718
          ],
          [
            121.448316,
            31.184019
          ],
          [
            121.447637,
            31.182343
          ],
          [
            121.447478,
            31.181446
          ],
          [
            121.447533,
            31.180937
          ],
          [
            121.448341,
            31.178596
          ],
          [
            121.448361,
            31.177904
          ],
          [
            121.448222,
            31.176763
          ],
          [
            121.448314,
            31.175436
          ],
          [
            121.448123,
            31.175125
          ],
          [
            121.447412,
            31.17454
          ],
          [
            121.446637,
            31.174218
          ],
          [
            121.445957,
            31.174805
          ],
          [
            121.445549,
            31.175047
          ]
        ]
      },
      "properties": {
        "route_id": "XH_RUN_0043",
        "name_zh": "龙华·中距离跑闭环路线13",
        "mode": "run",
        "mode_label": "跑步",
        "kind": "strict_loop",
        "kind_label": "闭环路线",
        "band": 1,
        "band_label": "5–10 km",
        "band_label_zh": "中距离跑",
        "actual_distance_m": 7892.6,
        "distance_m": 7892.6,
        "target_distance_m": 7500.0,
        "distance_error": 0.052346,
        "duration_min": 52.6,
        "speed_kmh": 9.0,
        "speed_provenance": "manual_setting",
        "area": "longhua",
        "area_name_zh": "龙华",
        "area_name_en": "Longhua",
        "popular_area_ids": [
          "longhua"
        ],
        "anchor_area_id": "shanghai_botanical_garden",
        "status": "accepted",
        "failures": [],
        "crs": "CRS84/WGS84 (lon,lat)",
        "coordinate_count": 51,
        "start": [
          121.445549,
          31.175047
        ],
        "end": [
          121.445549,
          31.175047
        ],
        "start_marker": [
          121.445549,
          31.175047
        ],
        "end_marker": [
          121.445549,
          31.175047
        ],
        "navigation_nodes": 2,
        "long_distance": false,
        "bbox": [
          121.435823,
          31.174218,
          121.448361,
          31.205273
        ],
        "geometry_provenance": "osm_highway_snapped",
        "road_snapping_ratio": 1.0,
        "road_snapping_provenance": "construction_guaranteed",
        "in_district_ratio": 1.0,
        "endpoint_offset_m": 0.0,
        "circuity": 1.0,
        "repeated_edge_count": 0,
        "proper_self_intersection_count": 0,
        "local_uturn_count": 0,
        "local_return_loop_count": 0,
        "park_relation": {
          "poi_id": 12271429,
          "name_zh": "徐家汇公园",
          "coord": [
            121.437492,
            31.198692
          ],
          "distance_m": 10.0,
          "relation": "along_route",
          "label": "公园入口",
          "provenance": "deterministic_computation"
        },
        "edge_count": 197,
        "anchor_origin": "area:longhua",
        "planned_kind": "strict_loop",
        "api_distance_error": null,
        "api_distance_provenance": "not_applicable_no_credentials"
      }
    },
    {
      "type": "Feature",
      "id": "XH_RUN_0044",
      "geometry": {
        "type": "LineString",
        "coordinates": [
          [
            121.412115,
            31.156427
          ],
          [
            121.412103,
            31.156867
          ],
          [
            121.412227,
            31.157174
          ],
          [
            121.412558,
            31.157511
          ],
          [
            121.41287,
            31.157677
          ],
          [
            121.419302,
            31.159706
          ],
          [
            121.420116,
            31.159606
          ],
          [
            121.42061,
            31.159333
          ],
          [
            121.420845,
            31.15909
          ],
          [
            121.423546,
            31.16116
          ],
          [
            121.426881,
            31.162228
          ],
          [
            121.4307,
            31.159712
          ],
          [
            121.431328,
            31.160459
          ],
          [
            121.432712,
            31.162656
          ],
          [
            121.433182,
            31.163198
          ],
          [
            121.437777,
            31.166535
          ],
          [
            121.439764,
            31.164454
          ],
          [
            121.440428,
            31.163918
          ],
          [
            121.441812,
            31.163143
          ],
          [
            121.442262,
            31.162562
          ],
          [
            121.442378,
            31.161933
          ],
          [
            121.441734,
            31.160921
          ],
          [
            121.44167,
            31.160682
          ],
          [
            121.441829,
            31.159939
          ],
          [
            121.440359,
            31.15956
          ],
          [
            121.437148,
            31.158572
          ],
          [
            121.432988,
            31.15701
          ],
          [
            121.431993,
            31.156522
          ],
          [
            121.431556,
            31.156216
          ],
          [
            121.430282,
            31.155054
          ],
          [
            121.430011,
            31.155022
          ],
          [
            121.429187,
            31.155317
          ],
          [
            121.427994,
            31.156095
          ],
          [
            121.426159,
            31.154772
          ],
          [
            121.426189,
            31.15515
          ],
          [
            121.426057,
            31.155547
          ],
          [
            121.425772,
            31.155876
          ],
          [
            121.42538,
            31.156097
          ],
          [
            121.424874,
            31.15619
          ],
          [
            121.424415,
            31.156129
          ],
          [
            121.42409,
            31.15599
          ],
          [
            121.423701,
            31.155643
          ],
          [
            121.422139,
            31.15646
          ],
          [
            121.421266,
            31.155607
          ],
          [
            121.420381,
            31.155013
          ],
          [
            121.41953,
            31.154228
          ],
          [
            121.419372,
            31.154269
          ],
          [
            121.417192,
            31.156935
          ],
          [
            121.414536,
            31.1554
          ],
          [
            121.412696,
            31.154651
          ],
          [
            121.412115,
            31.156427
          ]
        ]
      },
      "properties": {
        "route_id": "XH_RUN_0044",
        "name_zh": "康健园·中距离跑闭环路线14",
        "mode": "run",
        "mode_label": "跑步",
        "kind": "strict_loop",
        "kind_label": "闭环路线",
        "band": 1,
        "band_label": "5–10 km",
        "band_label_zh": "中距离跑",
        "actual_distance_m": 7784.8,
        "distance_m": 7784.8,
        "target_distance_m": 7500.0,
        "distance_error": 0.037968,
        "duration_min": 51.9,
        "speed_kmh": 9.0,
        "speed_provenance": "manual_setting",
        "area": "kangjian",
        "area_name_zh": "康健园",
        "area_name_en": "Kangjian",
        "popular_area_ids": [
          "kangjian"
        ],
        "anchor_area_id": "kangjian",
        "status": "accepted",
        "failures": [],
        "crs": "CRS84/WGS84 (lon,lat)",
        "coordinate_count": 51,
        "start": [
          121.412115,
          31.156427
        ],
        "end": [
          121.412115,
          31.156427
        ],
        "start_marker": [
          121.412115,
          31.156427
        ],
        "end_marker": [
          121.412115,
          31.156427
        ],
        "navigation_nodes": 2,
        "long_distance": false,
        "bbox": [
          121.412103,
          31.154228,
          121.442378,
          31.166535
        ],
        "geometry_provenance": "osm_highway_snapped",
        "road_snapping_ratio": 1.0,
        "road_snapping_provenance": "construction_guaranteed",
        "in_district_ratio": 1.0,
        "endpoint_offset_m": 0.0,
        "circuity": 1.0,
        "repeated_edge_count": 0,
        "proper_self_intersection_count": 0,
        "local_uturn_count": 0,
        "local_return_loop_count": 0,
        "park_relation": {
          "poi_id": 1430475329,
          "name_zh": "康健绿苑",
          "coord": [
            121.415912,
            31.15532
          ],
          "distance_m": 77.3,
          "relation": "along_route",
          "label": "公园入口",
          "provenance": "deterministic_computation"
        },
        "edge_count": 193,
        "anchor_origin": "area:kangjian",
        "planned_kind": "strict_loop",
        "api_distance_error": null,
        "api_distance_provenance": "not_applicable_no_credentials"
      }
    },
    {
      "type": "Feature",
      "id": "XH_RUN_0045",
      "geometry": {
        "type": "LineString",
        "coordinates": [
          [
            121.450986,
            31.21183
          ],
          [
            121.449546,
            31.211411
          ],
          [
            121.44932,
            31.212234
          ],
          [
            121.447535,
            31.211047
          ],
          [
            121.446866,
            31.210839
          ],
          [
            121.445428,
            31.211381
          ],
          [
            121.444043,
            31.211283
          ],
          [
            121.44299,
            31.210906
          ],
          [
            121.442419,
            31.211655
          ],
          [
            121.432783,
            31.205526
          ],
          [
            121.430664,
            31.204039
          ],
          [
            121.429086,
            31.203348
          ],
          [
            121.422227,
            31.200618
          ],
          [
            121.420146,
            31.199709
          ],
          [
            121.419331,
            31.199241
          ],
          [
            121.418987,
            31.198855
          ],
          [
            121.419613,
            31.198672
          ],
          [
            121.419486,
            31.198509
          ],
          [
            121.419123,
            31.198449
          ],
          [
            121.41912,
            31.197958
          ],
          [
            121.419369,
            31.197038
          ],
          [
            121.420456,
            31.196773
          ],
          [
            121.424662,
            31.195466
          ],
          [
            121.426136,
            31.19581
          ],
          [
            121.427284,
            31.19622
          ],
          [
            121.428126,
            31.196676
          ],
          [
            121.429032,
            31.197353
          ],
          [
            121.429462,
            31.198096
          ],
          [
            121.430355,
            31.198965
          ],
          [
            121.43223,
            31.200152
          ],
          [
            121.438568,
            31.201915
          ],
          [
            121.441233,
            31.205435
          ],
          [
            121.443033,
            31.206045
          ],
          [
            121.447769,
            31.207903
          ],
          [
            121.448685,
            31.20814
          ],
          [
            121.450221,
            31.209142
          ],
          [
            121.453355,
            31.210969
          ],
          [
            121.453107,
            31.212684
          ],
          [
            121.450986,
            31.21183
          ]
        ]
      },
      "properties": {
        "route_id": "XH_RUN_0045",
        "name_zh": "衡复风貌区·中距离跑闭环路线15",
        "mode": "run",
        "mode_label": "跑步",
        "kind": "strict_loop",
        "kind_label": "闭环路线",
        "band": 1,
        "band_label": "5–10 km",
        "band_label_zh": "中距离跑",
        "actual_distance_m": 8230.3,
        "distance_m": 8230.3,
        "target_distance_m": 7500.0,
        "distance_error": 0.097367,
        "duration_min": 54.9,
        "speed_kmh": 9.0,
        "speed_provenance": "manual_setting",
        "area": "hengfu",
        "area_name_zh": "衡复风貌区",
        "area_name_en": "Hengfu Historical Area",
        "popular_area_ids": [
          "hengfu"
        ],
        "anchor_area_id": "caohejing",
        "status": "accepted",
        "failures": [],
        "crs": "CRS84/WGS84 (lon,lat)",
        "coordinate_count": 39,
        "start": [
          121.450986,
          31.21183
        ],
        "end": [
          121.450986,
          31.21183
        ],
        "start_marker": [
          121.450986,
          31.21183
        ],
        "end_marker": [
          121.450986,
          31.21183
        ],
        "navigation_nodes": 2,
        "long_distance": false,
        "bbox": [
          121.418987,
          31.195466,
          121.453355,
          31.212684
        ],
        "geometry_provenance": "osm_highway_snapped",
        "road_snapping_ratio": 1.0,
        "road_snapping_provenance": "construction_guaranteed",
        "in_district_ratio": 0.99069,
        "endpoint_offset_m": 0.0,
        "circuity": 1.0,
        "repeated_edge_count": 0,
        "proper_self_intersection_count": 0,
        "local_uturn_count": 0,
        "local_return_loop_count": 0,
        "park_relation": {
          "poi_id": 477138725,
          "name_zh": "",
          "coord": [
            121.447132,
            31.210781
          ],
          "distance_m": 14.5,
          "relation": "along_route",
          "label": "公园入口",
          "provenance": "deterministic_computation"
        },
        "edge_count": 167,
        "anchor_origin": "area:hengfu",
        "planned_kind": "strict_loop",
        "api_distance_error": null,
        "api_distance_provenance": "not_applicable_no_credentials"
      }
    },
    {
      "type": "Feature",
      "id": "XH_RUN_0046",
      "geometry": {
        "type": "LineString",
        "coordinates": [
          [
            121.447905,
            31.123203
          ],
          [
            121.447544,
            31.122837
          ],
          [
            121.447543,
            31.122672
          ],
          [
            121.447635,
            31.122608
          ],
          [
            121.452045,
            31.124701
          ],
          [
            121.451931,
            31.126403
          ],
          [
            121.450805,
            31.130785
          ],
          [
            121.448504,
            31.137492
          ],
          [
            121.44865,
            31.13753
          ],
          [
            121.447162,
            31.14119
          ],
          [
            121.45049,
            31.141959
          ],
          [
            121.449637,
            31.145792
          ],
          [
            121.449689,
            31.146314
          ],
          [
            121.450667,
            31.150102
          ],
          [
            121.450992,
            31.15072
          ],
          [
            121.451753,
            31.151647
          ],
          [
            121.45488,
            31.154764
          ],
          [
            121.458217,
            31.158985
          ],
          [
            121.45982,
            31.16077
          ],
          [
            121.460114,
            31.161326
          ],
          [
            121.460284,
            31.16244
          ],
          [
            121.460103,
            31.163374
          ],
          [
            121.458511,
            31.165827
          ],
          [
            121.458072,
            31.167047
          ],
          [
            121.458085,
            31.168025
          ],
          [
            121.458744,
            31.170008
          ],
          [
            121.458831,
            31.170781
          ],
          [
            121.458737,
            31.171312
          ],
          [
            121.458148,
            31.172935
          ],
          [
            121.458243,
            31.172989
          ],
          [
            121.457614,
            31.174816
          ],
          [
            121.457184,
            31.177268
          ],
          [
            121.457118,
            31.178302
          ],
          [
            121.45742,
            31.17952
          ],
          [
            121.458998,
            31.183213
          ],
          [
            121.459058,
            31.183161
          ],
          [
            121.459787,
            31.183199
          ],
          [
            121.460838,
            31.185009
          ],
          [
            121.461428,
            31.185757
          ],
          [
            121.462029,
            31.186312
          ],
          [
            121.461872,
            31.187145
          ],
          [
            121.462148,
            31.187354
          ],
          [
            121.46206,
            31.187443
          ],
          [
            121.462578,
            31.187869
          ]
        ]
      },
      "properties": {
        "route_id": "XH_RUN_0046",
        "name_zh": "华泾·中距离跑单程路线16",
        "mode": "run",
        "mode_label": "跑步",
        "kind": "one_way",
        "kind_label": "单程路线",
        "band": 1,
        "band_label": "5–10 km",
        "band_label_zh": "中距离跑",
        "actual_distance_m": 8512.0,
        "distance_m": 8512.0,
        "target_distance_m": 7500.0,
        "distance_error": 0.13493,
        "duration_min": 56.7,
        "speed_kmh": 9.0,
        "speed_provenance": "manual_setting",
        "area": "huajing",
        "area_name_zh": "华泾",
        "area_name_en": "Huajing",
        "popular_area_ids": [
          "huajing"
        ],
        "anchor_area_id": "huajing",
        "status": "accepted",
        "failures": [],
        "crs": "CRS84/WGS84 (lon,lat)",
        "coordinate_count": 44,
        "start": [
          121.447905,
          31.123203
        ],
        "end": [
          121.462578,
          31.187869
        ],
        "start_marker": [
          121.447905,
          31.123203
        ],
        "end_marker": [
          121.462578,
          31.187869
        ],
        "navigation_nodes": 2,
        "long_distance": false,
        "bbox": [
          121.447162,
          31.122608,
          121.462578,
          31.187869
        ],
        "geometry_provenance": "osm_highway_snapped",
        "road_snapping_ratio": 1.0,
        "road_snapping_provenance": "construction_guaranteed",
        "in_district_ratio": 1.0,
        "endpoint_offset_m": 7324.89,
        "circuity": 1.1621,
        "repeated_edge_count": 0,
        "proper_self_intersection_count": 0,
        "local_uturn_count": 0,
        "local_return_loop_count": 0,
        "park_relation": {
          "poi_id": 870546902,
          "name_zh": "",
          "coord": [
            121.457891,
            31.175096
          ],
          "distance_m": 26.4,
          "relation": "along_route",
          "label": "公园入口",
          "provenance": "deterministic_computation"
        },
        "edge_count": 179,
        "anchor_origin": "area:huajing",
        "planned_kind": "one_way",
        "api_distance_error": null,
        "api_distance_provenance": "not_applicable_no_credentials"
      }
    },
    {
      "type": "Feature",
      "id": "XH_RUN_0047",
      "geometry": {
        "type": "LineString",
        "coordinates": [
          [
            121.458569,
            31.174601
          ],
          [
            121.458539,
            31.17472
          ],
          [
            121.458135,
            31.174638
          ],
          [
            121.458412,
            31.173524
          ],
          [
            121.458437,
            31.173015
          ],
          [
            121.459061,
            31.171334
          ],
          [
            121.459149,
            31.170462
          ],
          [
            121.45893,
            31.170354
          ],
          [
            121.458287,
            31.168389
          ],
          [
            121.458155,
            31.167729
          ],
          [
            121.458165,
            31.167174
          ],
          [
            121.458514,
            31.166044
          ],
          [
            121.460272,
            31.163252
          ],
          [
            121.460456,
            31.162355
          ],
          [
            121.460353,
            31.161515
          ],
          [
            121.459888,
            31.160612
          ],
          [
            121.458309,
            31.158913
          ],
          [
            121.454987,
            31.154689
          ],
          [
            121.451731,
            31.15137
          ],
          [
            121.451192,
            31.150721
          ],
          [
            121.450697,
            31.149698
          ],
          [
            121.449846,
            31.146235
          ],
          [
            121.449821,
            31.145732
          ],
          [
            121.450657,
            31.142004
          ],
          [
            121.451972,
            31.137809
          ],
          [
            121.453608,
            31.135339
          ],
          [
            121.45562,
            31.131555
          ],
          [
            121.455951,
            31.131086
          ],
          [
            121.456469,
            31.13061
          ],
          [
            121.456379,
            31.13052
          ],
          [
            121.457973,
            31.129233
          ],
          [
            121.45854,
            31.128435
          ],
          [
            121.459658,
            31.126044
          ],
          [
            121.459846,
            31.125269
          ],
          [
            121.460045,
            31.123082
          ],
          [
            121.459988,
            31.122387
          ],
          [
            121.459874,
            31.121848
          ],
          [
            121.458542,
            31.119141
          ],
          [
            121.457621,
            31.117886
          ],
          [
            121.457003,
            31.117209
          ],
          [
            121.456683,
            31.116698
          ],
          [
            121.45651,
            31.116267
          ],
          [
            121.456311,
            31.114358
          ],
          [
            121.455942,
            31.114293
          ],
          [
            121.455757,
            31.114043
          ],
          [
            121.454598,
            31.113919
          ],
          [
            121.453253,
            31.109243
          ],
          [
            121.453348,
            31.108552
          ],
          [
            121.451995,
            31.108489
          ]
        ]
      },
      "properties": {
        "route_id": "XH_RUN_0047",
        "name_zh": "徐汇滨江与西岸·中距离跑单程路线17",
        "mode": "run",
        "mode_label": "跑步",
        "kind": "one_way",
        "kind_label": "单程路线",
        "band": 1,
        "band_label": "5–10 km",
        "band_label_zh": "中距离跑",
        "actual_distance_m": 8390.7,
        "distance_m": 8390.7,
        "target_distance_m": 7500.0,
        "distance_error": 0.118761,
        "duration_min": 55.9,
        "speed_kmh": 9.0,
        "speed_provenance": "manual_setting",
        "area": "west_bund",
        "area_name_zh": "徐汇滨江与西岸",
        "area_name_en": "West Bund / Xuhui Riverside",
        "popular_area_ids": [
          "west_bund"
        ],
        "anchor_area_id": "west_bund",
        "status": "accepted",
        "failures": [],
        "crs": "CRS84/WGS84 (lon,lat)",
        "coordinate_count": 49,
        "start": [
          121.458569,
          31.174601
        ],
        "end": [
          121.451995,
          31.108489
        ],
        "start_marker": [
          121.458569,
          31.174601
        ],
        "end_marker": [
          121.451995,
          31.108489
        ],
        "navigation_nodes": 2,
        "long_distance": false,
        "bbox": [
          121.449821,
          31.108489,
          121.460456,
          31.17472
        ],
        "geometry_provenance": "osm_highway_snapped",
        "road_snapping_ratio": 1.0,
        "road_snapping_provenance": "construction_guaranteed",
        "in_district_ratio": 1.0,
        "endpoint_offset_m": 7377.88,
        "circuity": 1.1373,
        "repeated_edge_count": 0,
        "proper_self_intersection_count": 0,
        "local_uturn_count": 0,
        "local_return_loop_count": 0,
        "park_relation": {
          "poi_id": 499565665,
          "name_zh": "",
          "coord": [
            121.45637,
            31.115121
          ],
          "distance_m": 1.7,
          "relation": "along_route",
          "label": "公园入口",
          "provenance": "deterministic_computation"
        },
        "edge_count": 158,
        "anchor_origin": "area:west_bund",
        "planned_kind": "one_way",
        "api_distance_error": null,
        "api_distance_provenance": "not_applicable_no_credentials"
      }
    },
    {
      "type": "Feature",
      "id": "XH_RUN_0048",
      "geometry": {
        "type": "LineString",
        "coordinates": [
          [
            121.445549,
            31.175047
          ],
          [
            121.44421,
            31.175244
          ],
          [
            121.444183,
            31.175024
          ],
          [
            121.442044,
            31.173206
          ],
          [
            121.441966,
            31.172969
          ],
          [
            121.440467,
            31.172579
          ],
          [
            121.440477,
            31.172315
          ],
          [
            121.440318,
            31.172263
          ],
          [
            121.440746,
            31.169815
          ],
          [
            121.4409,
            31.168339
          ],
          [
            121.441155,
            31.167303
          ],
          [
            121.442436,
            31.164767
          ],
          [
            121.443476,
            31.16304
          ],
          [
            121.44476,
            31.160644
          ],
          [
            121.445344,
            31.159279
          ],
          [
            121.445559,
            31.157841
          ],
          [
            121.446378,
            31.144002
          ],
          [
            121.446522,
            31.1429
          ],
          [
            121.446689,
            31.14231
          ],
          [
            121.44865,
            31.13753
          ],
          [
            121.449977,
            31.133814
          ],
          [
            121.450974,
            31.130826
          ],
          [
            121.452097,
            31.126399
          ],
          [
            121.452402,
            31.122537
          ],
          [
            121.452404,
            31.120123
          ],
          [
            121.452228,
            31.118435
          ],
          [
            121.450347,
            31.111763
          ],
          [
            121.449877,
            31.109982
          ],
          [
            121.449633,
            31.108623
          ],
          [
            121.449603,
            31.106746
          ],
          [
            121.449721,
            31.104324
          ],
          [
            121.449933,
            31.103528
          ]
        ]
      },
      "properties": {
        "route_id": "XH_RUN_0048",
        "name_zh": "龙华·中距离跑单程路线18",
        "mode": "run",
        "mode_label": "跑步",
        "kind": "one_way",
        "kind_label": "单程路线",
        "band": 1,
        "band_label": "5–10 km",
        "band_label_zh": "中距离跑",
        "actual_distance_m": 8511.4,
        "distance_m": 8511.4,
        "target_distance_m": 7500.0,
        "distance_error": 0.134849,
        "duration_min": 56.7,
        "speed_kmh": 9.0,
        "speed_provenance": "manual_setting",
        "area": "longhua",
        "area_name_zh": "龙华",
        "area_name_en": "Longhua",
        "popular_area_ids": [
          "longhua"
        ],
        "anchor_area_id": "longhua",
        "status": "accepted",
        "failures": [],
        "crs": "CRS84/WGS84 (lon,lat)",
        "coordinate_count": 32,
        "start": [
          121.445549,
          31.175047
        ],
        "end": [
          121.449933,
          31.103528
        ],
        "start_marker": [
          121.445549,
          31.175047
        ],
        "end_marker": [
          121.449933,
          31.103528
        ],
        "navigation_nodes": 2,
        "long_distance": false,
        "bbox": [
          121.440318,
          31.103528,
          121.452404,
          31.175244
        ],
        "geometry_provenance": "osm_highway_snapped",
        "road_snapping_ratio": 1.0,
        "road_snapping_provenance": "construction_guaranteed",
        "in_district_ratio": 1.0,
        "endpoint_offset_m": 7963.53,
        "circuity": 1.0688,
        "repeated_edge_count": 0,
        "proper_self_intersection_count": 0,
        "local_uturn_count": 0,
        "local_return_loop_count": 0,
        "park_relation": {
          "poi_id": 12008684563,
          "name_zh": "等风来",
          "coord": [
            121.444877,
            31.15057
          ],
          "distance_m": 90.6,
          "relation": "along_route",
          "label": "公园入口",
          "provenance": "deterministic_computation"
        },
        "edge_count": 114,
        "anchor_origin": "area:longhua",
        "planned_kind": "one_way",
        "api_distance_error": null,
        "api_distance_provenance": "not_applicable_no_credentials"
      }
    },
    {
      "type": "Feature",
      "id": "XH_RUN_0049",
      "geometry": {
        "type": "LineString",
        "coordinates": [
          [
            121.447875,
            31.200932
          ],
          [
            121.449327,
            31.201484
          ],
          [
            121.448887,
            31.202316
          ],
          [
            121.444823,
            31.200897
          ],
          [
            121.440244,
            31.198891
          ],
          [
            121.439524,
            31.198532
          ],
          [
            121.436981,
            31.19695
          ],
          [
            121.434413,
            31.195319
          ],
          [
            121.434175,
            31.195096
          ],
          [
            121.433491,
            31.193124
          ],
          [
            121.432483,
            31.189504
          ],
          [
            121.432405,
            31.188098
          ],
          [
            121.431875,
            31.184401
          ],
          [
            121.43167,
            31.18178
          ],
          [
            121.430819,
            31.176334
          ],
          [
            121.430272,
            31.171374
          ],
          [
            121.429681,
            31.167408
          ],
          [
            121.429468,
            31.16741
          ],
          [
            121.429286,
            31.165974
          ],
          [
            121.429014,
            31.164821
          ],
          [
            121.428433,
            31.163533
          ],
          [
            121.428159,
            31.16303
          ],
          [
            121.427244,
            31.162007
          ],
          [
            121.42365,
            31.158559
          ],
          [
            121.42358,
            31.158401
          ],
          [
            121.422752,
            31.157747
          ],
          [
            121.416513,
            31.151845
          ],
          [
            121.416347,
            31.151559
          ],
          [
            121.414638,
            31.149905
          ],
          [
            121.412165,
            31.147752
          ],
          [
            121.407471,
            31.143173
          ]
        ]
      },
      "properties": {
        "route_id": "XH_RUN_0049",
        "name_zh": "徐家汇·中距离跑单程路线19",
        "mode": "run",
        "mode_label": "跑步",
        "kind": "one_way",
        "kind_label": "单程路线",
        "band": 1,
        "band_label": "5–10 km",
        "band_label_zh": "中距离跑",
        "actual_distance_m": 8479.5,
        "distance_m": 8479.5,
        "target_distance_m": 7500.0,
        "distance_error": 0.130599,
        "duration_min": 56.5,
        "speed_kmh": 9.0,
        "speed_provenance": "manual_setting",
        "area": "xujiahui",
        "area_name_zh": "徐家汇",
        "area_name_en": "Xujiahui",
        "popular_area_ids": [
          "xujiahui"
        ],
        "anchor_area_id": "xujiahui",
        "status": "accepted",
        "failures": [],
        "crs": "CRS84/WGS84 (lon,lat)",
        "coordinate_count": 31,
        "start": [
          121.447875,
          31.200932
        ],
        "end": [
          121.407471,
          31.143173
        ],
        "start_marker": [
          121.447875,
          31.200932
        ],
        "end_marker": [
          121.407471,
          31.143173
        ],
        "navigation_nodes": 2,
        "long_distance": false,
        "bbox": [
          121.407471,
          31.143173,
          121.449327,
          31.202316
        ],
        "geometry_provenance": "osm_highway_snapped",
        "road_snapping_ratio": 1.0,
        "road_snapping_provenance": "construction_guaranteed",
        "in_district_ratio": 1.0,
        "endpoint_offset_m": 7485.01,
        "circuity": 1.1329,
        "repeated_edge_count": 0,
        "proper_self_intersection_count": 0,
        "local_uturn_count": 0,
        "local_return_loop_count": 0,
        "park_relation": {
          "poi_id": 899417942,
          "name_zh": "",
          "coord": [
            121.432268,
            31.186473
          ],
          "distance_m": 7.8,
          "relation": "along_route",
          "label": "公园入口",
          "provenance": "deterministic_computation"
        },
        "edge_count": 107,
        "anchor_origin": "area:xujiahui",
        "planned_kind": "one_way",
        "api_distance_error": null,
        "api_distance_provenance": "not_applicable_no_credentials"
      }
    },
    {
      "type": "Feature",
      "id": "XH_RUN_0050",
      "geometry": {
        "type": "LineString",
        "coordinates": [
          [
            121.450986,
            31.21183
          ],
          [
            121.449546,
            31.211411
          ],
          [
            121.450221,
            31.209142
          ],
          [
            121.44888,
            31.208236
          ],
          [
            121.448445,
            31.208055
          ],
          [
            121.447769,
            31.207903
          ],
          [
            121.443033,
            31.206045
          ],
          [
            121.441233,
            31.205435
          ],
          [
            121.438568,
            31.201915
          ],
          [
            121.43223,
            31.200152
          ],
          [
            121.430355,
            31.198965
          ],
          [
            121.42976,
            31.19843
          ],
          [
            121.429462,
            31.198096
          ],
          [
            121.428612,
            31.196669
          ],
          [
            121.424027,
            31.188564
          ],
          [
            121.423445,
            31.187092
          ],
          [
            121.42261,
            31.185633
          ],
          [
            121.421577,
            31.18347
          ],
          [
            121.419624,
            31.179988
          ],
          [
            121.418486,
            31.178694
          ],
          [
            121.41736,
            31.177833
          ],
          [
            121.415402,
            31.176989
          ],
          [
            121.413262,
            31.176504
          ],
          [
            121.404848,
            31.174872
          ],
          [
            121.393005,
            31.172433
          ],
          [
            121.386888,
            31.170497
          ]
        ]
      },
      "properties": {
        "route_id": "XH_RUN_0050",
        "name_zh": "衡复风貌区·中距离跑单程路线20",
        "mode": "run",
        "mode_label": "跑步",
        "kind": "one_way",
        "kind_label": "单程路线",
        "band": 1,
        "band_label": "5–10 km",
        "band_label_zh": "中距离跑",
        "actual_distance_m": 8375.5,
        "distance_m": 8375.5,
        "target_distance_m": 7500.0,
        "distance_error": 0.116729,
        "duration_min": 55.8,
        "speed_kmh": 9.0,
        "speed_provenance": "manual_setting",
        "area": "hengfu",
        "area_name_zh": "衡复风貌区",
        "area_name_en": "Hengfu Historical Area",
        "popular_area_ids": [
          "hengfu"
        ],
        "anchor_area_id": "hengfu",
        "status": "accepted",
        "failures": [],
        "crs": "CRS84/WGS84 (lon,lat)",
        "coordinate_count": 26,
        "start": [
          121.450986,
          31.21183
        ],
        "end": [
          121.386888,
          31.170497
        ],
        "start_marker": [
          121.450986,
          31.21183
        ],
        "end_marker": [
          121.386888,
          31.170497
        ],
        "navigation_nodes": 2,
        "long_distance": false,
        "bbox": [
          121.386888,
          31.170497,
          121.450986,
          31.21183
        ],
        "geometry_provenance": "osm_highway_snapped",
        "road_snapping_ratio": 1.0,
        "road_snapping_provenance": "construction_guaranteed",
        "in_district_ratio": 1.0,
        "endpoint_offset_m": 7635.2,
        "circuity": 1.097,
        "repeated_edge_count": 0,
        "proper_self_intersection_count": 0,
        "local_uturn_count": 0,
        "local_return_loop_count": 0,
        "park_relation": {
          "poi_id": 619829470,
          "name_zh": "青之杰花园",
          "coord": [
            121.427077,
            31.193021
          ],
          "distance_m": 40.1,
          "relation": "along_route",
          "label": "公园入口",
          "provenance": "deterministic_computation"
        },
        "edge_count": 118,
        "anchor_origin": "area:hengfu",
        "planned_kind": "one_way",
        "api_distance_error": null,
        "api_distance_provenance": "not_applicable_no_credentials"
      }
    },
    {
      "type": "Feature",
      "id": "XH_RUN_0051",
      "geometry": {
        "type": "LineString",
        "coordinates": [
          [
            121.445549,
            31.175047
          ],
          [
            121.44421,
            31.175244
          ],
          [
            121.444183,
            31.175024
          ],
          [
            121.442044,
            31.173206
          ],
          [
            121.441966,
            31.172969
          ],
          [
            121.433148,
            31.170659
          ],
          [
            121.432011,
            31.1704
          ],
          [
            121.430106,
            31.170165
          ],
          [
            121.429499,
            31.165937
          ],
          [
            121.429205,
            31.164744
          ],
          [
            121.42876,
            31.163614
          ],
          [
            121.42788,
            31.162271
          ],
          [
            121.427507,
            31.161791
          ],
          [
            121.424542,
            31.158992
          ],
          [
            121.423548,
            31.157939
          ],
          [
            121.423441,
            31.157724
          ],
          [
            121.421266,
            31.155607
          ],
          [
            121.420528,
            31.155082
          ],
          [
            121.41964,
            31.154199
          ],
          [
            121.420096,
            31.153464
          ],
          [
            121.422749,
            31.150218
          ],
          [
            121.423111,
            31.149596
          ],
          [
            121.423954,
            31.148632
          ],
          [
            121.42385,
            31.148588
          ],
          [
            121.42438,
            31.144429
          ],
          [
            121.42465,
            31.143612
          ],
          [
            121.425193,
            31.142459
          ],
          [
            121.42568,
            31.141785
          ],
          [
            121.42389,
            31.140898
          ],
          [
            121.422243,
            31.140287
          ],
          [
            121.423579,
            31.137044
          ],
          [
            121.42022,
            31.136295
          ],
          [
            121.420327,
            31.136031
          ],
          [
            121.424993,
            31.137148
          ],
          [
            121.428296,
            31.138419
          ],
          [
            121.431164,
            31.139218
          ],
          [
            121.433989,
            31.139824
          ],
          [
            121.433942,
            31.139925
          ],
          [
            121.435879,
            31.140601
          ],
          [
            121.434277,
            31.143584
          ],
          [
            121.434003,
            31.144155
          ],
          [
            121.434117,
            31.144165
          ],
          [
            121.434086,
            31.144295
          ],
          [
            121.434961,
            31.144386
          ],
          [
            121.434949,
            31.144747
          ],
          [
            121.435091,
            31.144923
          ],
          [
            121.435435,
            31.144939
          ],
          [
            121.435944,
            31.145152
          ],
          [
            121.436202,
            31.145585
          ],
          [
            121.438319,
            31.146299
          ],
          [
            121.439765,
            31.146587
          ],
          [
            121.439926,
            31.146736
          ],
          [
            121.44046,
            31.146987
          ],
          [
            121.440929,
            31.147035
          ],
          [
            121.441229,
            31.147363
          ],
          [
            121.441581,
            31.148052
          ],
          [
            121.441676,
            31.14814
          ],
          [
            121.441881,
            31.148152
          ],
          [
            121.441773,
            31.14855
          ],
          [
            121.441424,
            31.152144
          ],
          [
            121.441434,
            31.152354
          ],
          [
            121.441621,
            31.152681
          ],
          [
            121.441179,
            31.154173
          ],
          [
            121.445497,
            31.155349
          ],
          [
            121.445266,
            31.158821
          ],
          [
            121.447066,
            31.158924
          ],
          [
            121.446534,
            31.162158
          ],
          [
            121.445926,
            31.1632
          ],
          [
            121.4473,
            31.163501
          ],
          [
            121.448964,
            31.164078
          ],
          [
            121.44862,
            31.164801
          ],
          [
            121.446699,
            31.167673
          ],
          [
            121.44653,
            31.168464
          ],
          [
            121.446747,
            31.168883
          ],
          [
            121.44859,
            31.170035
          ],
          [
            121.449306,
            31.170631
          ],
          [
            121.449207,
            31.171106
          ],
          [
            121.449308,
            31.171957
          ],
          [
            121.448887,
            31.172147
          ],
          [
            121.446349,
            31.174474
          ],
          [
            121.445549,
            31.175047
          ]
        ]
      },
      "properties": {
        "route_id": "XH_RUN_0051",
        "name_zh": "龙华·长距离跑闭环路线21",
        "mode": "run",
        "mode_label": "跑步",
        "kind": "strict_loop",
        "kind_label": "闭环路线",
        "band": 2,
        "band_label": "10–15 km",
        "band_label_zh": "长距离跑",
        "actual_distance_m": 13400.5,
        "distance_m": 13400.5,
        "target_distance_m": 12500.0,
        "distance_error": 0.072038,
        "duration_min": 89.3,
        "speed_kmh": 9.0,
        "speed_provenance": "manual_setting",
        "area": "longhua",
        "area_name_zh": "龙华",
        "area_name_en": "Longhua",
        "popular_area_ids": [
          "longhua"
        ],
        "anchor_area_id": "shanghai_botanical_garden",
        "status": "accepted",
        "failures": [],
        "crs": "CRS84/WGS84 (lon,lat)",
        "coordinate_count": 81,
        "start": [
          121.445549,
          31.175047
        ],
        "end": [
          121.445549,
          31.175047
        ],
        "start_marker": [
          121.445549,
          31.175047
        ],
        "end_marker": [
          121.445549,
          31.175047
        ],
        "navigation_nodes": 2,
        "long_distance": false,
        "bbox": [
          121.41964,
          31.136031,
          121.449308,
          31.175244
        ],
        "geometry_provenance": "osm_highway_snapped",
        "road_snapping_ratio": 1.0,
        "road_snapping_provenance": "construction_guaranteed",
        "in_district_ratio": 1.0,
        "endpoint_offset_m": 0.0,
        "circuity": 1.0,
        "repeated_edge_count": 0,
        "proper_self_intersection_count": 0,
        "local_uturn_count": 0,
        "local_return_loop_count": 0,
        "park_relation": {
          "poi_id": 407156605,
          "name_zh": "",
          "coord": [
            121.441112,
            31.147612
          ],
          "distance_m": 18.8,
          "relation": "along_route",
          "label": "公园入口",
          "provenance": "deterministic_computation"
        },
        "edge_count": 274,
        "anchor_origin": "area:longhua",
        "planned_kind": "strict_loop",
        "api_distance_error": null,
        "api_distance_provenance": "not_applicable_no_credentials"
      }
    },
    {
      "type": "Feature",
      "id": "XH_RUN_0052",
      "geometry": {
        "type": "LineString",
        "coordinates": [
          [
            121.445549,
            31.175047
          ],
          [
            121.44421,
            31.175244
          ],
          [
            121.444183,
            31.175024
          ],
          [
            121.442044,
            31.173206
          ],
          [
            121.441966,
            31.172969
          ],
          [
            121.440467,
            31.172579
          ],
          [
            121.440477,
            31.172315
          ],
          [
            121.440318,
            31.172263
          ],
          [
            121.440746,
            31.169815
          ],
          [
            121.4409,
            31.168339
          ],
          [
            121.441155,
            31.167303
          ],
          [
            121.442436,
            31.164767
          ],
          [
            121.443476,
            31.16304
          ],
          [
            121.44476,
            31.160644
          ],
          [
            121.445344,
            31.159279
          ],
          [
            121.445559,
            31.157841
          ],
          [
            121.446378,
            31.144002
          ],
          [
            121.446522,
            31.1429
          ],
          [
            121.446689,
            31.14231
          ],
          [
            121.44865,
            31.13753
          ],
          [
            121.450974,
            31.130826
          ],
          [
            121.452097,
            31.126399
          ],
          [
            121.452155,
            31.125741
          ],
          [
            121.452448,
            31.125814
          ],
          [
            121.45256,
            31.122059
          ],
          [
            121.4527,
            31.122055
          ],
          [
            121.452705,
            31.121977
          ],
          [
            121.460176,
            31.12289
          ],
          [
            121.459977,
            31.12526
          ],
          [
            121.459496,
            31.126802
          ],
          [
            121.458477,
            31.128851
          ],
          [
            121.457921,
            31.129531
          ],
          [
            121.45675,
            31.130447
          ],
          [
            121.455838,
            31.131347
          ],
          [
            121.453694,
            31.135358
          ],
          [
            121.452048,
            31.137781
          ],
          [
            121.450686,
            31.142116
          ],
          [
            121.449911,
            31.14547
          ],
          [
            121.449927,
            31.146421
          ],
          [
            121.450686,
            31.149407
          ],
          [
            121.450994,
            31.150236
          ],
          [
            121.451627,
            31.151179
          ],
          [
            121.452515,
            31.152047
          ],
          [
            121.451588,
            31.153017
          ],
          [
            121.451151,
            31.153677
          ],
          [
            121.450435,
            31.158475
          ],
          [
            121.449991,
            31.160572
          ],
          [
            121.448964,
            31.164078
          ],
          [
            121.45219,
            31.165629
          ],
          [
            121.450382,
            31.169122
          ],
          [
            121.449087,
            31.170935
          ],
          [
            121.449265,
            31.172044
          ],
          [
            121.448862,
            31.172266
          ],
          [
            121.44874,
            31.172192
          ],
          [
            121.448292,
            31.172726
          ],
          [
            121.446562,
            31.174287
          ],
          [
            121.445957,
            31.174805
          ],
          [
            121.445549,
            31.175047
          ]
        ]
      },
      "properties": {
        "route_id": "XH_RUN_0052",
        "name_zh": "龙华·长距离跑闭环路线22",
        "mode": "run",
        "mode_label": "跑步",
        "kind": "strict_loop",
        "kind_label": "闭环路线",
        "band": 2,
        "band_label": "10–15 km",
        "band_label_zh": "长距离跑",
        "actual_distance_m": 13773.2,
        "distance_m": 13773.2,
        "target_distance_m": 12500.0,
        "distance_error": 0.101858,
        "duration_min": 91.8,
        "speed_kmh": 9.0,
        "speed_provenance": "manual_setting",
        "area": "longhua",
        "area_name_zh": "龙华",
        "area_name_en": "Longhua",
        "popular_area_ids": [
          "longhua"
        ],
        "anchor_area_id": "kangjian",
        "status": "accepted",
        "failures": [],
        "crs": "CRS84/WGS84 (lon,lat)",
        "coordinate_count": 58,
        "start": [
          121.445549,
          31.175047
        ],
        "end": [
          121.445549,
          31.175047
        ],
        "start_marker": [
          121.445549,
          31.175047
        ],
        "end_marker": [
          121.445549,
          31.175047
        ],
        "navigation_nodes": 2,
        "long_distance": false,
        "bbox": [
          121.440318,
          31.121977,
          121.460176,
          31.175244
        ],
        "geometry_provenance": "osm_highway_snapped",
        "road_snapping_ratio": 1.0,
        "road_snapping_provenance": "construction_guaranteed",
        "in_district_ratio": 1.0,
        "endpoint_offset_m": 0.0,
        "circuity": 1.0,
        "repeated_edge_count": 0,
        "proper_self_intersection_count": 0,
        "local_uturn_count": 0,
        "local_return_loop_count": 0,
        "park_relation": {
          "poi_id": 499565664,
          "name_zh": "世博绿色出行林",
          "coord": [
            121.459672,
            31.124236
          ],
          "distance_m": 31.9,
          "relation": "along_route",
          "label": "公园入口",
          "provenance": "deterministic_computation"
        },
        "edge_count": 237,
        "anchor_origin": "area:longhua",
        "planned_kind": "strict_loop",
        "api_distance_error": null,
        "api_distance_provenance": "not_applicable_no_credentials"
      }
    },
    {
      "type": "Feature",
      "id": "XH_RUN_0053",
      "geometry": {
        "type": "LineString",
        "coordinates": [
          [
            121.445549,
            31.175047
          ],
          [
            121.44421,
            31.175244
          ],
          [
            121.444183,
            31.175024
          ],
          [
            121.442044,
            31.173206
          ],
          [
            121.441966,
            31.172969
          ],
          [
            121.440467,
            31.172579
          ],
          [
            121.440477,
            31.172315
          ],
          [
            121.440318,
            31.172263
          ],
          [
            121.440746,
            31.169815
          ],
          [
            121.4409,
            31.168339
          ],
          [
            121.441155,
            31.167303
          ],
          [
            121.442436,
            31.164767
          ],
          [
            121.443476,
            31.16304
          ],
          [
            121.44476,
            31.160644
          ],
          [
            121.445344,
            31.159279
          ],
          [
            121.445439,
            31.158839
          ],
          [
            121.446275,
            31.14629
          ],
          [
            121.446046,
            31.146283
          ],
          [
            121.446126,
            31.144957
          ],
          [
            121.445695,
            31.144735
          ],
          [
            121.445789,
            31.144655
          ],
          [
            121.445662,
            31.144555
          ],
          [
            121.444265,
            31.143993
          ],
          [
            121.442395,
            31.143053
          ],
          [
            121.437287,
            31.140812
          ],
          [
            121.439299,
            31.135004
          ],
          [
            121.438349,
            31.134745
          ],
          [
            121.438806,
            31.132923
          ],
          [
            121.439616,
            31.130791
          ],
          [
            121.440453,
            31.129142
          ],
          [
            121.440821,
            31.128632
          ],
          [
            121.45146,
            31.129086
          ],
          [
            121.451767,
            31.127782
          ],
          [
            121.454155,
            31.128383
          ],
          [
            121.456379,
            31.13052
          ],
          [
            121.455924,
            31.130996
          ],
          [
            121.455271,
            31.131937
          ],
          [
            121.453514,
            31.135335
          ],
          [
            121.452117,
            31.137369
          ],
          [
            121.451751,
            31.138082
          ],
          [
            121.450378,
            31.142748
          ],
          [
            121.449799,
            31.14518
          ],
          [
            121.449753,
            31.146254
          ],
          [
            121.450648,
            31.149843
          ],
          [
            121.451123,
            31.150767
          ],
          [
            121.451659,
            31.151427
          ],
          [
            121.454931,
            31.154729
          ],
          [
            121.456319,
            31.156475
          ],
          [
            121.455758,
            31.157749
          ],
          [
            121.453278,
            31.172465
          ],
          [
            121.449769,
            31.172021
          ],
          [
            121.449265,
            31.172044
          ],
          [
            121.448937,
            31.172204
          ],
          [
            121.445957,
            31.174805
          ],
          [
            121.445549,
            31.175047
          ]
        ]
      },
      "properties": {
        "route_id": "XH_RUN_0053",
        "name_zh": "龙华·长距离跑闭环路线23",
        "mode": "run",
        "mode_label": "跑步",
        "kind": "strict_loop",
        "kind_label": "闭环路线",
        "band": 2,
        "band_label": "10–15 km",
        "band_label_zh": "长距离跑",
        "actual_distance_m": 13887.2,
        "distance_m": 13887.2,
        "target_distance_m": 12500.0,
        "distance_error": 0.110976,
        "duration_min": 92.6,
        "speed_kmh": 9.0,
        "speed_provenance": "manual_setting",
        "area": "longhua",
        "area_name_zh": "龙华",
        "area_name_en": "Longhua",
        "popular_area_ids": [
          "longhua"
        ],
        "anchor_area_id": "caohejing",
        "status": "accepted",
        "failures": [],
        "crs": "CRS84/WGS84 (lon,lat)",
        "coordinate_count": 55,
        "start": [
          121.445549,
          31.175047
        ],
        "end": [
          121.445549,
          31.175047
        ],
        "start_marker": [
          121.445549,
          31.175047
        ],
        "end_marker": [
          121.445549,
          31.175047
        ],
        "navigation_nodes": 2,
        "long_distance": false,
        "bbox": [
          121.437287,
          31.127782,
          121.456379,
          31.175244
        ],
        "geometry_provenance": "osm_highway_snapped",
        "road_snapping_ratio": 1.0,
        "road_snapping_provenance": "construction_guaranteed",
        "in_district_ratio": 1.0,
        "endpoint_offset_m": 0.0,
        "circuity": 1.0,
        "repeated_edge_count": 0,
        "proper_self_intersection_count": 0,
        "local_uturn_count": 0,
        "local_return_loop_count": 0,
        "park_relation": {
          "poi_id": 50330793,
          "name_zh": "龙华滨江休闲广场",
          "coord": [
            121.453934,
            31.153234
          ],
          "distance_m": 32.3,
          "relation": "along_route",
          "label": "公园入口",
          "provenance": "deterministic_computation"
        },
        "edge_count": 216,
        "anchor_origin": "area:longhua",
        "planned_kind": "strict_loop",
        "api_distance_error": null,
        "api_distance_provenance": "not_applicable_no_credentials"
      }
    },
    {
      "type": "Feature",
      "id": "XH_RUN_0054",
      "geometry": {
        "type": "LineString",
        "coordinates": [
          [
            121.445549,
            31.175047
          ],
          [
            121.44421,
            31.175244
          ],
          [
            121.444183,
            31.175024
          ],
          [
            121.442044,
            31.173206
          ],
          [
            121.441966,
            31.172969
          ],
          [
            121.433148,
            31.170659
          ],
          [
            121.432011,
            31.1704
          ],
          [
            121.430106,
            31.170165
          ],
          [
            121.429499,
            31.165937
          ],
          [
            121.429205,
            31.164744
          ],
          [
            121.42876,
            31.163614
          ],
          [
            121.42788,
            31.162271
          ],
          [
            121.427507,
            31.161791
          ],
          [
            121.424542,
            31.158992
          ],
          [
            121.423548,
            31.157939
          ],
          [
            121.423441,
            31.157724
          ],
          [
            121.421266,
            31.155607
          ],
          [
            121.420528,
            31.155082
          ],
          [
            121.41964,
            31.154199
          ],
          [
            121.420096,
            31.153464
          ],
          [
            121.422749,
            31.150218
          ],
          [
            121.423111,
            31.149596
          ],
          [
            121.423954,
            31.148632
          ],
          [
            121.42385,
            31.148588
          ],
          [
            121.42438,
            31.144429
          ],
          [
            121.42465,
            31.143612
          ],
          [
            121.425193,
            31.142459
          ],
          [
            121.42568,
            31.141785
          ],
          [
            121.42389,
            31.140898
          ],
          [
            121.422243,
            31.140287
          ],
          [
            121.422838,
            31.138842
          ],
          [
            121.419617,
            31.137854
          ],
          [
            121.42022,
            31.136295
          ],
          [
            121.424816,
            31.137369
          ],
          [
            121.427741,
            31.138435
          ],
          [
            121.431084,
            31.139374
          ],
          [
            121.433942,
            31.139925
          ],
          [
            121.433989,
            31.139824
          ],
          [
            121.435936,
            31.140339
          ],
          [
            121.434759,
            31.14245
          ],
          [
            121.433878,
            31.144265
          ],
          [
            121.433933,
            31.144324
          ],
          [
            121.433519,
            31.145823
          ],
          [
            121.433536,
            31.149231
          ],
          [
            121.432762,
            31.151717
          ],
          [
            121.435799,
            31.15265
          ],
          [
            121.435918,
            31.152767
          ],
          [
            121.434503,
            31.157463
          ],
          [
            121.437922,
            31.158705
          ],
          [
            121.441971,
            31.15985
          ],
          [
            121.441931,
            31.159963
          ],
          [
            121.447296,
            31.161252
          ],
          [
            121.449362,
            31.161473
          ],
          [
            121.450151,
            31.161665
          ],
          [
            121.45069,
            31.161867
          ],
          [
            121.451209,
            31.162212
          ],
          [
            121.45224,
            31.162689
          ],
          [
            121.454832,
            31.163784
          ],
          [
            121.453385,
            31.172412
          ],
          [
            121.449781,
            31.171951
          ],
          [
            121.449308,
            31.171957
          ],
          [
            121.449335,
            31.172023
          ],
          [
            121.448937,
            31.172204
          ],
          [
            121.448292,
            31.172726
          ],
          [
            121.445957,
            31.174805
          ],
          [
            121.445549,
            31.175047
          ]
        ]
      },
      "properties": {
        "route_id": "XH_RUN_0054",
        "name_zh": "龙华·长距离跑闭环路线24",
        "mode": "run",
        "mode_label": "跑步",
        "kind": "strict_loop",
        "kind_label": "闭环路线",
        "band": 2,
        "band_label": "10–15 km",
        "band_label_zh": "长距离跑",
        "actual_distance_m": 14046.6,
        "distance_m": 14046.6,
        "target_distance_m": 12500.0,
        "distance_error": 0.123726,
        "duration_min": 93.6,
        "speed_kmh": 9.0,
        "speed_provenance": "manual_setting",
        "area": "longhua",
        "area_name_zh": "龙华",
        "area_name_en": "Longhua",
        "popular_area_ids": [
          "longhua"
        ],
        "anchor_area_id": "huajing",
        "status": "accepted",
        "failures": [],
        "crs": "CRS84/WGS84 (lon,lat)",
        "coordinate_count": 66,
        "start": [
          121.445549,
          31.175047
        ],
        "end": [
          121.445549,
          31.175047
        ],
        "start_marker": [
          121.445549,
          31.175047
        ],
        "end_marker": [
          121.445549,
          31.175047
        ],
        "navigation_nodes": 2,
        "long_distance": false,
        "bbox": [
          121.419617,
          31.136295,
          121.454832,
          31.175244
        ],
        "geometry_provenance": "osm_highway_snapped",
        "road_snapping_ratio": 1.0,
        "road_snapping_provenance": "construction_guaranteed",
        "in_district_ratio": 1.0,
        "endpoint_offset_m": 0.0,
        "circuity": 1.0,
        "repeated_edge_count": 0,
        "proper_self_intersection_count": 0,
        "local_uturn_count": 0,
        "local_return_loop_count": 0,
        "park_relation": {
          "poi_id": 1211499394,
          "name_zh": "徐汇跑道公园",
          "coord": [
            121.453091,
            31.170887
          ],
          "distance_m": 44.6,
          "relation": "along_route",
          "label": "公园入口",
          "provenance": "deterministic_computation"
        },
        "edge_count": 278,
        "anchor_origin": "area:longhua",
        "planned_kind": "strict_loop",
        "api_distance_error": null,
        "api_distance_provenance": "not_applicable_no_credentials"
      }
    },
    {
      "type": "Feature",
      "id": "XH_RUN_0055",
      "geometry": {
        "type": "LineString",
        "coordinates": [
          [
            121.450986,
            31.21183
          ],
          [
            121.449546,
            31.211411
          ],
          [
            121.451732,
            31.203699
          ],
          [
            121.451309,
            31.203165
          ],
          [
            121.451311,
            31.202948
          ],
          [
            121.453982,
            31.198851
          ],
          [
            121.456321,
            31.194999
          ],
          [
            121.456989,
            31.193041
          ],
          [
            121.457876,
            31.192245
          ],
          [
            121.455575,
            31.190861
          ],
          [
            121.457162,
            31.187995
          ],
          [
            121.458597,
            31.186259
          ],
          [
            121.457102,
            31.185706
          ],
          [
            121.45641,
            31.185284
          ],
          [
            121.455857,
            31.184752
          ],
          [
            121.4541,
            31.182696
          ],
          [
            121.451565,
            31.18034
          ],
          [
            121.451945,
            31.179765
          ],
          [
            121.452195,
            31.17894
          ],
          [
            121.454323,
            31.166312
          ],
          [
            121.453367,
            31.166138
          ],
          [
            121.452574,
            31.165861
          ],
          [
            121.45219,
            31.165629
          ],
          [
            121.452672,
            31.164389
          ],
          [
            121.45292,
            31.162986
          ],
          [
            121.458606,
            31.165418
          ],
          [
            121.458599,
            31.165585
          ],
          [
            121.458191,
            31.166303
          ],
          [
            121.457985,
            31.1672
          ],
          [
            121.457988,
            31.1678
          ],
          [
            121.458188,
            31.168687
          ],
          [
            121.458725,
            31.170062
          ],
          [
            121.458774,
            31.170898
          ],
          [
            121.457457,
            31.175019
          ],
          [
            121.457044,
            31.177484
          ],
          [
            121.457112,
            31.178774
          ],
          [
            121.457351,
            31.179541
          ],
          [
            121.458893,
            31.183253
          ],
          [
            121.459058,
            31.183161
          ],
          [
            121.459453,
            31.183946
          ],
          [
            121.459898,
            31.184568
          ],
          [
            121.460016,
            31.184515
          ],
          [
            121.460195,
            31.185048
          ],
          [
            121.460507,
            31.185477
          ],
          [
            121.460427,
            31.185521
          ],
          [
            121.460934,
            31.186205
          ],
          [
            121.460572,
            31.18641
          ],
          [
            121.460709,
            31.186605
          ],
          [
            121.460348,
            31.186771
          ],
          [
            121.461645,
            31.187309
          ],
          [
            121.46157,
            31.187421
          ],
          [
            121.464181,
            31.189206
          ],
          [
            121.461646,
            31.192308
          ],
          [
            121.460413,
            31.194134
          ],
          [
            121.457934,
            31.198221
          ],
          [
            121.455699,
            31.207729
          ],
          [
            121.457444,
            31.208432
          ],
          [
            121.457029,
            31.21214
          ],
          [
            121.456167,
            31.215333
          ],
          [
            121.452761,
            31.214469
          ],
          [
            121.453107,
            31.212684
          ],
          [
            121.450986,
            31.21183
          ]
        ]
      },
      "properties": {
        "route_id": "XH_RUN_0055",
        "name_zh": "衡复风貌区·长距离跑闭环路线25",
        "mode": "run",
        "mode_label": "跑步",
        "kind": "strict_loop",
        "kind_label": "闭环路线",
        "band": 2,
        "band_label": "10–15 km",
        "band_label_zh": "长距离跑",
        "actual_distance_m": 14022.7,
        "distance_m": 14022.7,
        "target_distance_m": 12500.0,
        "distance_error": 0.121812,
        "duration_min": 93.5,
        "speed_kmh": 9.0,
        "speed_provenance": "manual_setting",
        "area": "hengfu",
        "area_name_zh": "衡复风貌区",
        "area_name_en": "Hengfu Historical Area",
        "popular_area_ids": [
          "hengfu"
        ],
        "anchor_area_id": "west_bund",
        "status": "accepted",
        "failures": [],
        "crs": "CRS84/WGS84 (lon,lat)",
        "coordinate_count": 62,
        "start": [
          121.450986,
          31.21183
        ],
        "end": [
          121.450986,
          31.21183
        ],
        "start_marker": [
          121.450986,
          31.21183
        ],
        "end_marker": [
          121.450986,
          31.21183
        ],
        "navigation_nodes": 2,
        "long_distance": false,
        "bbox": [
          121.449546,
          31.162986,
          121.464181,
          31.215333
        ],
        "geometry_provenance": "osm_highway_snapped",
        "road_snapping_ratio": 1.0,
        "road_snapping_provenance": "construction_guaranteed",
        "in_district_ratio": 0.973276,
        "endpoint_offset_m": 0.0,
        "circuity": 1.0,
        "repeated_edge_count": 0,
        "proper_self_intersection_count": 0,
        "local_uturn_count": 0,
        "local_return_loop_count": 0,
        "park_relation": {
          "poi_id": 870546902,
          "name_zh": "",
          "coord": [
            121.457891,
            31.175096
          ],
          "distance_m": 36.2,
          "relation": "along_route",
          "label": "公园入口",
          "provenance": "deterministic_computation"
        },
        "edge_count": 275,
        "anchor_origin": "area:hengfu",
        "planned_kind": "strict_loop",
        "api_distance_error": null,
        "api_distance_provenance": "not_applicable_no_credentials"
      }
    },
    {
      "type": "Feature",
      "id": "XH_RUN_0056",
      "geometry": {
        "type": "LineString",
        "coordinates": [
          [
            121.458569,
            31.174601
          ],
          [
            121.458539,
            31.17472
          ],
          [
            121.458135,
            31.174638
          ],
          [
            121.458412,
            31.173524
          ],
          [
            121.458437,
            31.173015
          ],
          [
            121.459061,
            31.171334
          ],
          [
            121.459149,
            31.170462
          ],
          [
            121.45893,
            31.170354
          ],
          [
            121.458287,
            31.168389
          ],
          [
            121.458155,
            31.167729
          ],
          [
            121.458165,
            31.167174
          ],
          [
            121.458436,
            31.166206
          ],
          [
            121.458879,
            31.165465
          ],
          [
            121.458783,
            31.16542
          ],
          [
            121.460103,
            31.163374
          ],
          [
            121.460284,
            31.16244
          ],
          [
            121.460114,
            31.161326
          ],
          [
            121.45982,
            31.16077
          ],
          [
            121.458217,
            31.158985
          ],
          [
            121.45488,
            31.154764
          ],
          [
            121.451753,
            31.151647
          ],
          [
            121.450992,
            31.15072
          ],
          [
            121.450667,
            31.150102
          ],
          [
            121.449689,
            31.146314
          ],
          [
            121.449637,
            31.145792
          ],
          [
            121.45049,
            31.141959
          ],
          [
            121.447162,
            31.14119
          ],
          [
            121.44865,
            31.13753
          ],
          [
            121.448504,
            31.137492
          ],
          [
            121.450805,
            31.130785
          ],
          [
            121.451273,
            31.129077
          ],
          [
            121.451931,
            31.126403
          ],
          [
            121.452222,
            31.12207
          ],
          [
            121.45209,
            31.122074
          ],
          [
            121.452035,
            31.121905
          ],
          [
            121.445749,
            31.121279
          ],
          [
            121.440543,
            31.119942
          ],
          [
            121.440704,
            31.119309
          ],
          [
            121.442709,
            31.119753
          ],
          [
            121.443625,
            31.120152
          ],
          [
            121.444401,
            31.120333
          ],
          [
            121.444932,
            31.120371
          ],
          [
            121.445484,
            31.117259
          ],
          [
            121.446156,
            31.117354
          ],
          [
            121.451902,
            31.117632
          ],
          [
            121.450183,
            31.111727
          ],
          [
            121.449753,
            31.109954
          ],
          [
            121.449543,
            31.108616
          ],
          [
            121.449528,
            31.10482
          ],
          [
            121.449901,
            31.103203
          ]
        ]
      },
      "properties": {
        "route_id": "XH_RUN_0056",
        "name_zh": "徐汇滨江与西岸·长距离跑单程路线26",
        "mode": "run",
        "mode_label": "跑步",
        "kind": "one_way",
        "kind_label": "单程路线",
        "band": 2,
        "band_label": "10–15 km",
        "band_label_zh": "长距离跑",
        "actual_distance_m": 10861.9,
        "distance_m": 10861.9,
        "target_distance_m": 12500.0,
        "distance_error": 0.131045,
        "duration_min": 72.4,
        "speed_kmh": 9.0,
        "speed_provenance": "manual_setting",
        "area": "west_bund",
        "area_name_zh": "徐汇滨江与西岸",
        "area_name_en": "West Bund / Xuhui Riverside",
        "popular_area_ids": [
          "west_bund"
        ],
        "anchor_area_id": "longhua",
        "status": "accepted",
        "failures": [],
        "crs": "CRS84/WGS84 (lon,lat)",
        "coordinate_count": 50,
        "start": [
          121.458569,
          31.174601
        ],
        "end": [
          121.449901,
          31.103203
        ],
        "start_marker": [
          121.458569,
          31.174601
        ],
        "end_marker": [
          121.449901,
          31.103203
        ],
        "navigation_nodes": 2,
        "long_distance": false,
        "bbox": [
          121.440543,
          31.103203,
          121.460284,
          31.17472
        ],
        "geometry_provenance": "osm_highway_snapped",
        "road_snapping_ratio": 1.0,
        "road_snapping_provenance": "construction_guaranteed",
        "in_district_ratio": 0.994028,
        "endpoint_offset_m": 7981.75,
        "circuity": 1.3608,
        "repeated_edge_count": 0,
        "proper_self_intersection_count": 0,
        "local_uturn_count": 0,
        "local_return_loop_count": 0,
        "park_relation": {
          "poi_id": 50330793,
          "name_zh": "龙华滨江休闲广场",
          "coord": [
            121.453934,
            31.153234
          ],
          "distance_m": 39.2,
          "relation": "along_route",
          "label": "公园入口",
          "provenance": "deterministic_computation"
        },
        "edge_count": 188,
        "anchor_origin": "area:west_bund",
        "planned_kind": "one_way",
        "api_distance_error": null,
        "api_distance_provenance": "not_applicable_no_credentials"
      }
    },
    {
      "type": "Feature",
      "id": "XH_RUN_0057",
      "geometry": {
        "type": "LineString",
        "coordinates": [
          [
            121.447875,
            31.200932
          ],
          [
            121.449327,
            31.201484
          ],
          [
            121.451248,
            31.197771
          ],
          [
            121.453244,
            31.193601
          ],
          [
            121.453579,
            31.1933
          ],
          [
            121.454212,
            31.193043
          ],
          [
            121.454458,
            31.19285
          ],
          [
            121.457162,
            31.187995
          ],
          [
            121.459554,
            31.185214
          ],
          [
            121.459717,
            31.184854
          ],
          [
            121.459635,
            31.184515
          ],
          [
            121.459051,
            31.183619
          ],
          [
            121.457351,
            31.179541
          ],
          [
            121.457069,
            31.178536
          ],
          [
            121.457025,
            31.17771
          ],
          [
            121.457506,
            31.174796
          ],
          [
            121.458815,
            31.170961
          ],
          [
            121.458796,
            31.170206
          ],
          [
            121.458085,
            31.168025
          ],
          [
            121.458096,
            31.16692
          ],
          [
            121.458511,
            31.165827
          ],
          [
            121.459854,
            31.163822
          ],
          [
            121.460167,
            31.163223
          ],
          [
            121.460345,
            31.162352
          ],
          [
            121.460246,
            31.161537
          ],
          [
            121.460088,
            31.16108
          ],
          [
            121.4598,
            31.160643
          ],
          [
            121.458241,
            31.15896
          ],
          [
            121.454931,
            31.154729
          ],
          [
            121.451659,
            31.151427
          ],
          [
            121.451123,
            31.150767
          ],
          [
            121.450648,
            31.149843
          ],
          [
            121.449726,
            31.146004
          ],
          [
            121.449799,
            31.14518
          ],
          [
            121.450378,
            31.142748
          ],
          [
            121.451877,
            31.137789
          ],
          [
            121.453514,
            31.135335
          ],
          [
            121.45553,
            31.131523
          ],
          [
            121.456379,
            31.13052
          ],
          [
            121.457327,
            31.12982
          ],
          [
            121.458288,
            31.128846
          ],
          [
            121.459354,
            31.126762
          ],
          [
            121.459658,
            31.126044
          ],
          [
            121.459846,
            31.125269
          ],
          [
            121.460045,
            31.123082
          ],
          [
            121.459874,
            31.121848
          ],
          [
            121.458542,
            31.119141
          ],
          [
            121.457621,
            31.117886
          ],
          [
            121.457003,
            31.117209
          ],
          [
            121.456683,
            31.116698
          ],
          [
            121.45651,
            31.116267
          ],
          [
            121.456311,
            31.114358
          ],
          [
            121.455942,
            31.114293
          ],
          [
            121.455757,
            31.114043
          ],
          [
            121.454598,
            31.113919
          ],
          [
            121.454435,
            31.113371
          ]
        ]
      },
      "properties": {
        "route_id": "XH_RUN_0057",
        "name_zh": "徐家汇·长距离跑单程路线27",
        "mode": "run",
        "mode_label": "跑步",
        "kind": "one_way",
        "kind_label": "单程路线",
        "band": 2,
        "band_label": "10–15 km",
        "band_label_zh": "长距离跑",
        "actual_distance_m": 11105.3,
        "distance_m": 11105.3,
        "target_distance_m": 12500.0,
        "distance_error": 0.111573,
        "duration_min": 74.0,
        "speed_kmh": 9.0,
        "speed_provenance": "manual_setting",
        "area": "xujiahui",
        "area_name_zh": "徐家汇",
        "area_name_en": "Xujiahui",
        "popular_area_ids": [
          "xujiahui"
        ],
        "anchor_area_id": "xujiahui",
        "status": "accepted",
        "failures": [],
        "crs": "CRS84/WGS84 (lon,lat)",
        "coordinate_count": 56,
        "start": [
          121.447875,
          31.200932
        ],
        "end": [
          121.454435,
          31.113371
        ],
        "start_marker": [
          121.447875,
          31.200932
        ],
        "end_marker": [
          121.454435,
          31.113371
        ],
        "navigation_nodes": 2,
        "long_distance": false,
        "bbox": [
          121.447875,
          31.113371,
          121.460345,
          31.201484
        ],
        "geometry_provenance": "osm_highway_snapped",
        "road_snapping_ratio": 1.0,
        "road_snapping_provenance": "construction_guaranteed",
        "in_district_ratio": 1.0,
        "endpoint_offset_m": 9756.28,
        "circuity": 1.1383,
        "repeated_edge_count": 0,
        "proper_self_intersection_count": 0,
        "local_uturn_count": 0,
        "local_return_loop_count": 0,
        "park_relation": {
          "poi_id": 499565665,
          "name_zh": "",
          "coord": [
            121.45637,
            31.115121
          ],
          "distance_m": 1.7,
          "relation": "along_route",
          "label": "公园入口",
          "provenance": "deterministic_computation"
        },
        "edge_count": 226,
        "anchor_origin": "area:xujiahui",
        "planned_kind": "one_way",
        "api_distance_error": null,
        "api_distance_provenance": "not_applicable_no_credentials"
      }
    },
    {
      "type": "Feature",
      "id": "XH_RUN_0058",
      "geometry": {
        "type": "LineString",
        "coordinates": [
          [
            121.450986,
            31.21183
          ],
          [
            121.449546,
            31.211411
          ],
          [
            121.450221,
            31.209142
          ],
          [
            121.44888,
            31.208236
          ],
          [
            121.448445,
            31.208055
          ],
          [
            121.447769,
            31.207903
          ],
          [
            121.443033,
            31.206045
          ],
          [
            121.441233,
            31.205435
          ],
          [
            121.434537,
            31.196568
          ],
          [
            121.433615,
            31.193628
          ],
          [
            121.432483,
            31.189504
          ],
          [
            121.432405,
            31.188098
          ],
          [
            121.431875,
            31.184401
          ],
          [
            121.43167,
            31.18178
          ],
          [
            121.430819,
            31.176334
          ],
          [
            121.430132,
            31.170325
          ],
          [
            121.429315,
            31.165165
          ],
          [
            121.42876,
            31.163614
          ],
          [
            121.42788,
            31.162271
          ],
          [
            121.427507,
            31.161791
          ],
          [
            121.424773,
            31.15921
          ],
          [
            121.428888,
            31.155821
          ],
          [
            121.429558,
            31.155447
          ],
          [
            121.430237,
            31.15524
          ],
          [
            121.430187,
            31.155192
          ],
          [
            121.431652,
            31.153882
          ],
          [
            121.432117,
            31.153202
          ],
          [
            121.432733,
            31.151838
          ],
          [
            121.433536,
            31.149231
          ],
          [
            121.433519,
            31.145823
          ],
          [
            121.433893,
            31.14443
          ],
          [
            121.434826,
            31.142475
          ],
          [
            121.436006,
            31.140362
          ],
          [
            121.437287,
            31.140812
          ],
          [
            121.439299,
            31.135004
          ],
          [
            121.439174,
            31.134072
          ],
          [
            121.438922,
            31.133256
          ],
          [
            121.438953,
            31.132968
          ],
          [
            121.439726,
            31.130841
          ],
          [
            121.440821,
            31.128632
          ],
          [
            121.439454,
            31.128527
          ],
          [
            121.43279,
            31.127492
          ],
          [
            121.433668,
            31.124495
          ],
          [
            121.435761,
            31.11465
          ],
          [
            121.434717,
            31.114515
          ],
          [
            121.434927,
            31.113891
          ]
        ]
      },
      "properties": {
        "route_id": "XH_RUN_0058",
        "name_zh": "衡复风貌区·长距离跑单程路线28",
        "mode": "run",
        "mode_label": "跑步",
        "kind": "one_way",
        "kind_label": "单程路线",
        "band": 2,
        "band_label": "10–15 km",
        "band_label_zh": "长距离跑",
        "actual_distance_m": 13304.4,
        "distance_m": 13304.4,
        "target_distance_m": 12500.0,
        "distance_error": 0.06435,
        "duration_min": 88.7,
        "speed_kmh": 9.0,
        "speed_provenance": "manual_setting",
        "area": "hengfu",
        "area_name_zh": "衡复风貌区",
        "area_name_en": "Hengfu Historical Area",
        "popular_area_ids": [
          "hengfu"
        ],
        "anchor_area_id": "hengfu",
        "status": "accepted",
        "failures": [],
        "crs": "CRS84/WGS84 (lon,lat)",
        "coordinate_count": 46,
        "start": [
          121.450986,
          31.21183
        ],
        "end": [
          121.434927,
          31.113891
        ],
        "start_marker": [
          121.450986,
          31.21183
        ],
        "end_marker": [
          121.434927,
          31.113891
        ],
        "navigation_nodes": 2,
        "long_distance": false,
        "bbox": [
          121.424773,
          31.113891,
          121.450986,
          31.21183
        ],
        "geometry_provenance": "osm_highway_snapped",
        "road_snapping_ratio": 1.0,
        "road_snapping_provenance": "construction_guaranteed",
        "in_district_ratio": 1.0,
        "endpoint_offset_m": 10997.01,
        "circuity": 1.2098,
        "repeated_edge_count": 0,
        "proper_self_intersection_count": 0,
        "local_uturn_count": 0,
        "local_return_loop_count": 0,
        "park_relation": {
          "poi_id": 899417942,
          "name_zh": "",
          "coord": [
            121.432268,
            31.186473
          ],
          "distance_m": 7.8,
          "relation": "along_route",
          "label": "公园入口",
          "provenance": "deterministic_computation"
        },
        "edge_count": 215,
        "anchor_origin": "area:hengfu",
        "planned_kind": "one_way",
        "api_distance_error": null,
        "api_distance_provenance": "not_applicable_no_credentials"
      }
    },
    {
      "type": "Feature",
      "id": "XH_RUN_0059",
      "geometry": {
        "type": "LineString",
        "coordinates": [
          [
            121.443445,
            31.150653
          ],
          [
            121.443421,
            31.150176
          ],
          [
            121.443797,
            31.149873
          ],
          [
            121.443746,
            31.149804
          ],
          [
            121.441669,
            31.149672
          ],
          [
            121.441424,
            31.152144
          ],
          [
            121.441434,
            31.152354
          ],
          [
            121.441621,
            31.152681
          ],
          [
            121.441179,
            31.154173
          ],
          [
            121.445497,
            31.155349
          ],
          [
            121.445697,
            31.15546
          ],
          [
            121.445439,
            31.158839
          ],
          [
            121.445344,
            31.159279
          ],
          [
            121.44476,
            31.160644
          ],
          [
            121.443476,
            31.16304
          ],
          [
            121.442436,
            31.164767
          ],
          [
            121.441155,
            31.167303
          ],
          [
            121.4409,
            31.168339
          ],
          [
            121.440746,
            31.169815
          ],
          [
            121.440318,
            31.172263
          ],
          [
            121.440477,
            31.172315
          ],
          [
            121.440467,
            31.172579
          ],
          [
            121.445811,
            31.174133
          ],
          [
            121.446719,
            31.174308
          ],
          [
            121.447366,
            31.174596
          ],
          [
            121.448054,
            31.1752
          ],
          [
            121.448257,
            31.175666
          ],
          [
            121.448114,
            31.176715
          ],
          [
            121.448222,
            31.178556
          ],
          [
            121.448134,
            31.179081
          ],
          [
            121.447516,
            31.180691
          ],
          [
            121.447383,
            31.181442
          ],
          [
            121.447494,
            31.18215
          ],
          [
            121.448253,
            31.184138
          ],
          [
            121.450069,
            31.185461
          ],
          [
            121.450049,
            31.186041
          ],
          [
            121.450174,
            31.186359
          ],
          [
            121.451483,
            31.186794
          ],
          [
            121.452134,
            31.187969
          ],
          [
            121.451805,
            31.188982
          ],
          [
            121.453289,
            31.189448
          ],
          [
            121.457876,
            31.192245
          ],
          [
            121.460313,
            31.19406
          ],
          [
            121.457874,
            31.198187
          ],
          [
            121.457934,
            31.198221
          ],
          [
            121.456977,
            31.20235
          ],
          [
            121.456644,
            31.202363
          ],
          [
            121.453047,
            31.201966
          ],
          [
            121.452124,
            31.20166
          ],
          [
            121.451311,
            31.202948
          ],
          [
            121.451309,
            31.203165
          ],
          [
            121.451123,
            31.203111
          ],
          [
            121.444823,
            31.200897
          ],
          [
            121.440244,
            31.198891
          ],
          [
            121.439524,
            31.198532
          ],
          [
            121.435352,
            31.195918
          ],
          [
            121.43496,
            31.195788
          ],
          [
            121.43393,
            31.195646
          ],
          [
            121.43092,
            31.195
          ],
          [
            121.428661,
            31.194207
          ],
          [
            121.427761,
            31.1941
          ],
          [
            121.427198,
            31.194186
          ],
          [
            121.42544,
            31.195003
          ],
          [
            121.423404,
            31.19567
          ],
          [
            121.422849,
            31.194909
          ],
          [
            121.420924,
            31.193238
          ],
          [
            121.419939,
            31.19254
          ],
          [
            121.416842,
            31.191122
          ],
          [
            121.408893,
            31.18872
          ],
          [
            121.408854,
            31.193131
          ]
        ]
      },
      "properties": {
        "route_id": "XH_RUN_0059",
        "name_zh": "上海植物园·长距离跑单程路线29",
        "mode": "run",
        "mode_label": "跑步",
        "kind": "one_way",
        "kind_label": "单程路线",
        "band": 2,
        "band_label": "10–15 km",
        "band_label_zh": "长距离跑",
        "actual_distance_m": 13497.4,
        "distance_m": 13497.4,
        "target_distance_m": 12500.0,
        "distance_error": 0.079789,
        "duration_min": 90.0,
        "speed_kmh": 9.0,
        "speed_provenance": "manual_setting",
        "area": "shanghai_botanical_garden",
        "area_name_zh": "上海植物园",
        "area_name_en": "Shanghai Botanical Garden",
        "popular_area_ids": [
          "shanghai_botanical_garden"
        ],
        "anchor_area_id": "shanghai_botanical_garden",
        "status": "accepted",
        "failures": [],
        "crs": "CRS84/WGS84 (lon,lat)",
        "coordinate_count": 70,
        "start": [
          121.443445,
          31.150653
        ],
        "end": [
          121.408854,
          31.193131
        ],
        "start_marker": [
          121.443445,
          31.150653
        ],
        "end_marker": [
          121.408854,
          31.193131
        ],
        "navigation_nodes": 2,
        "long_distance": false,
        "bbox": [
          121.408854,
          31.149672,
          121.460313,
          31.203165
        ],
        "geometry_provenance": "osm_highway_snapped",
        "road_snapping_ratio": 1.0,
        "road_snapping_provenance": "construction_guaranteed",
        "in_district_ratio": 0.997093,
        "endpoint_offset_m": 5756.79,
        "circuity": 2.3446,
        "repeated_edge_count": 0,
        "proper_self_intersection_count": 0,
        "local_uturn_count": 0,
        "local_return_loop_count": 0,
        "park_relation": {
          "poi_id": 694638922,
          "name_zh": "",
          "coord": [
            121.447886,
            31.183737
          ],
          "distance_m": 16.9,
          "relation": "along_route",
          "label": "公园入口",
          "provenance": "deterministic_computation"
        },
        "edge_count": 275,
        "anchor_origin": "area:shanghai_botanical_garden",
        "planned_kind": "one_way",
        "api_distance_error": null,
        "api_distance_provenance": "not_applicable_no_credentials"
      }
    },
    {
      "type": "Feature",
      "id": "XH_RUN_0060",
      "geometry": {
        "type": "LineString",
        "coordinates": [
          [
            121.458569,
            31.174601
          ],
          [
            121.458539,
            31.17472
          ],
          [
            121.458135,
            31.174638
          ],
          [
            121.458412,
            31.173524
          ],
          [
            121.458437,
            31.173015
          ],
          [
            121.459061,
            31.171334
          ],
          [
            121.459149,
            31.170462
          ],
          [
            121.45893,
            31.170354
          ],
          [
            121.458287,
            31.168389
          ],
          [
            121.458155,
            31.167729
          ],
          [
            121.458165,
            31.167174
          ],
          [
            121.458436,
            31.166206
          ],
          [
            121.458879,
            31.165465
          ],
          [
            121.458783,
            31.16542
          ],
          [
            121.460103,
            31.163374
          ],
          [
            121.460284,
            31.16244
          ],
          [
            121.460114,
            31.161326
          ],
          [
            121.45982,
            31.16077
          ],
          [
            121.458217,
            31.158985
          ],
          [
            121.45488,
            31.154764
          ],
          [
            121.451753,
            31.151647
          ],
          [
            121.450992,
            31.15072
          ],
          [
            121.450667,
            31.150102
          ],
          [
            121.449689,
            31.146314
          ],
          [
            121.449637,
            31.145792
          ],
          [
            121.45049,
            31.141959
          ],
          [
            121.447162,
            31.14119
          ],
          [
            121.44865,
            31.13753
          ],
          [
            121.448504,
            31.137492
          ],
          [
            121.450805,
            31.130785
          ],
          [
            121.451273,
            31.129077
          ],
          [
            121.451931,
            31.126403
          ],
          [
            121.452222,
            31.12207
          ],
          [
            121.45209,
            31.122074
          ],
          [
            121.452035,
            31.121905
          ],
          [
            121.446985,
            31.121428
          ],
          [
            121.445384,
            31.121203
          ],
          [
            121.440543,
            31.119942
          ],
          [
            121.440704,
            31.119309
          ],
          [
            121.442709,
            31.119753
          ],
          [
            121.443625,
            31.120152
          ],
          [
            121.444401,
            31.120333
          ],
          [
            121.444932,
            31.120371
          ],
          [
            121.445484,
            31.117259
          ],
          [
            121.446156,
            31.117354
          ],
          [
            121.452028,
            31.117652
          ],
          [
            121.452228,
            31.118435
          ],
          [
            121.452404,
            31.120123
          ],
          [
            121.452404,
            31.121941
          ],
          [
            121.452565,
            31.121961
          ],
          [
            121.452448,
            31.125814
          ],
          [
            121.455003,
            31.126071
          ],
          [
            121.456355,
            31.126318
          ],
          [
            121.458319,
            31.126968
          ],
          [
            121.458382,
            31.126775
          ],
          [
            121.458119,
            31.126599
          ],
          [
            121.457355,
            31.126521
          ],
          [
            121.457329,
            31.126153
          ],
          [
            121.457493,
            31.125976
          ],
          [
            121.457201,
            31.12574
          ],
          [
            121.457112,
            31.125518
          ],
          [
            121.457171,
            31.124951
          ],
          [
            121.457785,
            31.124178
          ],
          [
            121.457747,
            31.123785
          ],
          [
            121.457586,
            31.123549
          ],
          [
            121.457565,
            31.123149
          ],
          [
            121.457986,
            31.122835
          ],
          [
            121.458372,
            31.122768
          ],
          [
            121.458616,
            31.122816
          ],
          [
            121.458777,
            31.123151
          ],
          [
            121.458992,
            31.123331
          ],
          [
            121.45926,
            31.123459
          ],
          [
            121.459708,
            31.123544
          ]
        ]
      },
      "properties": {
        "route_id": "XH_RUN_0060",
        "name_zh": "徐汇滨江与西岸·长距离跑单程路线30",
        "mode": "run",
        "mode_label": "跑步",
        "kind": "one_way",
        "kind_label": "单程路线",
        "band": 2,
        "band_label": "10–15 km",
        "band_label_zh": "长距离跑",
        "actual_distance_m": 11541.2,
        "distance_m": 11541.2,
        "target_distance_m": 12500.0,
        "distance_error": 0.076705,
        "duration_min": 76.9,
        "speed_kmh": 9.0,
        "speed_provenance": "manual_setting",
        "area": "west_bund",
        "area_name_zh": "徐汇滨江与西岸",
        "area_name_en": "West Bund / Xuhui Riverside",
        "popular_area_ids": [
          "west_bund"
        ],
        "anchor_area_id": "kangjian",
        "status": "accepted",
        "failures": [],
        "crs": "CRS84/WGS84 (lon,lat)",
        "coordinate_count": 73,
        "start": [
          121.458569,
          31.174601
        ],
        "end": [
          121.459708,
          31.123544
        ],
        "start_marker": [
          121.458569,
          31.174601
        ],
        "end_marker": [
          121.459708,
          31.123544
        ],
        "navigation_nodes": 2,
        "long_distance": false,
        "bbox": [
          121.440543,
          31.117259,
          121.460284,
          31.17472
        ],
        "geometry_provenance": "osm_highway_snapped",
        "road_snapping_ratio": 1.0,
        "road_snapping_provenance": "construction_guaranteed",
        "in_district_ratio": 0.994379,
        "endpoint_offset_m": 5678.26,
        "circuity": 2.0325,
        "repeated_edge_count": 0,
        "proper_self_intersection_count": 0,
        "local_uturn_count": 0,
        "local_return_loop_count": 0,
        "park_relation": {
          "poi_id": 50330793,
          "name_zh": "龙华滨江休闲广场",
          "coord": [
            121.453934,
            31.153234
          ],
          "distance_m": 39.2,
          "relation": "along_route",
          "label": "公园入口",
          "provenance": "deterministic_computation"
        },
        "edge_count": 228,
        "anchor_origin": "area:west_bund",
        "planned_kind": "one_way",
        "api_distance_error": null,
        "api_distance_provenance": "not_applicable_no_credentials"
      }
    },
    {
      "type": "Feature",
      "id": "XH_BIKE_0061",
      "geometry": {
        "type": "LineString",
        "coordinates": [
          [
            121.45781,
            31.174174
          ],
          [
            121.457565,
            31.175035
          ],
          [
            121.457135,
            31.177715
          ],
          [
            121.457531,
            31.17936
          ],
          [
            121.457339,
            31.17942
          ],
          [
            121.45805,
            31.181101
          ],
          [
            121.457884,
            31.18112
          ],
          [
            121.458759,
            31.183135
          ],
          [
            121.458893,
            31.183253
          ],
          [
            121.455675,
            31.184865
          ],
          [
            121.45305,
            31.186815
          ],
          [
            121.452688,
            31.187213
          ],
          [
            121.451805,
            31.188982
          ],
          [
            121.450754,
            31.191962
          ],
          [
            121.450463,
            31.192558
          ],
          [
            121.449624,
            31.193585
          ],
          [
            121.446491,
            31.198487
          ],
          [
            121.446109,
            31.199431
          ],
          [
            121.44594,
            31.200157
          ],
          [
            121.445824,
            31.201584
          ],
          [
            121.444739,
            31.201175
          ],
          [
            121.443985,
            31.201148
          ],
          [
            121.441892,
            31.200542
          ],
          [
            121.44142,
            31.200224
          ],
          [
            121.441117,
            31.199615
          ],
          [
            121.440211,
            31.199224
          ],
          [
            121.440244,
            31.198891
          ],
          [
            121.442728,
            31.193307
          ],
          [
            121.445977,
            31.187344
          ],
          [
            121.44816,
            31.184178
          ],
          [
            121.448471,
            31.18404
          ],
          [
            121.448852,
            31.183672
          ],
          [
            121.450106,
            31.181978
          ],
          [
            121.451534,
            31.180503
          ],
          [
            121.452022,
            31.179789
          ],
          [
            121.452498,
            31.177766
          ],
          [
            121.453372,
            31.17248
          ],
          [
            121.458243,
            31.172989
          ],
          [
            121.45781,
            31.174174
          ]
        ]
      },
      "properties": {
        "route_id": "XH_BIKE_0061",
        "name_zh": "徐汇滨江与西岸·通勤骑行闭环路线01",
        "mode": "bike",
        "mode_label": "骑行",
        "kind": "strict_loop",
        "kind_label": "闭环路线",
        "band": 0,
        "band_label": "5–10 km",
        "band_label_zh": "通勤骑行",
        "actual_distance_m": 8071.7,
        "distance_m": 8071.7,
        "target_distance_m": 7500.0,
        "distance_error": 0.076225,
        "duration_min": 26.9,
        "speed_kmh": 18.0,
        "speed_provenance": "manual_setting",
        "area": "west_bund",
        "area_name_zh": "徐汇滨江与西岸",
        "area_name_en": "West Bund / Xuhui Riverside",
        "popular_area_ids": [
          "west_bund"
        ],
        "anchor_area_id": "west_bund",
        "status": "accepted",
        "failures": [],
        "crs": "CRS84/WGS84 (lon,lat)",
        "coordinate_count": 39,
        "start": [
          121.45781,
          31.174174
        ],
        "end": [
          121.45781,
          31.174174
        ],
        "start_marker": [
          121.45781,
          31.174174
        ],
        "end_marker": [
          121.45781,
          31.174174
        ],
        "navigation_nodes": 2,
        "long_distance": false,
        "bbox": [
          121.440211,
          31.17248,
          121.458893,
          31.201584
        ],
        "geometry_provenance": "osm_highway_snapped",
        "road_snapping_ratio": 1.0,
        "road_snapping_provenance": "construction_guaranteed",
        "in_district_ratio": 1.0,
        "endpoint_offset_m": 0.0,
        "circuity": 1.0,
        "repeated_edge_count": 0,
        "proper_self_intersection_count": 0,
        "local_uturn_count": 0,
        "local_return_loop_count": 0,
        "park_relation": {
          "poi_id": 694638920,
          "name_zh": "",
          "coord": [
            121.447968,
            31.184042
          ],
          "distance_m": 21.8,
          "relation": "along_route",
          "label": "公园入口",
          "provenance": "deterministic_computation"
        },
        "edge_count": 193,
        "anchor_origin": "area:west_bund",
        "planned_kind": "strict_loop",
        "api_distance_error": null,
        "api_distance_provenance": "not_applicable_no_credentials"
      }
    },
    {
      "type": "Feature",
      "id": "XH_BIKE_0062",
      "geometry": {
        "type": "LineString",
        "coordinates": [
          [
            121.445549,
            31.175047
          ],
          [
            121.445957,
            31.174805
          ],
          [
            121.446562,
            31.174287
          ],
          [
            121.446648,
            31.174295
          ],
          [
            121.447366,
            31.174596
          ],
          [
            121.448163,
            31.175329
          ],
          [
            121.448257,
            31.175666
          ],
          [
            121.448114,
            31.176715
          ],
          [
            121.448222,
            31.178556
          ],
          [
            121.448134,
            31.179081
          ],
          [
            121.447516,
            31.180691
          ],
          [
            121.447389,
            31.181264
          ],
          [
            121.447494,
            31.18215
          ],
          [
            121.448327,
            31.184232
          ],
          [
            121.450069,
            31.185461
          ],
          [
            121.450049,
            31.186041
          ],
          [
            121.450174,
            31.186359
          ],
          [
            121.451483,
            31.186794
          ],
          [
            121.452134,
            31.187969
          ],
          [
            121.450754,
            31.191962
          ],
          [
            121.450356,
            31.192705
          ],
          [
            121.453152,
            31.193778
          ],
          [
            121.449714,
            31.200779
          ],
          [
            121.452124,
            31.20166
          ],
          [
            121.451668,
            31.202385
          ],
          [
            121.449327,
            31.201484
          ],
          [
            121.448758,
            31.202579
          ],
          [
            121.445824,
            31.201584
          ],
          [
            121.443226,
            31.200539
          ],
          [
            121.439325,
            31.198802
          ],
          [
            121.435823,
            31.196598
          ],
          [
            121.437337,
            31.193962
          ],
          [
            121.437608,
            31.193336
          ],
          [
            121.437651,
            31.192923
          ],
          [
            121.437394,
            31.189992
          ],
          [
            121.439959,
            31.183277
          ],
          [
            121.440655,
            31.179868
          ],
          [
            121.441833,
            31.178111
          ],
          [
            121.44421,
            31.175244
          ],
          [
            121.445549,
            31.175047
          ]
        ]
      },
      "properties": {
        "route_id": "XH_BIKE_0062",
        "name_zh": "龙华·通勤骑行闭环路线02",
        "mode": "bike",
        "mode_label": "骑行",
        "kind": "strict_loop",
        "kind_label": "闭环路线",
        "band": 0,
        "band_label": "5–10 km",
        "band_label_zh": "通勤骑行",
        "actual_distance_m": 8438.4,
        "distance_m": 8438.4,
        "target_distance_m": 7500.0,
        "distance_error": 0.125121,
        "duration_min": 28.1,
        "speed_kmh": 18.0,
        "speed_provenance": "manual_setting",
        "area": "longhua",
        "area_name_zh": "龙华",
        "area_name_en": "Longhua",
        "popular_area_ids": [
          "longhua"
        ],
        "anchor_area_id": "longhua",
        "status": "accepted",
        "failures": [],
        "crs": "CRS84/WGS84 (lon,lat)",
        "coordinate_count": 40,
        "start": [
          121.445549,
          31.175047
        ],
        "end": [
          121.445549,
          31.175047
        ],
        "start_marker": [
          121.445549,
          31.175047
        ],
        "end_marker": [
          121.445549,
          31.175047
        ],
        "navigation_nodes": 2,
        "long_distance": false,
        "bbox": [
          121.435823,
          31.174287,
          121.453152,
          31.202579
        ],
        "geometry_provenance": "osm_highway_snapped",
        "road_snapping_ratio": 1.0,
        "road_snapping_provenance": "construction_guaranteed",
        "in_district_ratio": 1.0,
        "endpoint_offset_m": 0.0,
        "circuity": 1.0,
        "repeated_edge_count": 0,
        "proper_self_intersection_count": 0,
        "local_uturn_count": 0,
        "local_return_loop_count": 0,
        "park_relation": {
          "poi_id": 694638922,
          "name_zh": "",
          "coord": [
            121.447886,
            31.183737
          ],
          "distance_m": 19.1,
          "relation": "along_route",
          "label": "公园入口",
          "provenance": "deterministic_computation"
        },
        "edge_count": 183,
        "anchor_origin": "area:longhua",
        "planned_kind": "strict_loop",
        "api_distance_error": null,
        "api_distance_provenance": "not_applicable_no_credentials"
      }
    },
    {
      "type": "Feature",
      "id": "XH_BIKE_0063",
      "geometry": {
        "type": "LineString",
        "coordinates": [
          [
            121.445549,
            31.175047
          ],
          [
            121.44421,
            31.175244
          ],
          [
            121.444183,
            31.175024
          ],
          [
            121.442044,
            31.173206
          ],
          [
            121.441966,
            31.172969
          ],
          [
            121.440073,
            31.172492
          ],
          [
            121.440606,
            31.169482
          ],
          [
            121.440764,
            31.168033
          ],
          [
            121.440969,
            31.167255
          ],
          [
            121.442241,
            31.164687
          ],
          [
            121.443204,
            31.163138
          ],
          [
            121.444536,
            31.160581
          ],
          [
            121.440883,
            31.159705
          ],
          [
            121.437148,
            31.158572
          ],
          [
            121.434469,
            31.15757
          ],
          [
            121.434503,
            31.157463
          ],
          [
            121.432531,
            31.156687
          ],
          [
            121.431632,
            31.156128
          ],
          [
            121.430398,
            31.154964
          ],
          [
            121.431832,
            31.153548
          ],
          [
            121.432686,
            31.151723
          ],
          [
            121.434585,
            31.152385
          ],
          [
            121.445497,
            31.155349
          ],
          [
            121.445697,
            31.15546
          ],
          [
            121.445439,
            31.158839
          ],
          [
            121.445344,
            31.159279
          ],
          [
            121.444819,
            31.160526
          ],
          [
            121.446749,
            31.161012
          ],
          [
            121.446534,
            31.162158
          ],
          [
            121.445926,
            31.1632
          ],
          [
            121.4473,
            31.163501
          ],
          [
            121.448964,
            31.164078
          ],
          [
            121.44862,
            31.164801
          ],
          [
            121.446699,
            31.167673
          ],
          [
            121.446553,
            31.168187
          ],
          [
            121.446551,
            31.168586
          ],
          [
            121.446747,
            31.168883
          ],
          [
            121.44859,
            31.170035
          ],
          [
            121.449306,
            31.170631
          ],
          [
            121.449207,
            31.171106
          ],
          [
            121.449308,
            31.171957
          ],
          [
            121.448887,
            31.172147
          ],
          [
            121.446349,
            31.174474
          ],
          [
            121.445549,
            31.175047
          ]
        ]
      },
      "properties": {
        "route_id": "XH_BIKE_0063",
        "name_zh": "龙华·通勤骑行闭环路线03",
        "mode": "bike",
        "mode_label": "骑行",
        "kind": "strict_loop",
        "kind_label": "闭环路线",
        "band": 0,
        "band_label": "5–10 km",
        "band_label_zh": "通勤骑行",
        "actual_distance_m": 8195.7,
        "distance_m": 8195.7,
        "target_distance_m": 7500.0,
        "distance_error": 0.092764,
        "duration_min": 27.3,
        "speed_kmh": 18.0,
        "speed_provenance": "manual_setting",
        "area": "longhua",
        "area_name_zh": "龙华",
        "area_name_en": "Longhua",
        "popular_area_ids": [
          "longhua"
        ],
        "anchor_area_id": "xujiahui",
        "status": "accepted",
        "failures": [],
        "crs": "CRS84/WGS84 (lon,lat)",
        "coordinate_count": 44,
        "start": [
          121.445549,
          31.175047
        ],
        "end": [
          121.445549,
          31.175047
        ],
        "start_marker": [
          121.445549,
          31.175047
        ],
        "end_marker": [
          121.445549,
          31.175047
        ],
        "navigation_nodes": 2,
        "long_distance": false,
        "bbox": [
          121.430398,
          31.151723,
          121.449308,
          31.175244
        ],
        "geometry_provenance": "osm_highway_snapped",
        "road_snapping_ratio": 1.0,
        "road_snapping_provenance": "construction_guaranteed",
        "in_district_ratio": 1.0,
        "endpoint_offset_m": 0.0,
        "circuity": 1.0,
        "repeated_edge_count": 0,
        "proper_self_intersection_count": 0,
        "local_uturn_count": 0,
        "local_return_loop_count": 0,
        "park_relation": null,
        "edge_count": 174,
        "anchor_origin": "area:longhua",
        "planned_kind": "strict_loop",
        "api_distance_error": null,
        "api_distance_provenance": "not_applicable_no_credentials"
      }
    },
    {
      "type": "Feature",
      "id": "XH_BIKE_0064",
      "geometry": {
        "type": "LineString",
        "coordinates": [
          [
            121.450986,
            31.21183
          ],
          [
            121.449546,
            31.211411
          ],
          [
            121.450221,
            31.209142
          ],
          [
            121.44888,
            31.208236
          ],
          [
            121.448445,
            31.208055
          ],
          [
            121.447769,
            31.207903
          ],
          [
            121.448218,
            31.205292
          ],
          [
            121.446514,
            31.204881
          ],
          [
            121.443978,
            31.203493
          ],
          [
            121.44246,
            31.203046
          ],
          [
            121.440588,
            31.20234
          ],
          [
            121.438154,
            31.201841
          ],
          [
            121.432382,
            31.20021
          ],
          [
            121.430355,
            31.198965
          ],
          [
            121.429462,
            31.198096
          ],
          [
            121.428712,
            31.198206
          ],
          [
            121.427615,
            31.198202
          ],
          [
            121.426828,
            31.197886
          ],
          [
            121.425151,
            31.198398
          ],
          [
            121.42481,
            31.197632
          ],
          [
            121.423789,
            31.197956
          ],
          [
            121.424072,
            31.199775
          ],
          [
            121.425066,
            31.201745
          ],
          [
            121.429086,
            31.203348
          ],
          [
            121.430793,
            31.204117
          ],
          [
            121.431276,
            31.203609
          ],
          [
            121.431572,
            31.203082
          ],
          [
            121.431943,
            31.201668
          ],
          [
            121.437057,
            31.20449
          ],
          [
            121.438659,
            31.205744
          ],
          [
            121.439941,
            31.207178
          ],
          [
            121.438802,
            31.209346
          ],
          [
            121.438003,
            31.21001
          ],
          [
            121.438219,
            31.210941
          ],
          [
            121.438383,
            31.211273
          ],
          [
            121.440949,
            31.211738
          ],
          [
            121.440707,
            31.212422
          ],
          [
            121.443358,
            31.212328
          ],
          [
            121.445183,
            31.212446
          ],
          [
            121.452761,
            31.214469
          ],
          [
            121.453107,
            31.212684
          ],
          [
            121.450986,
            31.21183
          ]
        ]
      },
      "properties": {
        "route_id": "XH_BIKE_0064",
        "name_zh": "衡复风貌区·通勤骑行闭环路线04",
        "mode": "bike",
        "mode_label": "骑行",
        "kind": "strict_loop",
        "kind_label": "闭环路线",
        "band": 0,
        "band_label": "5–10 km",
        "band_label_zh": "通勤骑行",
        "actual_distance_m": 8364.2,
        "distance_m": 8364.2,
        "target_distance_m": 7500.0,
        "distance_error": 0.115226,
        "duration_min": 27.9,
        "speed_kmh": 18.0,
        "speed_provenance": "manual_setting",
        "area": "hengfu",
        "area_name_zh": "衡复风貌区",
        "area_name_en": "Hengfu Historical Area",
        "popular_area_ids": [
          "hengfu"
        ],
        "anchor_area_id": "hengfu",
        "status": "accepted",
        "failures": [],
        "crs": "CRS84/WGS84 (lon,lat)",
        "coordinate_count": 42,
        "start": [
          121.450986,
          31.21183
        ],
        "end": [
          121.450986,
          31.21183
        ],
        "start_marker": [
          121.450986,
          31.21183
        ],
        "end_marker": [
          121.450986,
          31.21183
        ],
        "navigation_nodes": 2,
        "long_distance": false,
        "bbox": [
          121.423789,
          31.197632,
          121.453107,
          31.214469
        ],
        "geometry_provenance": "osm_highway_snapped",
        "road_snapping_ratio": 1.0,
        "road_snapping_provenance": "construction_guaranteed",
        "in_district_ratio": 1.0,
        "endpoint_offset_m": 0.0,
        "circuity": 1.0,
        "repeated_edge_count": 0,
        "proper_self_intersection_count": 0,
        "local_uturn_count": 0,
        "local_return_loop_count": 0,
        "park_relation": {
          "poi_id": 1153659642,
          "name_zh": "",
          "coord": [
            121.446087,
            31.212991
          ],
          "distance_m": 31.9,
          "relation": "along_route",
          "label": "公园入口",
          "provenance": "deterministic_computation"
        },
        "edge_count": 154,
        "anchor_origin": "area:hengfu",
        "planned_kind": "strict_loop",
        "api_distance_error": null,
        "api_distance_provenance": "not_applicable_no_credentials"
      }
    },
    {
      "type": "Feature",
      "id": "XH_BIKE_0065",
      "geometry": {
        "type": "LineString",
        "coordinates": [
          [
            121.445282,
            31.150988
          ],
          [
            121.445139,
            31.153685
          ],
          [
            121.445539,
            31.154425
          ],
          [
            121.445497,
            31.155349
          ],
          [
            121.435918,
            31.152767
          ],
          [
            121.432749,
            31.15178
          ],
          [
            121.431895,
            31.153581
          ],
          [
            121.430451,
            31.155021
          ],
          [
            121.430187,
            31.155192
          ],
          [
            121.429292,
            31.155497
          ],
          [
            121.428841,
            31.155774
          ],
          [
            121.422872,
            31.160645
          ],
          [
            121.420953,
            31.159156
          ],
          [
            121.417192,
            31.156935
          ],
          [
            121.423954,
            31.148632
          ],
          [
            121.424492,
            31.144695
          ],
          [
            121.424679,
            31.143915
          ],
          [
            121.428152,
            31.144969
          ],
          [
            121.428681,
            31.145074
          ],
          [
            121.429652,
            31.145065
          ],
          [
            121.432456,
            31.144311
          ],
          [
            121.433515,
            31.144241
          ],
          [
            121.441006,
            31.145062
          ],
          [
            121.442174,
            31.145297
          ],
          [
            121.446046,
            31.146283
          ],
          [
            121.445907,
            31.148726
          ],
          [
            121.445511,
            31.149296
          ],
          [
            121.445375,
            31.150753
          ],
          [
            121.445282,
            31.150988
          ]
        ]
      },
      "properties": {
        "route_id": "XH_BIKE_0065",
        "name_zh": "上海植物园·通勤骑行闭环路线05",
        "mode": "bike",
        "mode_label": "骑行",
        "kind": "strict_loop",
        "kind_label": "闭环路线",
        "band": 0,
        "band_label": "5–10 km",
        "band_label_zh": "通勤骑行",
        "actual_distance_m": 8122.7,
        "distance_m": 8122.7,
        "target_distance_m": 7500.0,
        "distance_error": 0.083025,
        "duration_min": 27.1,
        "speed_kmh": 18.0,
        "speed_provenance": "manual_setting",
        "area": "shanghai_botanical_garden",
        "area_name_zh": "上海植物园",
        "area_name_en": "Shanghai Botanical Garden",
        "popular_area_ids": [
          "shanghai_botanical_garden"
        ],
        "anchor_area_id": "shanghai_botanical_garden",
        "status": "accepted",
        "failures": [],
        "crs": "CRS84/WGS84 (lon,lat)",
        "coordinate_count": 29,
        "start": [
          121.445282,
          31.150988
        ],
        "end": [
          121.445282,
          31.150988
        ],
        "start_marker": [
          121.445282,
          31.150988
        ],
        "end_marker": [
          121.445282,
          31.150988
        ],
        "navigation_nodes": 2,
        "long_distance": false,
        "bbox": [
          121.417192,
          31.143915,
          121.446046,
          31.160645
        ],
        "geometry_provenance": "osm_highway_snapped",
        "road_snapping_ratio": 1.0,
        "road_snapping_provenance": "construction_guaranteed",
        "in_district_ratio": 1.0,
        "endpoint_offset_m": 0.0,
        "circuity": 1.0,
        "repeated_edge_count": 0,
        "proper_self_intersection_count": 0,
        "local_uturn_count": 0,
        "local_return_loop_count": 0,
        "park_relation": {
          "poi_id": 12008684562,
          "name_zh": "和风园",
          "coord": [
            121.444791,
            31.151021
          ],
          "distance_m": 39.9,
          "relation": "along_route",
          "label": "公园入口",
          "provenance": "deterministic_computation"
        },
        "edge_count": 153,
        "anchor_origin": "area:shanghai_botanical_garden",
        "planned_kind": "strict_loop",
        "api_distance_error": null,
        "api_distance_provenance": "not_applicable_no_credentials"
      }
    },
    {
      "type": "Feature",
      "id": "XH_BIKE_0066",
      "geometry": {
        "type": "LineString",
        "coordinates": [
          [
            121.412115,
            31.156427
          ],
          [
            121.412103,
            31.156867
          ],
          [
            121.412227,
            31.157174
          ],
          [
            121.412558,
            31.157511
          ],
          [
            121.41287,
            31.157677
          ],
          [
            121.419302,
            31.159706
          ],
          [
            121.420116,
            31.159606
          ],
          [
            121.42061,
            31.159333
          ],
          [
            121.420845,
            31.15909
          ],
          [
            121.423546,
            31.16116
          ],
          [
            121.426881,
            31.162228
          ],
          [
            121.427244,
            31.162007
          ],
          [
            121.428159,
            31.16303
          ],
          [
            121.429014,
            31.164821
          ],
          [
            121.429286,
            31.165974
          ],
          [
            121.429468,
            31.16741
          ],
          [
            121.429681,
            31.167408
          ],
          [
            121.430272,
            31.171374
          ],
          [
            121.430819,
            31.176334
          ],
          [
            121.43167,
            31.18178
          ],
          [
            121.431875,
            31.184401
          ],
          [
            121.435448,
            31.1854
          ],
          [
            121.436576,
            31.185783
          ],
          [
            121.439418,
            31.189742
          ],
          [
            121.44114,
            31.191061
          ],
          [
            121.441236,
            31.191235
          ],
          [
            121.441315,
            31.19302
          ],
          [
            121.442795,
            31.193555
          ],
          [
            121.447319,
            31.196118
          ],
          [
            121.453982,
            31.198851
          ],
          [
            121.456754,
            31.199878
          ],
          [
            121.459782,
            31.200854
          ],
          [
            121.460531,
            31.201292
          ],
          [
            121.462222,
            31.202699
          ],
          [
            121.463366,
            31.203091
          ]
        ]
      },
      "properties": {
        "route_id": "XH_BIKE_0066",
        "name_zh": "康健园·通勤骑行单程路线06",
        "mode": "bike",
        "mode_label": "骑行",
        "kind": "one_way",
        "kind_label": "单程路线",
        "band": 0,
        "band_label": "5–10 km",
        "band_label_zh": "通勤骑行",
        "actual_distance_m": 8112.7,
        "distance_m": 8112.7,
        "target_distance_m": 7500.0,
        "distance_error": 0.081692,
        "duration_min": 27.0,
        "speed_kmh": 18.0,
        "speed_provenance": "manual_setting",
        "area": "kangjian",
        "area_name_zh": "康健园",
        "area_name_en": "Kangjian",
        "popular_area_ids": [
          "kangjian"
        ],
        "anchor_area_id": "kangjian",
        "status": "accepted",
        "failures": [],
        "crs": "CRS84/WGS84 (lon,lat)",
        "coordinate_count": 35,
        "start": [
          121.412115,
          31.156427
        ],
        "end": [
          121.463366,
          31.203091
        ],
        "start_marker": [
          121.412115,
          31.156427
        ],
        "end_marker": [
          121.463366,
          31.203091
        ],
        "navigation_nodes": 2,
        "long_distance": false,
        "bbox": [
          121.412103,
          31.156427,
          121.463366,
          31.203091
        ],
        "geometry_provenance": "osm_highway_snapped",
        "road_snapping_ratio": 1.0,
        "road_snapping_provenance": "construction_guaranteed",
        "in_district_ratio": 1.0,
        "endpoint_offset_m": 7120.06,
        "circuity": 1.1394,
        "repeated_edge_count": 0,
        "proper_self_intersection_count": 0,
        "local_uturn_count": 0,
        "local_return_loop_count": 0,
        "park_relation": {
          "poi_id": 404719693,
          "name_zh": "上体篮球公园",
          "coord": [
            121.432336,
            31.183927
          ],
          "distance_m": 40.6,
          "relation": "along_route",
          "label": "公园入口",
          "provenance": "deterministic_computation"
        },
        "edge_count": 138,
        "anchor_origin": "area:kangjian",
        "planned_kind": "one_way",
        "api_distance_error": null,
        "api_distance_provenance": "not_applicable_no_credentials"
      }
    },
    {
      "type": "Feature",
      "id": "XH_BIKE_0067",
      "geometry": {
        "type": "LineString",
        "coordinates": [
          [
            121.405621,
            31.162989
          ],
          [
            121.408263,
            31.163421
          ],
          [
            121.408001,
            31.164846
          ],
          [
            121.407519,
            31.166172
          ],
          [
            121.409874,
            31.166678
          ],
          [
            121.413495,
            31.168507
          ],
          [
            121.413948,
            31.168664
          ],
          [
            121.41387,
            31.169698
          ],
          [
            121.413666,
            31.170596
          ],
          [
            121.413072,
            31.172345
          ],
          [
            121.419322,
            31.173564
          ],
          [
            121.427138,
            31.176519
          ],
          [
            121.427833,
            31.176599
          ],
          [
            121.430584,
            31.176372
          ],
          [
            121.431571,
            31.18439
          ],
          [
            121.432454,
            31.184526
          ],
          [
            121.436576,
            31.185783
          ],
          [
            121.439418,
            31.189742
          ],
          [
            121.44114,
            31.191061
          ],
          [
            121.441236,
            31.191235
          ],
          [
            121.441315,
            31.19302
          ],
          [
            121.442795,
            31.193555
          ],
          [
            121.447319,
            31.196118
          ],
          [
            121.453982,
            31.198851
          ],
          [
            121.456754,
            31.199878
          ],
          [
            121.459782,
            31.200854
          ],
          [
            121.460531,
            31.201292
          ],
          [
            121.462222,
            31.202699
          ],
          [
            121.463366,
            31.203091
          ]
        ]
      },
      "properties": {
        "route_id": "XH_BIKE_0067",
        "name_zh": "漕河泾·通勤骑行单程路线07",
        "mode": "bike",
        "mode_label": "骑行",
        "kind": "one_way",
        "kind_label": "单程路线",
        "band": 0,
        "band_label": "5–10 km",
        "band_label_zh": "通勤骑行",
        "actual_distance_m": 8169.5,
        "distance_m": 8169.5,
        "target_distance_m": 7500.0,
        "distance_error": 0.089271,
        "duration_min": 27.2,
        "speed_kmh": 18.0,
        "speed_provenance": "manual_setting",
        "area": "caohejing",
        "area_name_zh": "漕河泾",
        "area_name_en": "Caohejing",
        "popular_area_ids": [
          "caohejing"
        ],
        "anchor_area_id": "caohejing",
        "status": "accepted",
        "failures": [],
        "crs": "CRS84/WGS84 (lon,lat)",
        "coordinate_count": 29,
        "start": [
          121.405621,
          31.162989
        ],
        "end": [
          121.463366,
          31.203091
        ],
        "start_marker": [
          121.405621,
          31.162989
        ],
        "end_marker": [
          121.463366,
          31.203091
        ],
        "navigation_nodes": 2,
        "long_distance": false,
        "bbox": [
          121.405621,
          31.162989,
          121.463366,
          31.203091
        ],
        "geometry_provenance": "osm_highway_snapped",
        "road_snapping_ratio": 1.0,
        "road_snapping_provenance": "construction_guaranteed",
        "in_district_ratio": 1.0,
        "endpoint_offset_m": 7075.23,
        "circuity": 1.1547,
        "repeated_edge_count": 0,
        "proper_self_intersection_count": 0,
        "local_uturn_count": 0,
        "local_return_loop_count": 0,
        "park_relation": {
          "poi_id": 294929012,
          "name_zh": "日晖绿地公园",
          "coord": [
            121.455363,
            31.19883
          ],
          "distance_m": 53.2,
          "relation": "along_route",
          "label": "公园入口",
          "provenance": "deterministic_computation"
        },
        "edge_count": 133,
        "anchor_origin": "area:caohejing",
        "planned_kind": "one_way",
        "api_distance_error": null,
        "api_distance_provenance": "not_applicable_no_credentials"
      }
    },
    {
      "type": "Feature",
      "id": "XH_BIKE_0068",
      "geometry": {
        "type": "LineString",
        "coordinates": [
          [
            121.447864,
            31.122746
          ],
          [
            121.452045,
            31.124701
          ],
          [
            121.451931,
            31.126403
          ],
          [
            121.450805,
            31.130785
          ],
          [
            121.44982,
            31.133768
          ],
          [
            121.448504,
            31.137492
          ],
          [
            121.446507,
            31.142278
          ],
          [
            121.446354,
            31.142865
          ],
          [
            121.446126,
            31.144957
          ],
          [
            121.445907,
            31.148726
          ],
          [
            121.445511,
            31.149296
          ],
          [
            121.445375,
            31.150753
          ],
          [
            121.445282,
            31.150988
          ],
          [
            121.445139,
            31.153685
          ],
          [
            121.445479,
            31.154241
          ],
          [
            121.445545,
            31.154579
          ],
          [
            121.445321,
            31.158458
          ],
          [
            121.445172,
            31.15926
          ],
          [
            121.443204,
            31.163138
          ],
          [
            121.442241,
            31.164687
          ],
          [
            121.440969,
            31.167255
          ],
          [
            121.440764,
            31.168033
          ],
          [
            121.440606,
            31.169482
          ],
          [
            121.440061,
            31.172597
          ],
          [
            121.43953,
            31.172454
          ],
          [
            121.438761,
            31.17432
          ],
          [
            121.438344,
            31.175045
          ],
          [
            121.437087,
            31.176297
          ],
          [
            121.434928,
            31.177786
          ],
          [
            121.434319,
            31.178037
          ],
          [
            121.433042,
            31.178902
          ],
          [
            121.432622,
            31.179308
          ],
          [
            121.431384,
            31.18019
          ],
          [
            121.431677,
            31.181916
          ],
          [
            121.431137,
            31.182182
          ],
          [
            121.427424,
            31.183086
          ],
          [
            121.422985,
            31.183912
          ],
          [
            121.421802,
            31.184354
          ],
          [
            121.420719,
            31.185155
          ]
        ]
      },
      "properties": {
        "route_id": "XH_BIKE_0068",
        "name_zh": "华泾·通勤骑行单程路线08",
        "mode": "bike",
        "mode_label": "骑行",
        "kind": "one_way",
        "kind_label": "单程路线",
        "band": 0,
        "band_label": "5–10 km",
        "band_label_zh": "通勤骑行",
        "actual_distance_m": 8529.4,
        "distance_m": 8529.4,
        "target_distance_m": 7500.0,
        "distance_error": 0.137257,
        "duration_min": 28.4,
        "speed_kmh": 18.0,
        "speed_provenance": "manual_setting",
        "area": "huajing",
        "area_name_zh": "华泾",
        "area_name_en": "Huajing",
        "popular_area_ids": [
          "huajing"
        ],
        "anchor_area_id": "huajing",
        "status": "accepted",
        "failures": [],
        "crs": "CRS84/WGS84 (lon,lat)",
        "coordinate_count": 39,
        "start": [
          121.447864,
          31.122746
        ],
        "end": [
          121.420719,
          31.185155
        ],
        "start_marker": [
          121.447864,
          31.122746
        ],
        "end_marker": [
          121.420719,
          31.185155
        ],
        "navigation_nodes": 2,
        "long_distance": false,
        "bbox": [
          121.420719,
          31.122746,
          121.452045,
          31.185155
        ],
        "geometry_provenance": "osm_highway_snapped",
        "road_snapping_ratio": 1.0,
        "road_snapping_provenance": "construction_guaranteed",
        "in_district_ratio": 1.0,
        "endpoint_offset_m": 7404.8,
        "circuity": 1.1519,
        "repeated_edge_count": 0,
        "proper_self_intersection_count": 0,
        "local_uturn_count": 0,
        "local_return_loop_count": 0,
        "park_relation": {
          "poi_id": 12008684562,
          "name_zh": "和风园",
          "coord": [
            121.444791,
            31.151021
          ],
          "distance_m": 39.9,
          "relation": "along_route",
          "label": "公园入口",
          "provenance": "deterministic_computation"
        },
        "edge_count": 135,
        "anchor_origin": "area:huajing",
        "planned_kind": "one_way",
        "api_distance_error": null,
        "api_distance_provenance": "not_applicable_no_credentials"
      }
    },
    {
      "type": "Feature",
      "id": "XH_BIKE_0069",
      "geometry": {
        "type": "LineString",
        "coordinates": [
          [
            121.45781,
            31.174174
          ],
          [
            121.458243,
            31.172989
          ],
          [
            121.453574,
            31.172513
          ],
          [
            121.449769,
            31.172021
          ],
          [
            121.449335,
            31.172023
          ],
          [
            121.448937,
            31.172204
          ],
          [
            121.445957,
            31.174805
          ],
          [
            121.445549,
            31.175047
          ],
          [
            121.441842,
            31.175543
          ],
          [
            121.441219,
            31.17571
          ],
          [
            121.440509,
            31.176087
          ],
          [
            121.440071,
            31.176125
          ],
          [
            121.439779,
            31.176965
          ],
          [
            121.439318,
            31.177775
          ],
          [
            121.438669,
            31.178521
          ],
          [
            121.438199,
            31.178858
          ],
          [
            121.437557,
            31.17915
          ],
          [
            121.43535,
            31.179919
          ],
          [
            121.434653,
            31.180245
          ],
          [
            121.431137,
            31.182182
          ],
          [
            121.426346,
            31.183292
          ],
          [
            121.426087,
            31.183067
          ],
          [
            121.424583,
            31.182299
          ],
          [
            121.424217,
            31.181998
          ],
          [
            121.423069,
            31.181437
          ],
          [
            121.422428,
            31.181241
          ],
          [
            121.421284,
            31.181205
          ],
          [
            121.420197,
            31.181016
          ],
          [
            121.420033,
            31.181078
          ],
          [
            121.419356,
            31.179823
          ],
          [
            121.41847,
            31.178816
          ],
          [
            121.417137,
            31.177843
          ],
          [
            121.41564,
            31.177204
          ],
          [
            121.411638,
            31.176264
          ],
          [
            121.404814,
            31.174977
          ],
          [
            121.392964,
            31.172529
          ],
          [
            121.386864,
            31.17057
          ]
        ]
      },
      "properties": {
        "route_id": "XH_BIKE_0069",
        "name_zh": "徐汇滨江与西岸·通勤骑行单程路线09",
        "mode": "bike",
        "mode_label": "骑行",
        "kind": "one_way",
        "kind_label": "单程路线",
        "band": 0,
        "band_label": "5–10 km",
        "band_label_zh": "通勤骑行",
        "actual_distance_m": 7760.3,
        "distance_m": 7760.3,
        "target_distance_m": 7500.0,
        "distance_error": 0.034707,
        "duration_min": 25.9,
        "speed_kmh": 18.0,
        "speed_provenance": "manual_setting",
        "area": "west_bund",
        "area_name_zh": "徐汇滨江与西岸",
        "area_name_en": "West Bund / Xuhui Riverside",
        "popular_area_ids": [
          "west_bund"
        ],
        "anchor_area_id": "west_bund",
        "status": "accepted",
        "failures": [],
        "crs": "CRS84/WGS84 (lon,lat)",
        "coordinate_count": 37,
        "start": [
          121.45781,
          31.174174
        ],
        "end": [
          121.386864,
          31.17057
        ],
        "start_marker": [
          121.45781,
          31.174174
        ],
        "end_marker": [
          121.386864,
          31.17057
        ],
        "navigation_nodes": 2,
        "long_distance": false,
        "bbox": [
          121.386864,
          31.17057,
          121.458243,
          31.183292
        ],
        "geometry_provenance": "osm_highway_snapped",
        "road_snapping_ratio": 1.0,
        "road_snapping_provenance": "construction_guaranteed",
        "in_district_ratio": 0.969078,
        "endpoint_offset_m": 6761.69,
        "circuity": 1.1477,
        "repeated_edge_count": 0,
        "proper_self_intersection_count": 0,
        "local_uturn_count": 0,
        "local_return_loop_count": 0,
        "park_relation": {
          "poi_id": 868440442,
          "name_zh": "",
          "coord": [
            121.394517,
            31.173506
          ],
          "distance_m": 70.5,
          "relation": "along_route",
          "label": "公园入口",
          "provenance": "deterministic_computation"
        },
        "edge_count": 170,
        "anchor_origin": "area:west_bund",
        "planned_kind": "one_way",
        "api_distance_error": null,
        "api_distance_provenance": "not_applicable_no_credentials"
      }
    },
    {
      "type": "Feature",
      "id": "XH_BIKE_0070",
      "geometry": {
        "type": "LineString",
        "coordinates": [
          [
            121.445549,
            31.175047
          ],
          [
            121.44421,
            31.175244
          ],
          [
            121.444183,
            31.175024
          ],
          [
            121.442044,
            31.173206
          ],
          [
            121.441966,
            31.172969
          ],
          [
            121.440274,
            31.17253
          ],
          [
            121.440746,
            31.169815
          ],
          [
            121.4409,
            31.168339
          ],
          [
            121.441155,
            31.167303
          ],
          [
            121.442436,
            31.164767
          ],
          [
            121.443476,
            31.16304
          ],
          [
            121.44476,
            31.160644
          ],
          [
            121.445344,
            31.159279
          ],
          [
            121.445559,
            31.157841
          ],
          [
            121.446378,
            31.144002
          ],
          [
            121.446522,
            31.1429
          ],
          [
            121.446689,
            31.14231
          ],
          [
            121.44865,
            31.13753
          ],
          [
            121.448504,
            31.137492
          ],
          [
            121.450805,
            31.130785
          ],
          [
            121.451273,
            31.129077
          ],
          [
            121.451931,
            31.126403
          ],
          [
            121.452232,
            31.121923
          ],
          [
            121.452253,
            31.120105
          ],
          [
            121.452121,
            31.118497
          ],
          [
            121.450915,
            31.114231
          ],
          [
            121.446169,
            31.113753
          ],
          [
            121.445166,
            31.113544
          ]
        ]
      },
      "properties": {
        "route_id": "XH_BIKE_0070",
        "name_zh": "龙华·通勤骑行单程路线10",
        "mode": "bike",
        "mode_label": "骑行",
        "kind": "one_way",
        "kind_label": "单程路线",
        "band": 0,
        "band_label": "5–10 km",
        "band_label_zh": "通勤骑行",
        "actual_distance_m": 7870.3,
        "distance_m": 7870.3,
        "target_distance_m": 7500.0,
        "distance_error": 0.049378,
        "duration_min": 26.2,
        "speed_kmh": 18.0,
        "speed_provenance": "manual_setting",
        "area": "longhua",
        "area_name_zh": "龙华",
        "area_name_en": "Longhua",
        "popular_area_ids": [
          "longhua"
        ],
        "anchor_area_id": "longhua",
        "status": "accepted",
        "failures": [],
        "crs": "CRS84/WGS84 (lon,lat)",
        "coordinate_count": 28,
        "start": [
          121.445549,
          31.175047
        ],
        "end": [
          121.445166,
          31.113544
        ],
        "start_marker": [
          121.445549,
          31.175047
        ],
        "end_marker": [
          121.445166,
          31.113544
        ],
        "navigation_nodes": 2,
        "long_distance": false,
        "bbox": [
          121.440274,
          31.113544,
          121.452253,
          31.175244
        ],
        "geometry_provenance": "osm_highway_snapped",
        "road_snapping_ratio": 1.0,
        "road_snapping_provenance": "construction_guaranteed",
        "in_district_ratio": 0.990009,
        "endpoint_offset_m": 6838.92,
        "circuity": 1.1508,
        "repeated_edge_count": 0,
        "proper_self_intersection_count": 0,
        "local_uturn_count": 0,
        "local_return_loop_count": 0,
        "park_relation": {
          "poi_id": 12008684563,
          "name_zh": "等风来",
          "coord": [
            121.444877,
            31.15057
          ],
          "distance_m": 90.6,
          "relation": "along_route",
          "label": "公园入口",
          "provenance": "deterministic_computation"
        },
        "edge_count": 107,
        "anchor_origin": "area:longhua",
        "planned_kind": "one_way",
        "api_distance_error": null,
        "api_distance_provenance": "not_applicable_no_credentials"
      }
    },
    {
      "type": "Feature",
      "id": "XH_BIKE_0071",
      "geometry": {
        "type": "LineString",
        "coordinates": [
          [
            121.445549,
            31.175047
          ],
          [
            121.44421,
            31.175244
          ],
          [
            121.444183,
            31.175024
          ],
          [
            121.442044,
            31.173206
          ],
          [
            121.441966,
            31.172969
          ],
          [
            121.440274,
            31.17253
          ],
          [
            121.440746,
            31.169815
          ],
          [
            121.4409,
            31.168339
          ],
          [
            121.441155,
            31.167303
          ],
          [
            121.442436,
            31.164767
          ],
          [
            121.443476,
            31.16304
          ],
          [
            121.44476,
            31.160644
          ],
          [
            121.445344,
            31.159279
          ],
          [
            121.445559,
            31.157841
          ],
          [
            121.446378,
            31.144002
          ],
          [
            121.446522,
            31.1429
          ],
          [
            121.446689,
            31.14231
          ],
          [
            121.44865,
            31.13753
          ],
          [
            121.448504,
            31.137492
          ],
          [
            121.450805,
            31.130785
          ],
          [
            121.451931,
            31.126403
          ],
          [
            121.451977,
            31.125727
          ],
          [
            121.444611,
            31.125268
          ],
          [
            121.443122,
            31.125013
          ],
          [
            121.443138,
            31.124683
          ],
          [
            121.442977,
            31.125009
          ],
          [
            121.442832,
            31.12498
          ],
          [
            121.443407,
            31.123787
          ],
          [
            121.439483,
            31.122707
          ],
          [
            121.440543,
            31.119942
          ],
          [
            121.44596,
            31.121317
          ],
          [
            121.452565,
            31.121961
          ],
          [
            121.452448,
            31.125814
          ],
          [
            121.455003,
            31.126071
          ],
          [
            121.456355,
            31.126318
          ],
          [
            121.458319,
            31.126968
          ],
          [
            121.459221,
            31.127346
          ],
          [
            121.458303,
            31.129021
          ],
          [
            121.457582,
            31.12973
          ],
          [
            121.455951,
            31.131086
          ],
          [
            121.45562,
            31.131555
          ],
          [
            121.453608,
            31.135339
          ],
          [
            121.451972,
            31.137809
          ],
          [
            121.450657,
            31.142004
          ],
          [
            121.449903,
            31.145178
          ],
          [
            121.449846,
            31.146235
          ],
          [
            121.450746,
            31.149847
          ],
          [
            121.451192,
            31.150721
          ],
          [
            121.452458,
            31.152082
          ],
          [
            121.451471,
            31.15316
          ],
          [
            121.451151,
            31.153677
          ],
          [
            121.450435,
            31.158475
          ],
          [
            121.449991,
            31.160572
          ],
          [
            121.448964,
            31.164078
          ],
          [
            121.45219,
            31.165629
          ],
          [
            121.450382,
            31.169122
          ],
          [
            121.449061,
            31.171015
          ],
          [
            121.449265,
            31.172044
          ],
          [
            121.449024,
            31.172151
          ],
          [
            121.449578,
            31.173218
          ],
          [
            121.450526,
            31.175556
          ],
          [
            121.448349,
            31.175586
          ],
          [
            121.448268,
            31.175318
          ],
          [
            121.447939,
            31.174952
          ],
          [
            121.447212,
            31.174424
          ],
          [
            121.446637,
            31.174218
          ],
          [
            121.445957,
            31.174805
          ],
          [
            121.445549,
            31.175047
          ]
        ]
      },
      "properties": {
        "route_id": "XH_BIKE_0071",
        "name_zh": "龙华·中距骑行闭环路线11",
        "mode": "bike",
        "mode_label": "骑行",
        "kind": "strict_loop",
        "kind_label": "闭环路线",
        "band": 1,
        "band_label": "10–20 km",
        "band_label_zh": "中距骑行",
        "actual_distance_m": 16670.9,
        "distance_m": 16670.9,
        "target_distance_m": 15000.0,
        "distance_error": 0.111394,
        "duration_min": 55.6,
        "speed_kmh": 18.0,
        "speed_provenance": "manual_setting",
        "area": "longhua",
        "area_name_zh": "龙华",
        "area_name_en": "Longhua",
        "popular_area_ids": [
          "longhua"
        ],
        "anchor_area_id": "xujiahui",
        "status": "accepted",
        "failures": [],
        "crs": "CRS84/WGS84 (lon,lat)",
        "coordinate_count": 68,
        "start": [
          121.445549,
          31.175047
        ],
        "end": [
          121.445549,
          31.175047
        ],
        "start_marker": [
          121.445549,
          31.175047
        ],
        "end_marker": [
          121.445549,
          31.175047
        ],
        "navigation_nodes": 2,
        "long_distance": false,
        "bbox": [
          121.439483,
          31.119942,
          121.459221,
          31.175586
        ],
        "geometry_provenance": "osm_highway_snapped",
        "road_snapping_ratio": 1.0,
        "road_snapping_provenance": "construction_guaranteed",
        "in_district_ratio": 1.0,
        "endpoint_offset_m": 0.0,
        "circuity": 1.0,
        "repeated_edge_count": 0,
        "proper_self_intersection_count": 0,
        "local_uturn_count": 0,
        "local_return_loop_count": 0,
        "park_relation": {
          "poi_id": 868402192,
          "name_zh": "",
          "coord": [
            121.450652,
            31.143986
          ],
          "distance_m": 37.5,
          "relation": "along_route",
          "label": "公园入口",
          "provenance": "deterministic_computation"
        },
        "edge_count": 273,
        "anchor_origin": "area:longhua",
        "planned_kind": "strict_loop",
        "api_distance_error": null,
        "api_distance_provenance": "not_applicable_no_credentials"
      }
    },
    {
      "type": "Feature",
      "id": "XH_BIKE_0072",
      "geometry": {
        "type": "LineString",
        "coordinates": [
          [
            121.450986,
            31.21183
          ],
          [
            121.449546,
            31.211411
          ],
          [
            121.451732,
            31.203699
          ],
          [
            121.451309,
            31.203165
          ],
          [
            121.451311,
            31.202948
          ],
          [
            121.453982,
            31.198851
          ],
          [
            121.456321,
            31.194999
          ],
          [
            121.456989,
            31.193041
          ],
          [
            121.457876,
            31.192245
          ],
          [
            121.455575,
            31.190861
          ],
          [
            121.457162,
            31.187995
          ],
          [
            121.458597,
            31.186259
          ],
          [
            121.457102,
            31.185706
          ],
          [
            121.45641,
            31.185284
          ],
          [
            121.455857,
            31.184752
          ],
          [
            121.4541,
            31.182696
          ],
          [
            121.451565,
            31.18034
          ],
          [
            121.452034,
            31.179555
          ],
          [
            121.452302,
            31.178261
          ],
          [
            121.451729,
            31.177777
          ],
          [
            121.451144,
            31.176963
          ],
          [
            121.449578,
            31.173218
          ],
          [
            121.449024,
            31.172151
          ],
          [
            121.449335,
            31.172023
          ],
          [
            121.449207,
            31.171106
          ],
          [
            121.449306,
            31.170631
          ],
          [
            121.44859,
            31.170035
          ],
          [
            121.446747,
            31.168883
          ],
          [
            121.446551,
            31.168586
          ],
          [
            121.446553,
            31.168187
          ],
          [
            121.446699,
            31.167673
          ],
          [
            121.44862,
            31.164801
          ],
          [
            121.449074,
            31.163784
          ],
          [
            121.449991,
            31.160572
          ],
          [
            121.450499,
            31.158164
          ],
          [
            121.451151,
            31.153677
          ],
          [
            121.451471,
            31.15316
          ],
          [
            121.452458,
            31.152082
          ],
          [
            121.454987,
            31.154689
          ],
          [
            121.458878,
            31.159546
          ],
          [
            121.458512,
            31.15972
          ],
          [
            121.458096,
            31.162079
          ],
          [
            121.458184,
            31.163141
          ],
          [
            121.458059,
            31.163801
          ],
          [
            121.457521,
            31.164637
          ],
          [
            121.457861,
            31.164979
          ],
          [
            121.458645,
            31.165353
          ],
          [
            121.458599,
            31.165585
          ],
          [
            121.458191,
            31.166303
          ],
          [
            121.457985,
            31.1672
          ],
          [
            121.457988,
            31.1678
          ],
          [
            121.458188,
            31.168687
          ],
          [
            121.458725,
            31.170062
          ],
          [
            121.458774,
            31.170898
          ],
          [
            121.457583,
            31.174269
          ],
          [
            121.457237,
            31.175836
          ],
          [
            121.456938,
            31.177692
          ],
          [
            121.45694,
            31.178311
          ],
          [
            121.457137,
            31.179254
          ],
          [
            121.456652,
            31.179382
          ],
          [
            121.456817,
            31.179583
          ],
          [
            121.457339,
            31.17942
          ],
          [
            121.45805,
            31.181101
          ],
          [
            121.458207,
            31.181059
          ],
          [
            121.459244,
            31.183605
          ],
          [
            121.459898,
            31.184568
          ],
          [
            121.459888,
            31.185023
          ],
          [
            121.459764,
            31.185253
          ],
          [
            121.458853,
            31.186287
          ],
          [
            121.458722,
            31.186281
          ],
          [
            121.460904,
            31.187102
          ],
          [
            121.46157,
            31.187421
          ],
          [
            121.464117,
            31.189165
          ],
          [
            121.461489,
            31.192316
          ],
          [
            121.460473,
            31.19377
          ],
          [
            121.457874,
            31.198187
          ],
          [
            121.457344,
            31.200069
          ],
          [
            121.45628,
            31.204598
          ],
          [
            121.454249,
            31.204
          ],
          [
            121.453654,
            31.205672
          ],
          [
            121.453562,
            31.206195
          ],
          [
            121.453355,
            31.210969
          ],
          [
            121.453107,
            31.212684
          ],
          [
            121.450986,
            31.21183
          ]
        ]
      },
      "properties": {
        "route_id": "XH_BIKE_0072",
        "name_zh": "衡复风貌区·中距骑行闭环路线12",
        "mode": "bike",
        "mode_label": "骑行",
        "kind": "strict_loop",
        "kind_label": "闭环路线",
        "band": 1,
        "band_label": "10–20 km",
        "band_label_zh": "中距骑行",
        "actual_distance_m": 16051.5,
        "distance_m": 16051.5,
        "target_distance_m": 15000.0,
        "distance_error": 0.070103,
        "duration_min": 53.5,
        "speed_kmh": 18.0,
        "speed_provenance": "manual_setting",
        "area": "hengfu",
        "area_name_zh": "衡复风貌区",
        "area_name_en": "Hengfu Historical Area",
        "popular_area_ids": [
          "hengfu"
        ],
        "anchor_area_id": "hengfu",
        "status": "accepted",
        "failures": [],
        "crs": "CRS84/WGS84 (lon,lat)",
        "coordinate_count": 84,
        "start": [
          121.450986,
          31.21183
        ],
        "end": [
          121.450986,
          31.21183
        ],
        "start_marker": [
          121.450986,
          31.21183
        ],
        "end_marker": [
          121.450986,
          31.21183
        ],
        "navigation_nodes": 2,
        "long_distance": false,
        "bbox": [
          121.446551,
          31.152082,
          121.464117,
          31.212684
        ],
        "geometry_provenance": "osm_highway_snapped",
        "road_snapping_ratio": 1.0,
        "road_snapping_provenance": "construction_guaranteed",
        "in_district_ratio": 1.0,
        "endpoint_offset_m": 0.0,
        "circuity": 1.0,
        "repeated_edge_count": 0,
        "proper_self_intersection_count": 0,
        "local_uturn_count": 0,
        "local_return_loop_count": 0,
        "park_relation": {
          "poi_id": 50330793,
          "name_zh": "龙华滨江休闲广场",
          "coord": [
            121.453934,
            31.153234
          ],
          "distance_m": 24.1,
          "relation": "along_route",
          "label": "公园入口",
          "provenance": "deterministic_computation"
        },
        "edge_count": 317,
        "anchor_origin": "area:hengfu",
        "planned_kind": "strict_loop",
        "api_distance_error": null,
        "api_distance_provenance": "not_applicable_no_credentials"
      }
    },
    {
      "type": "Feature",
      "id": "XH_BIKE_0073",
      "geometry": {
        "type": "LineString",
        "coordinates": [
          [
            121.445282,
            31.150988
          ],
          [
            121.445139,
            31.153685
          ],
          [
            121.445539,
            31.154425
          ],
          [
            121.445497,
            31.155349
          ],
          [
            121.445697,
            31.15546
          ],
          [
            121.445439,
            31.158839
          ],
          [
            121.445344,
            31.159279
          ],
          [
            121.444819,
            31.160526
          ],
          [
            121.446749,
            31.161012
          ],
          [
            121.446534,
            31.162158
          ],
          [
            121.445926,
            31.1632
          ],
          [
            121.4473,
            31.163501
          ],
          [
            121.448964,
            31.164078
          ],
          [
            121.44862,
            31.164801
          ],
          [
            121.446699,
            31.167673
          ],
          [
            121.446553,
            31.168187
          ],
          [
            121.446551,
            31.168586
          ],
          [
            121.446747,
            31.168883
          ],
          [
            121.44859,
            31.170035
          ],
          [
            121.449306,
            31.170631
          ],
          [
            121.449207,
            31.171106
          ],
          [
            121.449335,
            31.172023
          ],
          [
            121.449024,
            31.172151
          ],
          [
            121.449578,
            31.173218
          ],
          [
            121.451144,
            31.176963
          ],
          [
            121.451729,
            31.177777
          ],
          [
            121.452302,
            31.178261
          ],
          [
            121.452034,
            31.179555
          ],
          [
            121.451565,
            31.18034
          ],
          [
            121.4541,
            31.182696
          ],
          [
            121.455857,
            31.184752
          ],
          [
            121.45641,
            31.185284
          ],
          [
            121.457102,
            31.185706
          ],
          [
            121.458597,
            31.186259
          ],
          [
            121.457162,
            31.187995
          ],
          [
            121.455575,
            31.190861
          ],
          [
            121.457876,
            31.192245
          ],
          [
            121.460313,
            31.19406
          ],
          [
            121.457874,
            31.198187
          ],
          [
            121.459504,
            31.198804
          ],
          [
            121.460312,
            31.199289
          ],
          [
            121.46102,
            31.199592
          ],
          [
            121.459774,
            31.202743
          ],
          [
            121.460272,
            31.202902
          ],
          [
            121.460413,
            31.203039
          ],
          [
            121.460025,
            31.204204
          ],
          [
            121.462799,
            31.204958
          ],
          [
            121.463366,
            31.203091
          ],
          [
            121.463555,
            31.201942
          ],
          [
            121.46444,
            31.199427
          ],
          [
            121.463514,
            31.199365
          ],
          [
            121.462677,
            31.199168
          ],
          [
            121.463613,
            31.195913
          ],
          [
            121.460413,
            31.194134
          ],
          [
            121.460614,
            31.193864
          ],
          [
            121.45823,
            31.192144
          ],
          [
            121.459472,
            31.190272
          ],
          [
            121.461773,
            31.187548
          ],
          [
            121.460904,
            31.187102
          ],
          [
            121.458559,
            31.186171
          ],
          [
            121.459584,
            31.185086
          ],
          [
            121.459646,
            31.184763
          ],
          [
            121.459611,
            31.184591
          ],
          [
            121.459076,
            31.183798
          ],
          [
            121.457884,
            31.18112
          ],
          [
            121.45805,
            31.181101
          ],
          [
            121.457339,
            31.17942
          ],
          [
            121.457531,
            31.17936
          ],
          [
            121.457171,
            31.177838
          ],
          [
            121.457267,
            31.176967
          ],
          [
            121.4578,
            31.174398
          ],
          [
            121.458967,
            31.171125
          ],
          [
            121.458964,
            31.170228
          ],
          [
            121.458253,
            31.168121
          ],
          [
            121.458267,
            31.166914
          ],
          [
            121.458621,
            31.165968
          ],
          [
            121.460039,
            31.163882
          ],
          [
            121.460426,
            31.163088
          ],
          [
            121.460521,
            31.162321
          ],
          [
            121.460376,
            31.161382
          ],
          [
            121.460029,
            31.160689
          ],
          [
            121.458356,
            31.158897
          ],
          [
            121.455042,
            31.15465
          ],
          [
            121.451386,
            31.150878
          ],
          [
            121.450794,
            31.149791
          ],
          [
            121.450292,
            31.147884
          ],
          [
            121.447725,
            31.148332
          ],
          [
            121.446113,
            31.148275
          ],
          [
            121.446275,
            31.14629
          ],
          [
            121.446046,
            31.146283
          ],
          [
            121.445907,
            31.148726
          ],
          [
            121.445511,
            31.149296
          ],
          [
            121.445375,
            31.150753
          ],
          [
            121.445282,
            31.150988
          ]
        ]
      },
      "properties": {
        "route_id": "XH_BIKE_0073",
        "name_zh": "上海植物园·中距骑行闭环路线13",
        "mode": "bike",
        "mode_label": "骑行",
        "kind": "strict_loop",
        "kind_label": "闭环路线",
        "band": 1,
        "band_label": "10–20 km",
        "band_label_zh": "中距骑行",
        "actual_distance_m": 16529.2,
        "distance_m": 16529.2,
        "target_distance_m": 15000.0,
        "distance_error": 0.101946,
        "duration_min": 55.1,
        "speed_kmh": 18.0,
        "speed_provenance": "manual_setting",
        "area": "shanghai_botanical_garden",
        "area_name_zh": "上海植物园",
        "area_name_en": "Shanghai Botanical Garden",
        "popular_area_ids": [
          "shanghai_botanical_garden"
        ],
        "anchor_area_id": "shanghai_botanical_garden",
        "status": "accepted",
        "failures": [],
        "crs": "CRS84/WGS84 (lon,lat)",
        "coordinate_count": 94,
        "start": [
          121.445282,
          31.150988
        ],
        "end": [
          121.445282,
          31.150988
        ],
        "start_marker": [
          121.445282,
          31.150988
        ],
        "end_marker": [
          121.445282,
          31.150988
        ],
        "navigation_nodes": 2,
        "long_distance": false,
        "bbox": [
          121.444819,
          31.146283,
          121.46444,
          31.204958
        ],
        "geometry_provenance": "osm_highway_snapped",
        "road_snapping_ratio": 1.0,
        "road_snapping_provenance": "construction_guaranteed",
        "in_district_ratio": 1.0,
        "endpoint_offset_m": 0.0,
        "circuity": 1.0,
        "repeated_edge_count": 0,
        "proper_self_intersection_count": 0,
        "local_uturn_count": 0,
        "local_return_loop_count": 0,
        "park_relation": {
          "poi_id": 50330793,
          "name_zh": "龙华滨江休闲广场",
          "coord": [
            121.453934,
            31.153234
          ],
          "distance_m": 17.8,
          "relation": "along_route",
          "label": "公园入口",
          "provenance": "deterministic_computation"
        },
        "edge_count": 311,
        "anchor_origin": "area:shanghai_botanical_garden",
        "planned_kind": "strict_loop",
        "api_distance_error": null,
        "api_distance_provenance": "not_applicable_no_credentials"
      }
    },
    {
      "type": "Feature",
      "id": "XH_BIKE_0074",
      "geometry": {
        "type": "LineString",
        "coordinates": [
          [
            121.450986,
            31.21183
          ],
          [
            121.449546,
            31.211411
          ],
          [
            121.451732,
            31.203699
          ],
          [
            121.451309,
            31.203165
          ],
          [
            121.451311,
            31.202948
          ],
          [
            121.453982,
            31.198851
          ],
          [
            121.456321,
            31.194999
          ],
          [
            121.456989,
            31.193041
          ],
          [
            121.457876,
            31.192245
          ],
          [
            121.455575,
            31.190861
          ],
          [
            121.457162,
            31.187995
          ],
          [
            121.458597,
            31.186259
          ],
          [
            121.457102,
            31.185706
          ],
          [
            121.45641,
            31.185284
          ],
          [
            121.455857,
            31.184752
          ],
          [
            121.4541,
            31.182696
          ],
          [
            121.451565,
            31.18034
          ],
          [
            121.452034,
            31.179555
          ],
          [
            121.452302,
            31.178261
          ],
          [
            121.451729,
            31.177777
          ],
          [
            121.451144,
            31.176963
          ],
          [
            121.449578,
            31.173218
          ],
          [
            121.449024,
            31.172151
          ],
          [
            121.449335,
            31.172023
          ],
          [
            121.449207,
            31.171106
          ],
          [
            121.449306,
            31.170631
          ],
          [
            121.44859,
            31.170035
          ],
          [
            121.446747,
            31.168883
          ],
          [
            121.446551,
            31.168586
          ],
          [
            121.446553,
            31.168187
          ],
          [
            121.446699,
            31.167673
          ],
          [
            121.44862,
            31.164801
          ],
          [
            121.449074,
            31.163784
          ],
          [
            121.449991,
            31.160572
          ],
          [
            121.450499,
            31.158164
          ],
          [
            121.451074,
            31.153948
          ],
          [
            121.451284,
            31.153398
          ],
          [
            121.45234,
            31.152165
          ],
          [
            121.45488,
            31.154764
          ],
          [
            121.453707,
            31.155719
          ],
          [
            121.452969,
            31.15645
          ],
          [
            121.455869,
            31.157618
          ],
          [
            121.454832,
            31.163784
          ],
          [
            121.45884,
            31.165523
          ],
          [
            121.458313,
            31.166529
          ],
          [
            121.458147,
            31.167589
          ],
          [
            121.458287,
            31.168389
          ],
          [
            121.458904,
            31.170189
          ],
          [
            121.458925,
            31.170972
          ],
          [
            121.458243,
            31.172989
          ],
          [
            121.458124,
            31.173
          ],
          [
            121.457567,
            31.174572
          ],
          [
            121.456933,
            31.178201
          ],
          [
            121.457137,
            31.179254
          ],
          [
            121.457429,
            31.179147
          ],
          [
            121.457531,
            31.17936
          ],
          [
            121.457339,
            31.17942
          ],
          [
            121.45805,
            31.181101
          ],
          [
            121.457884,
            31.18112
          ],
          [
            121.458759,
            31.183135
          ],
          [
            121.458893,
            31.183253
          ],
          [
            121.458998,
            31.183213
          ],
          [
            121.459814,
            31.18467
          ],
          [
            121.459715,
            31.185176
          ],
          [
            121.458722,
            31.186281
          ],
          [
            121.460904,
            31.187102
          ],
          [
            121.46157,
            31.187421
          ],
          [
            121.461773,
            31.187548
          ],
          [
            121.461653,
            31.187685
          ],
          [
            121.464052,
            31.189363
          ],
          [
            121.461646,
            31.192308
          ],
          [
            121.460413,
            31.194134
          ],
          [
            121.457934,
            31.198221
          ],
          [
            121.455817,
            31.207059
          ],
          [
            121.455432,
            31.21001
          ],
          [
            121.454598,
            31.212363
          ],
          [
            121.454662,
            31.213127
          ],
          [
            121.453107,
            31.212684
          ],
          [
            121.450986,
            31.21183
          ]
        ]
      },
      "properties": {
        "route_id": "XH_BIKE_0074",
        "name_zh": "衡复风貌区·中距骑行闭环路线14",
        "mode": "bike",
        "mode_label": "骑行",
        "kind": "strict_loop",
        "kind_label": "闭环路线",
        "band": 1,
        "band_label": "10–20 km",
        "band_label_zh": "中距骑行",
        "actual_distance_m": 16212.5,
        "distance_m": 16212.5,
        "target_distance_m": 15000.0,
        "distance_error": 0.080832,
        "duration_min": 54.0,
        "speed_kmh": 18.0,
        "speed_provenance": "manual_setting",
        "area": "hengfu",
        "area_name_zh": "衡复风貌区",
        "area_name_en": "Hengfu Historical Area",
        "popular_area_ids": [
          "hengfu"
        ],
        "anchor_area_id": "kangjian",
        "status": "accepted",
        "failures": [],
        "crs": "CRS84/WGS84 (lon,lat)",
        "coordinate_count": 79,
        "start": [
          121.450986,
          31.21183
        ],
        "end": [
          121.450986,
          31.21183
        ],
        "start_marker": [
          121.450986,
          31.21183
        ],
        "end_marker": [
          121.450986,
          31.21183
        ],
        "navigation_nodes": 2,
        "long_distance": false,
        "bbox": [
          121.446551,
          31.152165,
          121.464052,
          31.213127
        ],
        "geometry_provenance": "osm_highway_snapped",
        "road_snapping_ratio": 1.0,
        "road_snapping_provenance": "construction_guaranteed",
        "in_district_ratio": 1.0,
        "endpoint_offset_m": 0.0,
        "circuity": 1.0,
        "repeated_edge_count": 0,
        "proper_self_intersection_count": 0,
        "local_uturn_count": 0,
        "local_return_loop_count": 0,
        "park_relation": {
          "poi_id": 870546902,
          "name_zh": "",
          "coord": [
            121.457891,
            31.175096
          ],
          "distance_m": 33.6,
          "relation": "along_route",
          "label": "公园入口",
          "provenance": "deterministic_computation"
        },
        "edge_count": 367,
        "anchor_origin": "area:hengfu",
        "planned_kind": "strict_loop",
        "api_distance_error": null,
        "api_distance_provenance": "not_applicable_no_credentials"
      }
    },
    {
      "type": "Feature",
      "id": "XH_BIKE_0075",
      "geometry": {
        "type": "LineString",
        "coordinates": [
          [
            121.450986,
            31.21183
          ],
          [
            121.449546,
            31.211411
          ],
          [
            121.450221,
            31.209142
          ],
          [
            121.44888,
            31.208236
          ],
          [
            121.448445,
            31.208055
          ],
          [
            121.447769,
            31.207903
          ],
          [
            121.448758,
            31.202579
          ],
          [
            121.445824,
            31.201584
          ],
          [
            121.445852,
            31.201291
          ],
          [
            121.444204,
            31.200634
          ],
          [
            121.439524,
            31.198532
          ],
          [
            121.434413,
            31.195319
          ],
          [
            121.434175,
            31.195096
          ],
          [
            121.433491,
            31.193124
          ],
          [
            121.432483,
            31.189504
          ],
          [
            121.432405,
            31.188098
          ],
          [
            121.431875,
            31.184401
          ],
          [
            121.43167,
            31.18178
          ],
          [
            121.431384,
            31.18019
          ],
          [
            121.434112,
            31.178172
          ],
          [
            121.43353,
            31.177837
          ],
          [
            121.433107,
            31.177226
          ],
          [
            121.432945,
            31.17605
          ],
          [
            121.432917,
            31.174607
          ],
          [
            121.433695,
            31.170797
          ],
          [
            121.434473,
            31.164135
          ],
          [
            121.437777,
            31.166535
          ],
          [
            121.439764,
            31.164454
          ],
          [
            121.440428,
            31.163918
          ],
          [
            121.441812,
            31.163143
          ],
          [
            121.442262,
            31.162562
          ],
          [
            121.442378,
            31.161933
          ],
          [
            121.441734,
            31.160921
          ],
          [
            121.44167,
            31.160682
          ],
          [
            121.44188,
            31.159828
          ],
          [
            121.444605,
            31.160471
          ],
          [
            121.444536,
            31.160581
          ],
          [
            121.447296,
            31.161252
          ],
          [
            121.449362,
            31.161473
          ],
          [
            121.450151,
            31.161665
          ],
          [
            121.45069,
            31.161867
          ],
          [
            121.451209,
            31.162212
          ],
          [
            121.45224,
            31.162689
          ],
          [
            121.454832,
            31.163784
          ],
          [
            121.452891,
            31.175502
          ],
          [
            121.451813,
            31.175396
          ],
          [
            121.450596,
            31.175727
          ],
          [
            121.450526,
            31.175556
          ],
          [
            121.448349,
            31.175586
          ],
          [
            121.448222,
            31.176763
          ],
          [
            121.448361,
            31.177904
          ],
          [
            121.448341,
            31.178596
          ],
          [
            121.447533,
            31.180937
          ],
          [
            121.447492,
            31.181735
          ],
          [
            121.448088,
            31.183489
          ],
          [
            121.448316,
            31.184019
          ],
          [
            121.448527,
            31.184256
          ],
          [
            121.450069,
            31.185314
          ],
          [
            121.450925,
            31.18601
          ],
          [
            121.451648,
            31.186444
          ],
          [
            121.455191,
            31.187829
          ],
          [
            121.454607,
            31.189136
          ],
          [
            121.454106,
            31.189953
          ],
          [
            121.455575,
            31.190861
          ],
          [
            121.454458,
            31.19285
          ],
          [
            121.454212,
            31.193043
          ],
          [
            121.453579,
            31.1933
          ],
          [
            121.453244,
            31.193601
          ],
          [
            121.450376,
            31.199516
          ],
          [
            121.452819,
            31.200595
          ],
          [
            121.456768,
            31.202123
          ],
          [
            121.456806,
            31.202323
          ],
          [
            121.456232,
            31.204919
          ],
          [
            121.456324,
            31.205135
          ],
          [
            121.455699,
            31.207729
          ],
          [
            121.457444,
            31.208432
          ],
          [
            121.457033,
            31.21205
          ],
          [
            121.453355,
            31.210969
          ],
          [
            121.453107,
            31.212684
          ],
          [
            121.450986,
            31.21183
          ]
        ]
      },
      "properties": {
        "route_id": "XH_BIKE_0075",
        "name_zh": "衡复风貌区·中距骑行闭环路线15",
        "mode": "bike",
        "mode_label": "骑行",
        "kind": "strict_loop",
        "kind_label": "闭环路线",
        "band": 1,
        "band_label": "10–20 km",
        "band_label_zh": "中距骑行",
        "actual_distance_m": 16991.1,
        "distance_m": 16991.1,
        "target_distance_m": 15000.0,
        "distance_error": 0.132743,
        "duration_min": 56.6,
        "speed_kmh": 18.0,
        "speed_provenance": "manual_setting",
        "area": "hengfu",
        "area_name_zh": "衡复风貌区",
        "area_name_en": "Hengfu Historical Area",
        "popular_area_ids": [
          "hengfu"
        ],
        "anchor_area_id": "caohejing",
        "status": "accepted",
        "failures": [],
        "crs": "CRS84/WGS84 (lon,lat)",
        "coordinate_count": 80,
        "start": [
          121.450986,
          31.21183
        ],
        "end": [
          121.450986,
          31.21183
        ],
        "start_marker": [
          121.450986,
          31.21183
        ],
        "end_marker": [
          121.450986,
          31.21183
        ],
        "navigation_nodes": 2,
        "long_distance": false,
        "bbox": [
          121.431384,
          31.159828,
          121.457444,
          31.212684
        ],
        "geometry_provenance": "osm_highway_snapped",
        "road_snapping_ratio": 1.0,
        "road_snapping_provenance": "construction_guaranteed",
        "in_district_ratio": 0.978473,
        "endpoint_offset_m": 0.0,
        "circuity": 1.0,
        "repeated_edge_count": 0,
        "proper_self_intersection_count": 0,
        "local_uturn_count": 0,
        "local_return_loop_count": 0,
        "park_relation": {
          "poi_id": 899417942,
          "name_zh": "",
          "coord": [
            121.432268,
            31.186473
          ],
          "distance_m": 7.8,
          "relation": "along_route",
          "label": "公园入口",
          "provenance": "deterministic_computation"
        },
        "edge_count": 327,
        "anchor_origin": "area:hengfu",
        "planned_kind": "strict_loop",
        "api_distance_error": null,
        "api_distance_provenance": "not_applicable_no_credentials"
      }
    },
    {
      "type": "Feature",
      "id": "XH_BIKE_0076",
      "geometry": {
        "type": "LineString",
        "coordinates": [
          [
            121.447864,
            31.122746
          ],
          [
            121.452045,
            31.124701
          ],
          [
            121.451931,
            31.126403
          ],
          [
            121.450805,
            31.130785
          ],
          [
            121.44982,
            31.133768
          ],
          [
            121.448504,
            31.137492
          ],
          [
            121.446507,
            31.142278
          ],
          [
            121.446354,
            31.142865
          ],
          [
            121.446126,
            31.144957
          ],
          [
            121.445907,
            31.148726
          ],
          [
            121.445511,
            31.149296
          ],
          [
            121.445375,
            31.150753
          ],
          [
            121.445282,
            31.150988
          ],
          [
            121.445139,
            31.153685
          ],
          [
            121.445479,
            31.154241
          ],
          [
            121.445545,
            31.154579
          ],
          [
            121.445321,
            31.158458
          ],
          [
            121.445172,
            31.15926
          ],
          [
            121.443204,
            31.163138
          ],
          [
            121.442241,
            31.164687
          ],
          [
            121.440969,
            31.167255
          ],
          [
            121.440764,
            31.168033
          ],
          [
            121.440606,
            31.169482
          ],
          [
            121.440061,
            31.172597
          ],
          [
            121.43953,
            31.172454
          ],
          [
            121.438761,
            31.17432
          ],
          [
            121.438344,
            31.175045
          ],
          [
            121.437087,
            31.176297
          ],
          [
            121.434928,
            31.177786
          ],
          [
            121.434319,
            31.178037
          ],
          [
            121.433042,
            31.178902
          ],
          [
            121.432622,
            31.179308
          ],
          [
            121.431384,
            31.18019
          ],
          [
            121.43167,
            31.18178
          ],
          [
            121.431875,
            31.184401
          ],
          [
            121.432405,
            31.188098
          ],
          [
            121.432483,
            31.189504
          ],
          [
            121.433491,
            31.193124
          ],
          [
            121.434175,
            31.195096
          ],
          [
            121.434144,
            31.195591
          ],
          [
            121.433182,
            31.198636
          ],
          [
            121.434483,
            31.199349
          ],
          [
            121.433814,
            31.200121
          ],
          [
            121.433628,
            31.200543
          ],
          [
            121.432382,
            31.20021
          ],
          [
            121.432016,
            31.20003
          ],
          [
            121.430355,
            31.198965
          ],
          [
            121.429462,
            31.198096
          ],
          [
            121.42529,
            31.190849
          ],
          [
            121.421802,
            31.184354
          ],
          [
            121.42145,
            31.18348
          ],
          [
            121.420033,
            31.181078
          ],
          [
            121.417917,
            31.181903
          ],
          [
            121.416657,
            31.182197
          ],
          [
            121.408658,
            31.182634
          ],
          [
            121.407271,
            31.182548
          ],
          [
            121.393152,
            31.178504
          ],
          [
            121.394074,
            31.176282
          ]
        ]
      },
      "properties": {
        "route_id": "XH_BIKE_0076",
        "name_zh": "华泾·中距骑行单程路线16",
        "mode": "bike",
        "mode_label": "骑行",
        "kind": "one_way",
        "kind_label": "单程路线",
        "band": 1,
        "band_label": "10–20 km",
        "band_label_zh": "中距骑行",
        "actual_distance_m": 15115.9,
        "distance_m": 15115.9,
        "target_distance_m": 15000.0,
        "distance_error": 0.007727,
        "duration_min": 50.4,
        "speed_kmh": 18.0,
        "speed_provenance": "manual_setting",
        "area": "huajing",
        "area_name_zh": "华泾",
        "area_name_en": "Huajing",
        "popular_area_ids": [
          "huajing"
        ],
        "anchor_area_id": "huajing",
        "status": "accepted",
        "failures": [],
        "crs": "CRS84/WGS84 (lon,lat)",
        "coordinate_count": 58,
        "start": [
          121.447864,
          31.122746
        ],
        "end": [
          121.394074,
          31.176282
        ],
        "start_marker": [
          121.447864,
          31.122746
        ],
        "end_marker": [
          121.394074,
          31.176282
        ],
        "navigation_nodes": 2,
        "long_distance": false,
        "bbox": [
          121.393152,
          31.122746,
          121.452045,
          31.200543
        ],
        "geometry_provenance": "osm_highway_snapped",
        "road_snapping_ratio": 1.0,
        "road_snapping_provenance": "construction_guaranteed",
        "in_district_ratio": 1.0,
        "endpoint_offset_m": 7851.17,
        "circuity": 1.9253,
        "repeated_edge_count": 0,
        "proper_self_intersection_count": 0,
        "local_uturn_count": 0,
        "local_return_loop_count": 0,
        "park_relation": {
          "poi_id": 899417942,
          "name_zh": "",
          "coord": [
            121.432268,
            31.186473
          ],
          "distance_m": 7.8,
          "relation": "along_route",
          "label": "公园入口",
          "provenance": "deterministic_computation"
        },
        "edge_count": 247,
        "anchor_origin": "area:huajing",
        "planned_kind": "one_way",
        "api_distance_error": null,
        "api_distance_provenance": "not_applicable_no_credentials"
      }
    },
    {
      "type": "Feature",
      "id": "XH_BIKE_0077",
      "geometry": {
        "type": "LineString",
        "coordinates": [
          [
            121.450986,
            31.21183
          ],
          [
            121.449546,
            31.211411
          ],
          [
            121.450221,
            31.209142
          ],
          [
            121.44888,
            31.208236
          ],
          [
            121.448445,
            31.208055
          ],
          [
            121.447769,
            31.207903
          ],
          [
            121.448758,
            31.202579
          ],
          [
            121.445824,
            31.201584
          ],
          [
            121.445852,
            31.201291
          ],
          [
            121.444204,
            31.200634
          ],
          [
            121.439524,
            31.198532
          ],
          [
            121.434413,
            31.195319
          ],
          [
            121.434175,
            31.195096
          ],
          [
            121.433491,
            31.193124
          ],
          [
            121.432483,
            31.189504
          ],
          [
            121.432405,
            31.188098
          ],
          [
            121.431875,
            31.184401
          ],
          [
            121.43167,
            31.18178
          ],
          [
            121.430819,
            31.176334
          ],
          [
            121.430132,
            31.170325
          ],
          [
            121.429315,
            31.165165
          ],
          [
            121.42876,
            31.163614
          ],
          [
            121.42788,
            31.162271
          ],
          [
            121.427507,
            31.161791
          ],
          [
            121.424773,
            31.15921
          ],
          [
            121.428888,
            31.155821
          ],
          [
            121.429558,
            31.155447
          ],
          [
            121.430237,
            31.15524
          ],
          [
            121.430187,
            31.155192
          ],
          [
            121.431652,
            31.153882
          ],
          [
            121.432117,
            31.153202
          ],
          [
            121.432733,
            31.151838
          ],
          [
            121.433536,
            31.149231
          ],
          [
            121.433519,
            31.145823
          ],
          [
            121.433893,
            31.14443
          ],
          [
            121.434826,
            31.142475
          ],
          [
            121.436006,
            31.140362
          ],
          [
            121.437287,
            31.140812
          ],
          [
            121.439299,
            31.135004
          ],
          [
            121.439174,
            31.134072
          ],
          [
            121.438922,
            31.133256
          ],
          [
            121.438953,
            31.132968
          ],
          [
            121.439726,
            31.130841
          ],
          [
            121.440821,
            31.128632
          ],
          [
            121.439454,
            31.128527
          ],
          [
            121.43279,
            31.127492
          ],
          [
            121.433668,
            31.124495
          ],
          [
            121.435761,
            31.11465
          ],
          [
            121.434717,
            31.114515
          ],
          [
            121.434927,
            31.113891
          ]
        ]
      },
      "properties": {
        "route_id": "XH_BIKE_0077",
        "name_zh": "衡复风貌区·中距骑行单程路线17",
        "mode": "bike",
        "mode_label": "骑行",
        "kind": "one_way",
        "kind_label": "单程路线",
        "band": 1,
        "band_label": "10–20 km",
        "band_label_zh": "中距骑行",
        "actual_distance_m": 13528.8,
        "distance_m": 13528.8,
        "target_distance_m": 15000.0,
        "distance_error": 0.098077,
        "duration_min": 45.1,
        "speed_kmh": 18.0,
        "speed_provenance": "manual_setting",
        "area": "hengfu",
        "area_name_zh": "衡复风貌区",
        "area_name_en": "Hengfu Historical Area",
        "popular_area_ids": [
          "hengfu"
        ],
        "anchor_area_id": "west_bund",
        "status": "accepted",
        "failures": [],
        "crs": "CRS84/WGS84 (lon,lat)",
        "coordinate_count": 50,
        "start": [
          121.450986,
          31.21183
        ],
        "end": [
          121.434927,
          31.113891
        ],
        "start_marker": [
          121.450986,
          31.21183
        ],
        "end_marker": [
          121.434927,
          31.113891
        ],
        "navigation_nodes": 2,
        "long_distance": false,
        "bbox": [
          121.424773,
          31.113891,
          121.450986,
          31.21183
        ],
        "geometry_provenance": "osm_highway_snapped",
        "road_snapping_ratio": 1.0,
        "road_snapping_provenance": "construction_guaranteed",
        "in_district_ratio": 1.0,
        "endpoint_offset_m": 10997.01,
        "circuity": 1.2302,
        "repeated_edge_count": 0,
        "proper_self_intersection_count": 0,
        "local_uturn_count": 0,
        "local_return_loop_count": 0,
        "park_relation": {
          "poi_id": 899417942,
          "name_zh": "",
          "coord": [
            121.432268,
            31.186473
          ],
          "distance_m": 7.8,
          "relation": "along_route",
          "label": "公园入口",
          "provenance": "deterministic_computation"
        },
        "edge_count": 210,
        "anchor_origin": "area:hengfu",
        "planned_kind": "one_way",
        "api_distance_error": null,
        "api_distance_provenance": "not_applicable_no_credentials"
      }
    },
    {
      "type": "Feature",
      "id": "XH_BIKE_0078",
      "geometry": {
        "type": "LineString",
        "coordinates": [
          [
            121.445282,
            31.150988
          ],
          [
            121.445139,
            31.153685
          ],
          [
            121.445539,
            31.154425
          ],
          [
            121.445497,
            31.155349
          ],
          [
            121.445697,
            31.15546
          ],
          [
            121.445559,
            31.157841
          ],
          [
            121.445344,
            31.159279
          ],
          [
            121.44476,
            31.160644
          ],
          [
            121.443476,
            31.16304
          ],
          [
            121.442436,
            31.164767
          ],
          [
            121.441155,
            31.167303
          ],
          [
            121.4409,
            31.168339
          ],
          [
            121.440746,
            31.169815
          ],
          [
            121.440274,
            31.17253
          ],
          [
            121.441966,
            31.172969
          ],
          [
            121.441947,
            31.17304
          ],
          [
            121.445811,
            31.174133
          ],
          [
            121.446719,
            31.174308
          ],
          [
            121.447366,
            31.174596
          ],
          [
            121.448163,
            31.175329
          ],
          [
            121.448257,
            31.175666
          ],
          [
            121.448114,
            31.176715
          ],
          [
            121.448222,
            31.178556
          ],
          [
            121.448134,
            31.179081
          ],
          [
            121.447516,
            31.180691
          ],
          [
            121.447389,
            31.181264
          ],
          [
            121.447494,
            31.18215
          ],
          [
            121.448327,
            31.184232
          ],
          [
            121.450069,
            31.185461
          ],
          [
            121.450049,
            31.186041
          ],
          [
            121.450174,
            31.186359
          ],
          [
            121.451483,
            31.186794
          ],
          [
            121.452134,
            31.187969
          ],
          [
            121.450754,
            31.191962
          ],
          [
            121.450356,
            31.192705
          ],
          [
            121.453152,
            31.193778
          ],
          [
            121.451248,
            31.197771
          ],
          [
            121.448758,
            31.202579
          ],
          [
            121.447769,
            31.207903
          ],
          [
            121.448445,
            31.208055
          ],
          [
            121.44888,
            31.208236
          ],
          [
            121.450221,
            31.209142
          ],
          [
            121.453355,
            31.210969
          ],
          [
            121.452198,
            31.21768
          ],
          [
            121.450423,
            31.221095
          ],
          [
            121.447714,
            31.219305
          ],
          [
            121.446984,
            31.219025
          ],
          [
            121.443662,
            31.217962
          ],
          [
            121.439952,
            31.217328
          ],
          [
            121.440673,
            31.216171
          ],
          [
            121.439465,
            31.215919
          ],
          [
            121.440168,
            31.214216
          ],
          [
            121.436376,
            31.213472
          ],
          [
            121.436426,
            31.212644
          ],
          [
            121.435746,
            31.210169
          ],
          [
            121.435333,
            31.209075
          ],
          [
            121.43381,
            31.206818
          ],
          [
            121.433268,
            31.205829
          ],
          [
            121.432973,
            31.202203
          ],
          [
            121.431943,
            31.201668
          ],
          [
            121.432382,
            31.20021
          ],
          [
            121.433182,
            31.198636
          ]
        ]
      },
      "properties": {
        "route_id": "XH_BIKE_0078",
        "name_zh": "上海植物园·中距骑行单程路线18",
        "mode": "bike",
        "mode_label": "骑行",
        "kind": "one_way",
        "kind_label": "单程路线",
        "band": 1,
        "band_label": "10–20 km",
        "band_label_zh": "中距骑行",
        "actual_distance_m": 12992.0,
        "distance_m": 12992.0,
        "target_distance_m": 15000.0,
        "distance_error": 0.13387,
        "duration_min": 43.3,
        "speed_kmh": 18.0,
        "speed_provenance": "manual_setting",
        "area": "shanghai_botanical_garden",
        "area_name_zh": "上海植物园",
        "area_name_en": "Shanghai Botanical Garden",
        "popular_area_ids": [
          "shanghai_botanical_garden"
        ],
        "anchor_area_id": "longhua",
        "status": "accepted",
        "failures": [],
        "crs": "CRS84/WGS84 (lon,lat)",
        "coordinate_count": 62,
        "start": [
          121.445282,
          31.150988
        ],
        "end": [
          121.433182,
          31.198636
        ],
        "start_marker": [
          121.445282,
          31.150988
        ],
        "end_marker": [
          121.433182,
          31.198636
        ],
        "navigation_nodes": 2,
        "long_distance": false,
        "bbox": [
          121.431943,
          31.150988,
          121.453355,
          31.221095
        ],
        "geometry_provenance": "osm_highway_snapped",
        "road_snapping_ratio": 1.0,
        "road_snapping_provenance": "construction_guaranteed",
        "in_district_ratio": 0.989681,
        "endpoint_offset_m": 5421.82,
        "circuity": 2.3962,
        "repeated_edge_count": 0,
        "proper_self_intersection_count": 0,
        "local_uturn_count": 0,
        "local_return_loop_count": 0,
        "park_relation": {
          "poi_id": 694638922,
          "name_zh": "",
          "coord": [
            121.447886,
            31.183737
          ],
          "distance_m": 19.1,
          "relation": "along_route",
          "label": "公园入口",
          "provenance": "deterministic_computation"
        },
        "edge_count": 268,
        "anchor_origin": "area:shanghai_botanical_garden",
        "planned_kind": "one_way",
        "api_distance_error": null,
        "api_distance_provenance": "not_applicable_no_credentials"
      }
    },
    {
      "type": "Feature",
      "id": "XH_BIKE_0079",
      "geometry": {
        "type": "LineString",
        "coordinates": [
          [
            121.405621,
            31.162989
          ],
          [
            121.408263,
            31.163421
          ],
          [
            121.409189,
            31.158648
          ],
          [
            121.41538,
            31.160115
          ],
          [
            121.415508,
            31.15936
          ],
          [
            121.415793,
            31.158607
          ],
          [
            121.42385,
            31.148588
          ],
          [
            121.42438,
            31.144429
          ],
          [
            121.42465,
            31.143612
          ],
          [
            121.425193,
            31.142459
          ],
          [
            121.425397,
            31.142112
          ],
          [
            121.426607,
            31.140758
          ],
          [
            121.426891,
            31.14023
          ],
          [
            121.427697,
            31.13814
          ],
          [
            121.428368,
            31.137066
          ],
          [
            121.430291,
            31.135626
          ],
          [
            121.430704,
            31.135154
          ],
          [
            121.431087,
            31.134345
          ],
          [
            121.431254,
            31.133565
          ],
          [
            121.43608,
            31.134153
          ],
          [
            121.438349,
            31.134745
          ],
          [
            121.438806,
            31.132923
          ],
          [
            121.439616,
            31.130791
          ],
          [
            121.44055,
            31.128971
          ],
          [
            121.442728,
            31.125363
          ],
          [
            121.444723,
            31.121287
          ],
          [
            121.445484,
            31.117259
          ],
          [
            121.446156,
            31.117354
          ],
          [
            121.451902,
            31.117632
          ],
          [
            121.450183,
            31.111727
          ],
          [
            121.449753,
            31.109954
          ],
          [
            121.449543,
            31.108616
          ],
          [
            121.445035,
            31.10814
          ],
          [
            121.444725,
            31.107978
          ],
          [
            121.444735,
            31.107879
          ],
          [
            121.446629,
            31.108078
          ],
          [
            121.446911,
            31.108
          ],
          [
            121.449634,
            31.108264
          ],
          [
            121.449877,
            31.109982
          ],
          [
            121.452228,
            31.118435
          ],
          [
            121.452404,
            31.120123
          ],
          [
            121.452404,
            31.121941
          ],
          [
            121.452565,
            31.121961
          ],
          [
            121.452448,
            31.125814
          ],
          [
            121.455003,
            31.126071
          ],
          [
            121.456355,
            31.126318
          ],
          [
            121.459017,
            31.12722
          ],
          [
            121.459543,
            31.12749
          ],
          [
            121.461192,
            31.128097
          ],
          [
            121.461193,
            31.128705
          ],
          [
            121.461473,
            31.128796
          ],
          [
            121.461522,
            31.128883
          ],
          [
            121.461429,
            31.129099
          ],
          [
            121.461132,
            31.129374
          ]
        ]
      },
      "properties": {
        "route_id": "XH_BIKE_0079",
        "name_zh": "漕河泾·中距骑行单程路线19",
        "mode": "bike",
        "mode_label": "骑行",
        "kind": "one_way",
        "kind_label": "单程路线",
        "band": 1,
        "band_label": "10–20 km",
        "band_label_zh": "中距骑行",
        "actual_distance_m": 13199.2,
        "distance_m": 13199.2,
        "target_distance_m": 15000.0,
        "distance_error": 0.120055,
        "duration_min": 44.0,
        "speed_kmh": 18.0,
        "speed_provenance": "manual_setting",
        "area": "caohejing",
        "area_name_zh": "漕河泾",
        "area_name_en": "Caohejing",
        "popular_area_ids": [
          "caohejing"
        ],
        "anchor_area_id": "xujiahui",
        "status": "accepted",
        "failures": [],
        "crs": "CRS84/WGS84 (lon,lat)",
        "coordinate_count": 54,
        "start": [
          121.405621,
          31.162989
        ],
        "end": [
          121.461132,
          31.129374
        ],
        "start_marker": [
          121.405621,
          31.162989
        ],
        "end_marker": [
          121.461132,
          31.129374
        ],
        "navigation_nodes": 2,
        "long_distance": false,
        "bbox": [
          121.405621,
          31.107879,
          121.461522,
          31.163421
        ],
        "geometry_provenance": "osm_highway_snapped",
        "road_snapping_ratio": 1.0,
        "road_snapping_provenance": "construction_guaranteed",
        "in_district_ratio": 0.995085,
        "endpoint_offset_m": 6471.45,
        "circuity": 2.0396,
        "repeated_edge_count": 0,
        "proper_self_intersection_count": 0,
        "local_uturn_count": 0,
        "local_return_loop_count": 0,
        "park_relation": {
          "poi_id": 544048836,
          "name_zh": "黄道婆纪念公园",
          "coord": [
            121.443653,
            31.126326
          ],
          "distance_m": 113.3,
          "relation": "nearby",
          "label": "邻近公园·约 110 米",
          "provenance": "deterministic_computation"
        },
        "edge_count": 198,
        "anchor_origin": "area:caohejing",
        "planned_kind": "one_way",
        "api_distance_error": null,
        "api_distance_provenance": "not_applicable_no_credentials"
      }
    },
    {
      "type": "Feature",
      "id": "XH_BIKE_0080",
      "geometry": {
        "type": "LineString",
        "coordinates": [
          [
            121.447864,
            31.122746
          ],
          [
            121.452045,
            31.124701
          ],
          [
            121.451931,
            31.126403
          ],
          [
            121.450805,
            31.130785
          ],
          [
            121.44982,
            31.133768
          ],
          [
            121.448504,
            31.137492
          ],
          [
            121.446507,
            31.142278
          ],
          [
            121.446354,
            31.142865
          ],
          [
            121.446126,
            31.144957
          ],
          [
            121.445907,
            31.148726
          ],
          [
            121.445511,
            31.149296
          ],
          [
            121.445375,
            31.150753
          ],
          [
            121.445282,
            31.150988
          ],
          [
            121.445139,
            31.153685
          ],
          [
            121.445479,
            31.154241
          ],
          [
            121.445545,
            31.154579
          ],
          [
            121.445321,
            31.158458
          ],
          [
            121.445172,
            31.15926
          ],
          [
            121.443204,
            31.163138
          ],
          [
            121.442241,
            31.164687
          ],
          [
            121.440969,
            31.167255
          ],
          [
            121.440764,
            31.168033
          ],
          [
            121.440606,
            31.169482
          ],
          [
            121.440061,
            31.172597
          ],
          [
            121.43953,
            31.172454
          ],
          [
            121.438761,
            31.17432
          ],
          [
            121.438344,
            31.175045
          ],
          [
            121.437087,
            31.176297
          ],
          [
            121.434928,
            31.177786
          ],
          [
            121.434319,
            31.178037
          ],
          [
            121.433042,
            31.178902
          ],
          [
            121.432622,
            31.179308
          ],
          [
            121.431384,
            31.18019
          ],
          [
            121.43167,
            31.18178
          ],
          [
            121.431875,
            31.184401
          ],
          [
            121.432405,
            31.188098
          ],
          [
            121.432483,
            31.189504
          ],
          [
            121.433491,
            31.193124
          ],
          [
            121.434175,
            31.195096
          ],
          [
            121.434144,
            31.195591
          ],
          [
            121.433182,
            31.198636
          ],
          [
            121.434483,
            31.199349
          ],
          [
            121.433814,
            31.200121
          ],
          [
            121.433628,
            31.200543
          ],
          [
            121.43223,
            31.200152
          ],
          [
            121.430355,
            31.198965
          ],
          [
            121.429462,
            31.198096
          ],
          [
            121.429032,
            31.197353
          ],
          [
            121.427571,
            31.196357
          ],
          [
            121.42649,
            31.195916
          ],
          [
            121.424662,
            31.195466
          ],
          [
            121.42347,
            31.195854
          ],
          [
            121.423319,
            31.195474
          ],
          [
            121.422849,
            31.194909
          ],
          [
            121.420924,
            31.193238
          ],
          [
            121.419939,
            31.19254
          ],
          [
            121.416842,
            31.191122
          ],
          [
            121.408893,
            31.18872
          ],
          [
            121.408856,
            31.192886
          ],
          [
            121.411791,
            31.192789
          ]
        ]
      },
      "properties": {
        "route_id": "XH_BIKE_0080",
        "name_zh": "华泾·中距骑行单程路线20",
        "mode": "bike",
        "mode_label": "骑行",
        "kind": "one_way",
        "kind_label": "单程路线",
        "band": 1,
        "band_label": "10–20 km",
        "band_label_zh": "中距骑行",
        "actual_distance_m": 13171.3,
        "distance_m": 13171.3,
        "target_distance_m": 15000.0,
        "distance_error": 0.121914,
        "duration_min": 43.9,
        "speed_kmh": 18.0,
        "speed_provenance": "manual_setting",
        "area": "huajing",
        "area_name_zh": "华泾",
        "area_name_en": "Huajing",
        "popular_area_ids": [
          "huajing"
        ],
        "anchor_area_id": "hengfu",
        "status": "accepted",
        "failures": [],
        "crs": "CRS84/WGS84 (lon,lat)",
        "coordinate_count": 60,
        "start": [
          121.447864,
          31.122746
        ],
        "end": [
          121.411791,
          31.192789
        ],
        "start_marker": [
          121.447864,
          31.122746
        ],
        "end_marker": [
          121.411791,
          31.192789
        ],
        "navigation_nodes": 2,
        "long_distance": false,
        "bbox": [
          121.408856,
          31.122746,
          121.452045,
          31.200543
        ],
        "geometry_provenance": "osm_highway_snapped",
        "road_snapping_ratio": 1.0,
        "road_snapping_provenance": "construction_guaranteed",
        "in_district_ratio": 0.998534,
        "endpoint_offset_m": 8511.31,
        "circuity": 1.5475,
        "repeated_edge_count": 0,
        "proper_self_intersection_count": 0,
        "local_uturn_count": 0,
        "local_return_loop_count": 0,
        "park_relation": {
          "poi_id": 899417942,
          "name_zh": "",
          "coord": [
            121.432268,
            31.186473
          ],
          "distance_m": 7.8,
          "relation": "along_route",
          "label": "公园入口",
          "provenance": "deterministic_computation"
        },
        "edge_count": 219,
        "anchor_origin": "area:huajing",
        "planned_kind": "one_way",
        "api_distance_error": null,
        "api_distance_provenance": "not_applicable_no_credentials"
      }
    },
    {
      "type": "Feature",
      "id": "XH_BIKE_0081",
      "geometry": {
        "type": "LineString",
        "coordinates": [
          [
            121.445282,
            31.150988
          ],
          [
            121.445139,
            31.153685
          ],
          [
            121.445539,
            31.154425
          ],
          [
            121.445497,
            31.155349
          ],
          [
            121.445697,
            31.15546
          ],
          [
            121.445559,
            31.157841
          ],
          [
            121.445344,
            31.159279
          ],
          [
            121.44476,
            31.160644
          ],
          [
            121.443476,
            31.16304
          ],
          [
            121.442436,
            31.164767
          ],
          [
            121.441155,
            31.167303
          ],
          [
            121.4409,
            31.168339
          ],
          [
            121.440746,
            31.169815
          ],
          [
            121.440274,
            31.17253
          ],
          [
            121.441966,
            31.172969
          ],
          [
            121.441947,
            31.17304
          ],
          [
            121.445811,
            31.174133
          ],
          [
            121.446719,
            31.174308
          ],
          [
            121.447366,
            31.174596
          ],
          [
            121.448163,
            31.175329
          ],
          [
            121.448257,
            31.175666
          ],
          [
            121.448114,
            31.176715
          ],
          [
            121.448222,
            31.178556
          ],
          [
            121.448134,
            31.179081
          ],
          [
            121.447516,
            31.180691
          ],
          [
            121.447389,
            31.181264
          ],
          [
            121.447494,
            31.18215
          ],
          [
            121.448327,
            31.184232
          ],
          [
            121.450069,
            31.185461
          ],
          [
            121.450049,
            31.186041
          ],
          [
            121.450174,
            31.186359
          ],
          [
            121.451483,
            31.186794
          ],
          [
            121.452134,
            31.187969
          ],
          [
            121.450754,
            31.191962
          ],
          [
            121.450356,
            31.192705
          ],
          [
            121.453152,
            31.193778
          ],
          [
            121.451248,
            31.197771
          ],
          [
            121.448758,
            31.202579
          ],
          [
            121.447769,
            31.207903
          ],
          [
            121.448445,
            31.208055
          ],
          [
            121.44888,
            31.208236
          ],
          [
            121.450221,
            31.209142
          ],
          [
            121.453355,
            31.210969
          ],
          [
            121.452198,
            31.21768
          ],
          [
            121.450423,
            31.221095
          ],
          [
            121.447615,
            31.219264
          ],
          [
            121.447827,
            31.218701
          ],
          [
            121.448226,
            31.218636
          ],
          [
            121.45134,
            31.217497
          ],
          [
            121.451423,
            31.217358
          ],
          [
            121.45079,
            31.2156
          ],
          [
            121.44932,
            31.212234
          ],
          [
            121.447535,
            31.211047
          ],
          [
            121.446866,
            31.210839
          ],
          [
            121.445428,
            31.211381
          ],
          [
            121.444043,
            31.211283
          ],
          [
            121.44299,
            31.210906
          ],
          [
            121.443238,
            31.210594
          ],
          [
            121.44434,
            31.206574
          ],
          [
            121.442984,
            31.206028
          ],
          [
            121.443513,
            31.203353
          ],
          [
            121.442023,
            31.202897
          ],
          [
            121.440588,
            31.20234
          ],
          [
            121.44142,
            31.200224
          ],
          [
            121.441117,
            31.199615
          ],
          [
            121.439325,
            31.198802
          ],
          [
            121.434835,
            31.196014
          ],
          [
            121.433907,
            31.195823
          ],
          [
            121.433909,
            31.195345
          ],
          [
            121.433408,
            31.193666
          ],
          [
            121.433396,
            31.193363
          ],
          [
            121.432234,
            31.189469
          ],
          [
            121.431863,
            31.186453
          ],
          [
            121.431173,
            31.186635
          ],
          [
            121.431053,
            31.185796
          ],
          [
            121.430357,
            31.185913
          ],
          [
            121.429248,
            31.186233
          ],
          [
            121.428989,
            31.185618
          ],
          [
            121.428812,
            31.185461
          ],
          [
            121.428244,
            31.183763
          ],
          [
            121.42891,
            31.183204
          ],
          [
            121.42906,
            31.182853
          ],
          [
            121.428068,
            31.183104
          ],
          [
            121.427832,
            31.182562
          ],
          [
            121.429935,
            31.180877
          ],
          [
            121.429185,
            31.180652
          ],
          [
            121.428596,
            31.180223
          ],
          [
            121.428084,
            31.17997
          ],
          [
            121.426359,
            31.179632
          ],
          [
            121.423507,
            31.178582
          ],
          [
            121.425096,
            31.175788
          ],
          [
            121.425768,
            31.174287
          ],
          [
            121.426078,
            31.170103
          ],
          [
            121.42624,
            31.169779
          ],
          [
            121.42636,
            31.167556
          ],
          [
            121.42655,
            31.166541
          ],
          [
            121.426342,
            31.163199
          ],
          [
            121.426786,
            31.162339
          ],
          [
            121.427244,
            31.162007
          ],
          [
            121.424377,
            31.159249
          ],
          [
            121.428779,
            31.155714
          ],
          [
            121.429251,
            31.155425
          ],
          [
            121.430398,
            31.154964
          ],
          [
            121.431494,
            31.153946
          ],
          [
            121.431932,
            31.153393
          ],
          [
            121.432663,
            31.151822
          ],
          [
            121.433463,
            31.149222
          ],
          [
            121.433435,
            31.146012
          ],
          [
            121.433623,
            31.145023
          ],
          [
            121.434237,
            31.143496
          ],
          [
            121.435812,
            31.140575
          ],
          [
            121.44297,
            31.143868
          ],
          [
            121.444483,
            31.144316
          ],
          [
            121.445906,
            31.144808
          ],
          [
            121.446126,
            31.144957
          ],
          [
            121.445907,
            31.148726
          ],
          [
            121.445511,
            31.149296
          ],
          [
            121.445375,
            31.150753
          ],
          [
            121.445282,
            31.150988
          ]
        ]
      },
      "properties": {
        "route_id": "XH_BIKE_0081",
        "name_zh": "上海植物园·长距骑行闭环路线21",
        "mode": "bike",
        "mode_label": "骑行",
        "kind": "strict_loop",
        "kind_label": "闭环路线",
        "band": 2,
        "band_label": "20–30 km",
        "band_label_zh": "长距骑行",
        "actual_distance_m": 23226.5,
        "distance_m": 23226.5,
        "target_distance_m": 25000.0,
        "distance_error": 0.070941,
        "duration_min": 77.4,
        "speed_kmh": 18.0,
        "speed_provenance": "manual_setting",
        "area": "shanghai_botanical_garden",
        "area_name_zh": "上海植物园",
        "area_name_en": "Shanghai Botanical Garden",
        "popular_area_ids": [
          "shanghai_botanical_garden"
        ],
        "anchor_area_id": "shanghai_botanical_garden",
        "status": "accepted",
        "failures": [],
        "crs": "CRS84/WGS84 (lon,lat)",
        "coordinate_count": 119,
        "start": [
          121.445282,
          31.150988
        ],
        "end": [
          121.445282,
          31.150988
        ],
        "start_marker": [
          121.445282,
          31.150988
        ],
        "end_marker": [
          121.445282,
          31.150988
        ],
        "navigation_nodes": 2,
        "long_distance": true,
        "bbox": [
          121.423507,
          31.140575,
          121.453355,
          31.221095
        ],
        "geometry_provenance": "osm_highway_snapped",
        "road_snapping_ratio": 1.0,
        "road_snapping_provenance": "construction_guaranteed",
        "in_district_ratio": 0.989796,
        "endpoint_offset_m": 0.0,
        "circuity": 1.0,
        "repeated_edge_count": 0,
        "proper_self_intersection_count": 0,
        "local_uturn_count": 0,
        "local_return_loop_count": 0,
        "park_relation": {
          "poi_id": 477138725,
          "name_zh": "",
          "coord": [
            121.447132,
            31.210781
          ],
          "distance_m": 14.5,
          "relation": "along_route",
          "label": "公园入口",
          "provenance": "deterministic_computation"
        },
        "edge_count": 499,
        "anchor_origin": "area:shanghai_botanical_garden",
        "planned_kind": "strict_loop",
        "api_distance_error": null,
        "api_distance_provenance": "not_applicable_no_credentials"
      }
    },
    {
      "type": "Feature",
      "id": "XH_BIKE_0082",
      "geometry": {
        "type": "LineString",
        "coordinates": [
          [
            121.412115,
            31.156427
          ],
          [
            121.412103,
            31.156867
          ],
          [
            121.412227,
            31.157174
          ],
          [
            121.412558,
            31.157511
          ],
          [
            121.41287,
            31.157677
          ],
          [
            121.419302,
            31.159706
          ],
          [
            121.420116,
            31.159606
          ],
          [
            121.42061,
            31.159333
          ],
          [
            121.420845,
            31.15909
          ],
          [
            121.423546,
            31.16116
          ],
          [
            121.426881,
            31.162228
          ],
          [
            121.427244,
            31.162007
          ],
          [
            121.428159,
            31.16303
          ],
          [
            121.429014,
            31.164821
          ],
          [
            121.429286,
            31.165974
          ],
          [
            121.429468,
            31.16741
          ],
          [
            121.429681,
            31.167408
          ],
          [
            121.430272,
            31.171374
          ],
          [
            121.430819,
            31.176334
          ],
          [
            121.43167,
            31.18178
          ],
          [
            121.431875,
            31.184401
          ],
          [
            121.432405,
            31.188098
          ],
          [
            121.432483,
            31.189504
          ],
          [
            121.433491,
            31.193124
          ],
          [
            121.434175,
            31.195096
          ],
          [
            121.434413,
            31.195319
          ],
          [
            121.439524,
            31.198532
          ],
          [
            121.444204,
            31.200634
          ],
          [
            121.445852,
            31.201291
          ],
          [
            121.445824,
            31.201584
          ],
          [
            121.448758,
            31.202579
          ],
          [
            121.447769,
            31.207903
          ],
          [
            121.448445,
            31.208055
          ],
          [
            121.44888,
            31.208236
          ],
          [
            121.450221,
            31.209142
          ],
          [
            121.453355,
            31.210969
          ],
          [
            121.452198,
            31.21768
          ],
          [
            121.450423,
            31.221095
          ],
          [
            121.447615,
            31.219264
          ],
          [
            121.447883,
            31.218504
          ],
          [
            121.447801,
            31.217977
          ],
          [
            121.447466,
            31.217452
          ],
          [
            121.446762,
            31.217059
          ],
          [
            121.445626,
            31.216687
          ],
          [
            121.444947,
            31.218377
          ],
          [
            121.443662,
            31.217962
          ],
          [
            121.439952,
            31.217328
          ],
          [
            121.440673,
            31.216171
          ],
          [
            121.441655,
            31.21383
          ],
          [
            121.439375,
            31.213187
          ],
          [
            121.439496,
            31.212446
          ],
          [
            121.434732,
            31.212714
          ],
          [
            121.434379,
            31.212441
          ],
          [
            121.435158,
            31.210245
          ],
          [
            121.435746,
            31.210169
          ],
          [
            121.435333,
            31.209075
          ],
          [
            121.43381,
            31.206818
          ],
          [
            121.433268,
            31.205829
          ],
          [
            121.434865,
            31.203238
          ],
          [
            121.432973,
            31.202203
          ],
          [
            121.43302,
            31.2018
          ],
          [
            121.433628,
            31.200543
          ],
          [
            121.43223,
            31.200152
          ],
          [
            121.433066,
            31.198542
          ],
          [
            121.432423,
            31.198332
          ],
          [
            121.4311,
            31.198048
          ],
          [
            121.431813,
            31.195414
          ],
          [
            121.430276,
            31.195015
          ],
          [
            121.428534,
            31.194357
          ],
          [
            121.427837,
            31.194279
          ],
          [
            121.427288,
            31.194371
          ],
          [
            121.427198,
            31.194186
          ],
          [
            121.42544,
            31.195003
          ],
          [
            121.423984,
            31.192828
          ],
          [
            121.421459,
            31.190337
          ],
          [
            121.423563,
            31.187708
          ],
          [
            121.42344,
            31.187474
          ],
          [
            121.424334,
            31.186454
          ],
          [
            121.428068,
            31.183104
          ],
          [
            121.428035,
            31.182943
          ],
          [
            121.428307,
            31.18256
          ],
          [
            121.429947,
            31.181159
          ],
          [
            121.430685,
            31.180391
          ],
          [
            121.430864,
            31.180313
          ],
          [
            121.431022,
            31.180435
          ],
          [
            121.430845,
            31.17958
          ],
          [
            121.430648,
            31.177636
          ],
          [
            121.430707,
            31.177298
          ],
          [
            121.429836,
            31.170324
          ],
          [
            121.428068,
            31.170269
          ],
          [
            121.423311,
            31.169925
          ],
          [
            121.423446,
            31.165259
          ],
          [
            121.420881,
            31.16511
          ],
          [
            121.421095,
            31.163263
          ],
          [
            121.421429,
            31.162148
          ],
          [
            121.415365,
            31.160203
          ],
          [
            121.409177,
            31.158727
          ],
          [
            121.409639,
            31.156639
          ],
          [
            121.41063,
            31.154129
          ],
          [
            121.412696,
            31.154651
          ],
          [
            121.412115,
            31.156427
          ]
        ]
      },
      "properties": {
        "route_id": "XH_BIKE_0082",
        "name_zh": "康健园·长距骑行闭环路线22",
        "mode": "bike",
        "mode_label": "骑行",
        "kind": "strict_loop",
        "kind_label": "闭环路线",
        "band": 2,
        "band_label": "20–30 km",
        "band_label_zh": "长距骑行",
        "actual_distance_m": 22447.4,
        "distance_m": 22447.4,
        "target_distance_m": 25000.0,
        "distance_error": 0.102106,
        "duration_min": 74.8,
        "speed_kmh": 18.0,
        "speed_provenance": "manual_setting",
        "area": "kangjian",
        "area_name_zh": "康健园",
        "area_name_en": "Kangjian",
        "popular_area_ids": [
          "kangjian"
        ],
        "anchor_area_id": "kangjian",
        "status": "accepted",
        "failures": [],
        "crs": "CRS84/WGS84 (lon,lat)",
        "coordinate_count": 101,
        "start": [
          121.412115,
          31.156427
        ],
        "end": [
          121.412115,
          31.156427
        ],
        "start_marker": [
          121.412115,
          31.156427
        ],
        "end_marker": [
          121.412115,
          31.156427
        ],
        "navigation_nodes": 2,
        "long_distance": true,
        "bbox": [
          121.409177,
          31.154129,
          121.453355,
          31.221095
        ],
        "geometry_provenance": "osm_highway_snapped",
        "road_snapping_ratio": 1.0,
        "road_snapping_provenance": "construction_guaranteed",
        "in_district_ratio": 0.989441,
        "endpoint_offset_m": 0.0,
        "circuity": 1.0,
        "repeated_edge_count": 0,
        "proper_self_intersection_count": 0,
        "local_uturn_count": 0,
        "local_return_loop_count": 0,
        "park_relation": {
          "poi_id": 899417942,
          "name_zh": "",
          "coord": [
            121.432268,
            31.186473
          ],
          "distance_m": 7.8,
          "relation": "along_route",
          "label": "公园入口",
          "provenance": "deterministic_computation"
        },
        "edge_count": 384,
        "anchor_origin": "area:kangjian",
        "planned_kind": "strict_loop",
        "api_distance_error": null,
        "api_distance_provenance": "not_applicable_no_credentials"
      }
    },
    {
      "type": "Feature",
      "id": "XH_BIKE_0083",
      "geometry": {
        "type": "LineString",
        "coordinates": [
          [
            121.445282,
            31.150988
          ],
          [
            121.445139,
            31.153685
          ],
          [
            121.445539,
            31.154425
          ],
          [
            121.445497,
            31.155349
          ],
          [
            121.445697,
            31.15546
          ],
          [
            121.445559,
            31.157841
          ],
          [
            121.445344,
            31.159279
          ],
          [
            121.44476,
            31.160644
          ],
          [
            121.443476,
            31.16304
          ],
          [
            121.442436,
            31.164767
          ],
          [
            121.441155,
            31.167303
          ],
          [
            121.4409,
            31.168339
          ],
          [
            121.440746,
            31.169815
          ],
          [
            121.440274,
            31.17253
          ],
          [
            121.441966,
            31.172969
          ],
          [
            121.441947,
            31.17304
          ],
          [
            121.445811,
            31.174133
          ],
          [
            121.446719,
            31.174308
          ],
          [
            121.447366,
            31.174596
          ],
          [
            121.448163,
            31.175329
          ],
          [
            121.448257,
            31.175666
          ],
          [
            121.448114,
            31.176715
          ],
          [
            121.448222,
            31.178556
          ],
          [
            121.448134,
            31.179081
          ],
          [
            121.447516,
            31.180691
          ],
          [
            121.447389,
            31.181264
          ],
          [
            121.447494,
            31.18215
          ],
          [
            121.448327,
            31.184232
          ],
          [
            121.450069,
            31.185461
          ],
          [
            121.450049,
            31.186041
          ],
          [
            121.450174,
            31.186359
          ],
          [
            121.451483,
            31.186794
          ],
          [
            121.452134,
            31.187969
          ],
          [
            121.450754,
            31.191962
          ],
          [
            121.450356,
            31.192705
          ],
          [
            121.453152,
            31.193778
          ],
          [
            121.451248,
            31.197771
          ],
          [
            121.448758,
            31.202579
          ],
          [
            121.447769,
            31.207903
          ],
          [
            121.448445,
            31.208055
          ],
          [
            121.44888,
            31.208236
          ],
          [
            121.450221,
            31.209142
          ],
          [
            121.453355,
            31.210969
          ],
          [
            121.452198,
            31.21768
          ],
          [
            121.450423,
            31.221095
          ],
          [
            121.447714,
            31.219305
          ],
          [
            121.446984,
            31.219025
          ],
          [
            121.443662,
            31.217962
          ],
          [
            121.439952,
            31.217328
          ],
          [
            121.440673,
            31.216171
          ],
          [
            121.441566,
            31.216396
          ],
          [
            121.442546,
            31.21675
          ],
          [
            121.442656,
            31.216546
          ],
          [
            121.44254,
            31.2165
          ],
          [
            121.443185,
            31.215078
          ],
          [
            121.441385,
            31.214443
          ],
          [
            121.439263,
            31.21404
          ],
          [
            121.439479,
            31.212349
          ],
          [
            121.438745,
            31.211749
          ],
          [
            121.438305,
            31.211152
          ],
          [
            121.438003,
            31.21001
          ],
          [
            121.438802,
            31.209346
          ],
          [
            121.441017,
            31.205146
          ],
          [
            121.442145,
            31.202634
          ],
          [
            121.443374,
            31.200265
          ],
          [
            121.440244,
            31.198891
          ],
          [
            121.441411,
            31.196168
          ],
          [
            121.437337,
            31.193962
          ],
          [
            121.437656,
            31.193043
          ],
          [
            121.437532,
            31.191731
          ],
          [
            121.434433,
            31.191126
          ],
          [
            121.432871,
            31.19092
          ],
          [
            121.429849,
            31.190788
          ],
          [
            121.429196,
            31.190883
          ],
          [
            121.428361,
            31.189013
          ],
          [
            121.426423,
            31.185331
          ],
          [
            121.428966,
            31.183219
          ],
          [
            121.429136,
            31.182837
          ],
          [
            121.431323,
            31.182274
          ],
          [
            121.431209,
            31.181193
          ],
          [
            121.43091,
            31.179857
          ],
          [
            121.430837,
            31.178231
          ],
          [
            121.430584,
            31.176372
          ],
          [
            121.430819,
            31.176334
          ],
          [
            121.430876,
            31.176158
          ],
          [
            121.430417,
            31.171587
          ],
          [
            121.430272,
            31.171374
          ],
          [
            121.430132,
            31.170325
          ],
          [
            121.429836,
            31.170324
          ],
          [
            121.429286,
            31.165974
          ],
          [
            121.429109,
            31.165203
          ],
          [
            121.429315,
            31.165165
          ],
          [
            121.429205,
            31.164744
          ],
          [
            121.428689,
            31.16332
          ],
          [
            121.427626,
            31.161704
          ],
          [
            121.425136,
            31.159353
          ],
          [
            121.424773,
            31.15921
          ],
          [
            121.424542,
            31.158992
          ],
          [
            121.428734,
            31.155661
          ],
          [
            121.429215,
            31.15537
          ],
          [
            121.430057,
            31.155067
          ],
          [
            121.430011,
            31.155022
          ],
          [
            121.430282,
            31.155054
          ],
          [
            121.428546,
            31.153337
          ],
          [
            121.428557,
            31.153215
          ],
          [
            121.427175,
            31.151798
          ],
          [
            121.424204,
            31.148863
          ],
          [
            121.424049,
            31.148549
          ],
          [
            121.424492,
            31.144695
          ],
          [
            121.424769,
            31.143655
          ],
          [
            121.425527,
            31.142173
          ],
          [
            121.426541,
            31.141071
          ],
          [
            121.426884,
            31.140541
          ],
          [
            121.427741,
            31.138435
          ],
          [
            121.431084,
            31.139374
          ],
          [
            121.433942,
            31.139925
          ],
          [
            121.433989,
            31.139824
          ],
          [
            121.436006,
            31.140362
          ],
          [
            121.438179,
            31.141188
          ],
          [
            121.442395,
            31.143053
          ],
          [
            121.444265,
            31.143993
          ],
          [
            121.445773,
            31.144613
          ],
          [
            121.445695,
            31.144735
          ],
          [
            121.446126,
            31.144957
          ],
          [
            121.445907,
            31.148726
          ],
          [
            121.445511,
            31.149296
          ],
          [
            121.445375,
            31.150753
          ],
          [
            121.445282,
            31.150988
          ]
        ]
      },
      "properties": {
        "route_id": "XH_BIKE_0083",
        "name_zh": "上海植物园·长距骑行闭环路线23",
        "mode": "bike",
        "mode_label": "骑行",
        "kind": "strict_loop",
        "kind_label": "闭环路线",
        "band": 2,
        "band_label": "20–30 km",
        "band_label_zh": "长距骑行",
        "actual_distance_m": 24747.4,
        "distance_m": 24747.4,
        "target_distance_m": 25000.0,
        "distance_error": 0.010105,
        "duration_min": 82.5,
        "speed_kmh": 18.0,
        "speed_provenance": "manual_setting",
        "area": "shanghai_botanical_garden",
        "area_name_zh": "上海植物园",
        "area_name_en": "Shanghai Botanical Garden",
        "popular_area_ids": [
          "shanghai_botanical_garden"
        ],
        "anchor_area_id": "caohejing",
        "status": "accepted",
        "failures": [],
        "crs": "CRS84/WGS84 (lon,lat)",
        "coordinate_count": 128,
        "start": [
          121.445282,
          31.150988
        ],
        "end": [
          121.445282,
          31.150988
        ],
        "start_marker": [
          121.445282,
          31.150988
        ],
        "end_marker": [
          121.445282,
          31.150988
        ],
        "navigation_nodes": 2,
        "long_distance": true,
        "bbox": [
          121.424049,
          31.138435,
          121.453355,
          31.221095
        ],
        "geometry_provenance": "osm_highway_snapped",
        "road_snapping_ratio": 1.0,
        "road_snapping_provenance": "construction_guaranteed",
        "in_district_ratio": 0.994583,
        "endpoint_offset_m": 0.0,
        "circuity": 1.0,
        "repeated_edge_count": 0,
        "proper_self_intersection_count": 0,
        "local_uturn_count": 0,
        "local_return_loop_count": 0,
        "park_relation": {
          "poi_id": 694638922,
          "name_zh": "",
          "coord": [
            121.447886,
            31.183737
          ],
          "distance_m": 19.1,
          "relation": "along_route",
          "label": "公园入口",
          "provenance": "deterministic_computation"
        },
        "edge_count": 470,
        "anchor_origin": "area:shanghai_botanical_garden",
        "planned_kind": "strict_loop",
        "api_distance_error": null,
        "api_distance_provenance": "not_applicable_no_credentials"
      }
    },
    {
      "type": "Feature",
      "id": "XH_BIKE_0084",
      "geometry": {
        "type": "LineString",
        "coordinates": [
          [
            121.412115,
            31.156427
          ],
          [
            121.412103,
            31.156867
          ],
          [
            121.412227,
            31.157174
          ],
          [
            121.412558,
            31.157511
          ],
          [
            121.41287,
            31.157677
          ],
          [
            121.419302,
            31.159706
          ],
          [
            121.420116,
            31.159606
          ],
          [
            121.42061,
            31.159333
          ],
          [
            121.420845,
            31.15909
          ],
          [
            121.423546,
            31.16116
          ],
          [
            121.426881,
            31.162228
          ],
          [
            121.427244,
            31.162007
          ],
          [
            121.428159,
            31.16303
          ],
          [
            121.429014,
            31.164821
          ],
          [
            121.429286,
            31.165974
          ],
          [
            121.429468,
            31.16741
          ],
          [
            121.429681,
            31.167408
          ],
          [
            121.430272,
            31.171374
          ],
          [
            121.430819,
            31.176334
          ],
          [
            121.43167,
            31.18178
          ],
          [
            121.431875,
            31.184401
          ],
          [
            121.432405,
            31.188098
          ],
          [
            121.432483,
            31.189504
          ],
          [
            121.433491,
            31.193124
          ],
          [
            121.434175,
            31.195096
          ],
          [
            121.434413,
            31.195319
          ],
          [
            121.439524,
            31.198532
          ],
          [
            121.444204,
            31.200634
          ],
          [
            121.445852,
            31.201291
          ],
          [
            121.445824,
            31.201584
          ],
          [
            121.448758,
            31.202579
          ],
          [
            121.447769,
            31.207903
          ],
          [
            121.448445,
            31.208055
          ],
          [
            121.44888,
            31.208236
          ],
          [
            121.450221,
            31.209142
          ],
          [
            121.453355,
            31.210969
          ],
          [
            121.452198,
            31.21768
          ],
          [
            121.450423,
            31.221095
          ],
          [
            121.447714,
            31.219305
          ],
          [
            121.446984,
            31.219025
          ],
          [
            121.443662,
            31.217962
          ],
          [
            121.439952,
            31.217328
          ],
          [
            121.440673,
            31.216171
          ],
          [
            121.43705,
            31.215411
          ],
          [
            121.435849,
            31.215117
          ],
          [
            121.435431,
            31.214947
          ],
          [
            121.436277,
            31.213727
          ],
          [
            121.436438,
            31.213223
          ],
          [
            121.436426,
            31.212644
          ],
          [
            121.435746,
            31.210169
          ],
          [
            121.435333,
            31.209075
          ],
          [
            121.43381,
            31.206818
          ],
          [
            121.433268,
            31.205829
          ],
          [
            121.432973,
            31.202203
          ],
          [
            121.431825,
            31.201642
          ],
          [
            121.431476,
            31.20289
          ],
          [
            121.431241,
            31.20336
          ],
          [
            121.430664,
            31.204039
          ],
          [
            121.429086,
            31.203348
          ],
          [
            121.422227,
            31.200618
          ],
          [
            121.420146,
            31.199709
          ],
          [
            121.419331,
            31.199241
          ],
          [
            121.418987,
            31.198855
          ],
          [
            121.417912,
            31.197133
          ],
          [
            121.41744,
            31.197201
          ],
          [
            121.41794,
            31.195614
          ],
          [
            121.418423,
            31.194751
          ],
          [
            121.420052,
            31.192598
          ],
          [
            121.421544,
            31.190411
          ],
          [
            121.418519,
            31.188773
          ],
          [
            121.420844,
            31.185467
          ],
          [
            121.421577,
            31.184863
          ],
          [
            121.42209,
            31.184593
          ],
          [
            121.421577,
            31.18347
          ],
          [
            121.419624,
            31.179988
          ],
          [
            121.418936,
            31.17913
          ],
          [
            121.420006,
            31.178396
          ],
          [
            121.420193,
            31.178028
          ],
          [
            121.420527,
            31.176643
          ],
          [
            121.418084,
            31.175738
          ],
          [
            121.41936,
            31.173505
          ],
          [
            121.419604,
            31.172892
          ],
          [
            121.420125,
            31.171239
          ],
          [
            121.420405,
            31.169534
          ],
          [
            121.413985,
            31.168763
          ],
          [
            121.413493,
            31.16861
          ],
          [
            121.410338,
            31.166951
          ],
          [
            121.409861,
            31.166772
          ],
          [
            121.408593,
            31.166454
          ],
          [
            121.405926,
            31.165984
          ],
          [
            121.40264,
            31.165322
          ],
          [
            121.402655,
            31.165249
          ],
          [
            121.400616,
            31.164873
          ],
          [
            121.401608,
            31.162858
          ],
          [
            121.404624,
            31.157534
          ],
          [
            121.406581,
            31.153113
          ],
          [
            121.41063,
            31.154129
          ],
          [
            121.411233,
            31.152673
          ],
          [
            121.412085,
            31.153002
          ],
          [
            121.412173,
            31.153344
          ],
          [
            121.41239,
            31.153572
          ],
          [
            121.41314,
            31.15382
          ],
          [
            121.412696,
            31.154651
          ],
          [
            121.412115,
            31.156427
          ]
        ]
      },
      "properties": {
        "route_id": "XH_BIKE_0084",
        "name_zh": "康健园·长距骑行闭环路线24",
        "mode": "bike",
        "mode_label": "骑行",
        "kind": "strict_loop",
        "kind_label": "闭环路线",
        "band": 2,
        "band_label": "20–30 km",
        "band_label_zh": "长距骑行",
        "actual_distance_m": 23058.8,
        "distance_m": 23058.8,
        "target_distance_m": 25000.0,
        "distance_error": 0.07765,
        "duration_min": 76.9,
        "speed_kmh": 18.0,
        "speed_provenance": "manual_setting",
        "area": "kangjian",
        "area_name_zh": "康健园",
        "area_name_en": "Kangjian",
        "popular_area_ids": [
          "kangjian"
        ],
        "anchor_area_id": "huajing",
        "status": "accepted",
        "failures": [],
        "crs": "CRS84/WGS84 (lon,lat)",
        "coordinate_count": 104,
        "start": [
          121.412115,
          31.156427
        ],
        "end": [
          121.412115,
          31.156427
        ],
        "start_marker": [
          121.412115,
          31.156427
        ],
        "end_marker": [
          121.412115,
          31.156427
        ],
        "navigation_nodes": 2,
        "long_distance": true,
        "bbox": [
          121.400616,
          31.152673,
          121.453355,
          31.221095
        ],
        "geometry_provenance": "osm_highway_snapped",
        "road_snapping_ratio": 1.0,
        "road_snapping_provenance": "construction_guaranteed",
        "in_district_ratio": 0.994186,
        "endpoint_offset_m": 0.0,
        "circuity": 1.0,
        "repeated_edge_count": 0,
        "proper_self_intersection_count": 0,
        "local_uturn_count": 0,
        "local_return_loop_count": 0,
        "park_relation": {
          "poi_id": 899417942,
          "name_zh": "",
          "coord": [
            121.432268,
            31.186473
          ],
          "distance_m": 7.8,
          "relation": "along_route",
          "label": "公园入口",
          "provenance": "deterministic_computation"
        },
        "edge_count": 399,
        "anchor_origin": "area:kangjian",
        "planned_kind": "strict_loop",
        "api_distance_error": null,
        "api_distance_provenance": "not_applicable_no_credentials"
      }
    },
    {
      "type": "Feature",
      "id": "XH_BIKE_0085",
      "geometry": {
        "type": "LineString",
        "coordinates": [
          [
            121.445282,
            31.150988
          ],
          [
            121.445139,
            31.153685
          ],
          [
            121.445539,
            31.154425
          ],
          [
            121.445497,
            31.155349
          ],
          [
            121.445697,
            31.15546
          ],
          [
            121.445559,
            31.157841
          ],
          [
            121.445344,
            31.159279
          ],
          [
            121.44476,
            31.160644
          ],
          [
            121.443476,
            31.16304
          ],
          [
            121.442436,
            31.164767
          ],
          [
            121.441155,
            31.167303
          ],
          [
            121.4409,
            31.168339
          ],
          [
            121.440746,
            31.169815
          ],
          [
            121.440274,
            31.17253
          ],
          [
            121.441966,
            31.172969
          ],
          [
            121.441947,
            31.17304
          ],
          [
            121.445811,
            31.174133
          ],
          [
            121.446719,
            31.174308
          ],
          [
            121.447366,
            31.174596
          ],
          [
            121.448163,
            31.175329
          ],
          [
            121.448257,
            31.175666
          ],
          [
            121.448114,
            31.176715
          ],
          [
            121.448222,
            31.178556
          ],
          [
            121.448134,
            31.179081
          ],
          [
            121.447516,
            31.180691
          ],
          [
            121.447389,
            31.181264
          ],
          [
            121.447494,
            31.18215
          ],
          [
            121.448327,
            31.184232
          ],
          [
            121.450069,
            31.185461
          ],
          [
            121.450049,
            31.186041
          ],
          [
            121.450174,
            31.186359
          ],
          [
            121.451483,
            31.186794
          ],
          [
            121.452134,
            31.187969
          ],
          [
            121.450754,
            31.191962
          ],
          [
            121.450356,
            31.192705
          ],
          [
            121.453152,
            31.193778
          ],
          [
            121.451248,
            31.197771
          ],
          [
            121.448758,
            31.202579
          ],
          [
            121.447769,
            31.207903
          ],
          [
            121.448445,
            31.208055
          ],
          [
            121.44888,
            31.208236
          ],
          [
            121.450221,
            31.209142
          ],
          [
            121.453355,
            31.210969
          ],
          [
            121.452198,
            31.21768
          ],
          [
            121.450423,
            31.221095
          ],
          [
            121.447714,
            31.219305
          ],
          [
            121.446984,
            31.219025
          ],
          [
            121.443662,
            31.217962
          ],
          [
            121.439952,
            31.217328
          ],
          [
            121.440673,
            31.216171
          ],
          [
            121.441731,
            31.213641
          ],
          [
            121.442141,
            31.21238
          ],
          [
            121.439496,
            31.212446
          ],
          [
            121.439479,
            31.212349
          ],
          [
            121.438745,
            31.211749
          ],
          [
            121.438305,
            31.211152
          ],
          [
            121.438003,
            31.21001
          ],
          [
            121.438802,
            31.209346
          ],
          [
            121.439941,
            31.207178
          ],
          [
            121.438659,
            31.205744
          ],
          [
            121.437057,
            31.20449
          ],
          [
            121.438421,
            31.202082
          ],
          [
            121.438497,
            31.201768
          ],
          [
            121.440244,
            31.198891
          ],
          [
            121.442728,
            31.193307
          ],
          [
            121.446038,
            31.187252
          ],
          [
            121.44502,
            31.186617
          ],
          [
            121.442877,
            31.184773
          ],
          [
            121.436436,
            31.17969
          ],
          [
            121.437495,
            31.179351
          ],
          [
            121.438523,
            31.178826
          ],
          [
            121.439118,
            31.178237
          ],
          [
            121.439732,
            31.177377
          ],
          [
            121.440077,
            31.176635
          ],
          [
            121.440275,
            31.17589
          ],
          [
            121.440253,
            31.172621
          ],
          [
            121.433695,
            31.170797
          ],
          [
            121.434404,
            31.164086
          ],
          [
            121.437598,
            31.166344
          ],
          [
            121.437841,
            31.166605
          ],
          [
            121.440347,
            31.164086
          ],
          [
            121.442064,
            31.163042
          ],
          [
            121.442431,
            31.162394
          ],
          [
            121.442477,
            31.162009
          ],
          [
            121.44238,
            31.161655
          ],
          [
            121.441788,
            31.160749
          ],
          [
            121.441971,
            31.15985
          ],
          [
            121.437922,
            31.158705
          ],
          [
            121.434503,
            31.157463
          ],
          [
            121.435918,
            31.152767
          ],
          [
            121.435799,
            31.15265
          ],
          [
            121.432762,
            31.151717
          ],
          [
            121.433536,
            31.149231
          ],
          [
            121.433519,
            31.145823
          ],
          [
            121.433949,
            31.144282
          ],
          [
            121.441006,
            31.145062
          ],
          [
            121.442174,
            31.145297
          ],
          [
            121.446046,
            31.146283
          ],
          [
            121.445907,
            31.148726
          ],
          [
            121.445511,
            31.149296
          ],
          [
            121.445375,
            31.150753
          ],
          [
            121.445282,
            31.150988
          ]
        ]
      },
      "properties": {
        "route_id": "XH_BIKE_0085",
        "name_zh": "上海植物园·长距骑行闭环路线25",
        "mode": "bike",
        "mode_label": "骑行",
        "kind": "strict_loop",
        "kind_label": "闭环路线",
        "band": 2,
        "band_label": "20–30 km",
        "band_label_zh": "长距骑行",
        "actual_distance_m": 23563.7,
        "distance_m": 23563.7,
        "target_distance_m": 25000.0,
        "distance_error": 0.057454,
        "duration_min": 78.5,
        "speed_kmh": 18.0,
        "speed_provenance": "manual_setting",
        "area": "shanghai_botanical_garden",
        "area_name_zh": "上海植物园",
        "area_name_en": "Shanghai Botanical Garden",
        "popular_area_ids": [
          "shanghai_botanical_garden"
        ],
        "anchor_area_id": "west_bund",
        "status": "accepted",
        "failures": [],
        "crs": "CRS84/WGS84 (lon,lat)",
        "coordinate_count": 102,
        "start": [
          121.445282,
          31.150988
        ],
        "end": [
          121.445282,
          31.150988
        ],
        "start_marker": [
          121.445282,
          31.150988
        ],
        "end_marker": [
          121.445282,
          31.150988
        ],
        "navigation_nodes": 2,
        "long_distance": true,
        "bbox": [
          121.432762,
          31.144282,
          121.453355,
          31.221095
        ],
        "geometry_provenance": "osm_highway_snapped",
        "road_snapping_ratio": 1.0,
        "road_snapping_provenance": "construction_guaranteed",
        "in_district_ratio": 0.994311,
        "endpoint_offset_m": 0.0,
        "circuity": 1.0,
        "repeated_edge_count": 0,
        "proper_self_intersection_count": 0,
        "local_uturn_count": 0,
        "local_return_loop_count": 0,
        "park_relation": {
          "poi_id": 694638922,
          "name_zh": "",
          "coord": [
            121.447886,
            31.183737
          ],
          "distance_m": 19.1,
          "relation": "along_route",
          "label": "公园入口",
          "provenance": "deterministic_computation"
        },
        "edge_count": 478,
        "anchor_origin": "area:shanghai_botanical_garden",
        "planned_kind": "strict_loop",
        "api_distance_error": null,
        "api_distance_provenance": "not_applicable_no_credentials"
      }
    },
    {
      "type": "Feature",
      "id": "XH_BIKE_0086",
      "geometry": {
        "type": "LineString",
        "coordinates": [
          [
            121.450986,
            31.21183
          ],
          [
            121.449546,
            31.211411
          ],
          [
            121.451732,
            31.203699
          ],
          [
            121.451309,
            31.203165
          ],
          [
            121.451311,
            31.202948
          ],
          [
            121.453982,
            31.198851
          ],
          [
            121.456321,
            31.194999
          ],
          [
            121.456989,
            31.193041
          ],
          [
            121.457876,
            31.192245
          ],
          [
            121.455575,
            31.190861
          ],
          [
            121.457162,
            31.187995
          ],
          [
            121.459554,
            31.185214
          ],
          [
            121.459703,
            31.184943
          ],
          [
            121.459678,
            31.1846
          ],
          [
            121.458759,
            31.183135
          ],
          [
            121.457884,
            31.18112
          ],
          [
            121.45805,
            31.181101
          ],
          [
            121.457339,
            31.17942
          ],
          [
            121.457531,
            31.17936
          ],
          [
            121.457135,
            31.177715
          ],
          [
            121.457614,
            31.174816
          ],
          [
            121.458243,
            31.172989
          ],
          [
            121.458148,
            31.172935
          ],
          [
            121.458737,
            31.171312
          ],
          [
            121.458831,
            31.170781
          ],
          [
            121.458744,
            31.170008
          ],
          [
            121.458085,
            31.168025
          ],
          [
            121.458096,
            31.16692
          ],
          [
            121.458511,
            31.165827
          ],
          [
            121.460059,
            31.163468
          ],
          [
            121.460345,
            31.162352
          ],
          [
            121.460159,
            31.161237
          ],
          [
            121.4598,
            31.160643
          ],
          [
            121.458241,
            31.15896
          ],
          [
            121.454931,
            31.154729
          ],
          [
            121.451659,
            31.151427
          ],
          [
            121.451123,
            31.150767
          ],
          [
            121.450648,
            31.149843
          ],
          [
            121.449753,
            31.146254
          ],
          [
            121.449799,
            31.14518
          ],
          [
            121.450378,
            31.142748
          ],
          [
            121.451877,
            31.137789
          ],
          [
            121.453514,
            31.135335
          ],
          [
            121.45553,
            31.131523
          ],
          [
            121.456379,
            31.13052
          ],
          [
            121.457973,
            31.129233
          ],
          [
            121.45854,
            31.128435
          ],
          [
            121.459658,
            31.126044
          ],
          [
            121.459846,
            31.125269
          ],
          [
            121.460045,
            31.123082
          ],
          [
            121.459874,
            31.121848
          ],
          [
            121.458542,
            31.119141
          ],
          [
            121.457621,
            31.117886
          ],
          [
            121.457003,
            31.117209
          ],
          [
            121.456683,
            31.116698
          ],
          [
            121.45651,
            31.116267
          ],
          [
            121.456311,
            31.114358
          ],
          [
            121.455942,
            31.114293
          ],
          [
            121.455757,
            31.114043
          ],
          [
            121.454598,
            31.113919
          ],
          [
            121.453253,
            31.109099
          ],
          [
            121.453146,
            31.108958
          ],
          [
            121.449543,
            31.108616
          ],
          [
            121.449753,
            31.109954
          ],
          [
            121.450183,
            31.111727
          ],
          [
            121.451902,
            31.117632
          ],
          [
            121.446156,
            31.117354
          ],
          [
            121.445484,
            31.117259
          ],
          [
            121.444723,
            31.121287
          ],
          [
            121.442728,
            31.125363
          ],
          [
            121.44013,
            31.129953
          ],
          [
            121.439267,
            31.132045
          ],
          [
            121.438922,
            31.133256
          ],
          [
            121.439174,
            31.134072
          ],
          [
            121.439299,
            31.135004
          ],
          [
            121.437287,
            31.140812
          ],
          [
            121.441147,
            31.142609
          ],
          [
            121.43903,
            31.141676
          ],
          [
            121.435501,
            31.140266
          ],
          [
            121.434057,
            31.139864
          ],
          [
            121.431174,
            31.139294
          ],
          [
            121.429687,
            31.138886
          ],
          [
            121.428231,
            31.138445
          ],
          [
            121.424302,
            31.137042
          ],
          [
            121.419824,
            31.135947
          ],
          [
            121.418266,
            31.135242
          ],
          [
            121.416459,
            31.13416
          ],
          [
            121.415687,
            31.133866
          ],
          [
            121.415186,
            31.133762
          ],
          [
            121.414532,
            31.133744
          ],
          [
            121.414242,
            31.133801
          ],
          [
            121.413813,
            31.133948
          ],
          [
            121.413298,
            31.134269
          ],
          [
            121.41111,
            31.136684
          ],
          [
            121.409637,
            31.138599
          ]
        ]
      },
      "properties": {
        "route_id": "XH_BIKE_0086",
        "name_zh": "衡复风貌区·长距骑行单程路线26",
        "mode": "bike",
        "mode_label": "骑行",
        "kind": "one_way",
        "kind_label": "单程路线",
        "band": 2,
        "band_label": "20–30 km",
        "band_label_zh": "长距骑行",
        "actual_distance_m": 21537.5,
        "distance_m": 21537.5,
        "target_distance_m": 25000.0,
        "distance_error": 0.138499,
        "duration_min": 71.8,
        "speed_kmh": 18.0,
        "speed_provenance": "manual_setting",
        "area": "hengfu",
        "area_name_zh": "衡复风貌区",
        "area_name_en": "Hengfu Historical Area",
        "popular_area_ids": [
          "hengfu"
        ],
        "anchor_area_id": "longhua",
        "status": "accepted",
        "failures": [],
        "crs": "CRS84/WGS84 (lon,lat)",
        "coordinate_count": 95,
        "start": [
          121.450986,
          31.21183
        ],
        "end": [
          121.409637,
          31.138599
        ],
        "start_marker": [
          121.450986,
          31.21183
        ],
        "end_marker": [
          121.409637,
          31.138599
        ],
        "navigation_nodes": 2,
        "long_distance": true,
        "bbox": [
          121.409637,
          31.108616,
          121.460345,
          31.21183
        ],
        "geometry_provenance": "osm_highway_snapped",
        "road_snapping_ratio": 1.0,
        "road_snapping_provenance": "construction_guaranteed",
        "in_district_ratio": 0.974779,
        "endpoint_offset_m": 9043.31,
        "circuity": 2.3816,
        "repeated_edge_count": 0,
        "proper_self_intersection_count": 0,
        "local_uturn_count": 0,
        "local_return_loop_count": 0,
        "park_relation": {
          "poi_id": 499565665,
          "name_zh": "",
          "coord": [
            121.45637,
            31.115121
          ],
          "distance_m": 1.7,
          "relation": "along_route",
          "label": "公园入口",
          "provenance": "deterministic_computation"
        },
        "edge_count": 365,
        "anchor_origin": "area:hengfu",
        "planned_kind": "one_way",
        "api_distance_error": null,
        "api_distance_provenance": "not_applicable_no_credentials"
      }
    },
    {
      "type": "Feature",
      "id": "XH_BIKE_0087",
      "geometry": {
        "type": "LineString",
        "coordinates": [
          [
            121.450986,
            31.21183
          ],
          [
            121.449546,
            31.211411
          ],
          [
            121.451732,
            31.203699
          ],
          [
            121.451309,
            31.203165
          ],
          [
            121.451311,
            31.202948
          ],
          [
            121.453982,
            31.198851
          ],
          [
            121.456321,
            31.194999
          ],
          [
            121.456989,
            31.193041
          ],
          [
            121.457876,
            31.192245
          ],
          [
            121.455575,
            31.190861
          ],
          [
            121.457162,
            31.187995
          ],
          [
            121.459554,
            31.185214
          ],
          [
            121.459703,
            31.184943
          ],
          [
            121.459678,
            31.1846
          ],
          [
            121.458759,
            31.183135
          ],
          [
            121.457884,
            31.18112
          ],
          [
            121.45805,
            31.181101
          ],
          [
            121.457339,
            31.17942
          ],
          [
            121.457531,
            31.17936
          ],
          [
            121.457135,
            31.177715
          ],
          [
            121.457614,
            31.174816
          ],
          [
            121.458243,
            31.172989
          ],
          [
            121.458148,
            31.172935
          ],
          [
            121.458737,
            31.171312
          ],
          [
            121.458831,
            31.170781
          ],
          [
            121.458744,
            31.170008
          ],
          [
            121.458085,
            31.168025
          ],
          [
            121.458096,
            31.16692
          ],
          [
            121.458511,
            31.165827
          ],
          [
            121.460059,
            31.163468
          ],
          [
            121.460284,
            31.16244
          ],
          [
            121.460179,
            31.161531
          ],
          [
            121.45982,
            31.16077
          ],
          [
            121.458217,
            31.158985
          ],
          [
            121.45488,
            31.154764
          ],
          [
            121.451753,
            31.151647
          ],
          [
            121.450992,
            31.15072
          ],
          [
            121.450667,
            31.150102
          ],
          [
            121.449689,
            31.146314
          ],
          [
            121.449637,
            31.145792
          ],
          [
            121.45049,
            31.141959
          ],
          [
            121.447162,
            31.14119
          ],
          [
            121.44865,
            31.13753
          ],
          [
            121.450756,
            31.131493
          ],
          [
            121.45146,
            31.129086
          ],
          [
            121.452097,
            31.126399
          ],
          [
            121.452402,
            31.122537
          ],
          [
            121.452404,
            31.120123
          ],
          [
            121.452228,
            31.118435
          ],
          [
            121.451,
            31.113994
          ],
          [
            121.451958,
            31.113681
          ],
          [
            121.454598,
            31.113919
          ],
          [
            121.453253,
            31.109099
          ],
          [
            121.453146,
            31.108958
          ],
          [
            121.449543,
            31.108616
          ],
          [
            121.449753,
            31.109954
          ],
          [
            121.450183,
            31.111727
          ],
          [
            121.451902,
            31.117632
          ],
          [
            121.446156,
            31.117354
          ],
          [
            121.445484,
            31.117259
          ],
          [
            121.444723,
            31.121287
          ],
          [
            121.442728,
            31.125363
          ],
          [
            121.44013,
            31.129953
          ],
          [
            121.439267,
            31.132045
          ],
          [
            121.438922,
            31.133256
          ],
          [
            121.439174,
            31.134072
          ],
          [
            121.439299,
            31.135004
          ],
          [
            121.437287,
            31.140812
          ],
          [
            121.441147,
            31.142609
          ],
          [
            121.43903,
            31.141676
          ],
          [
            121.435501,
            31.140266
          ],
          [
            121.434057,
            31.139864
          ],
          [
            121.431174,
            31.139294
          ],
          [
            121.429687,
            31.138886
          ],
          [
            121.428231,
            31.138445
          ],
          [
            121.424302,
            31.137042
          ],
          [
            121.419824,
            31.135947
          ],
          [
            121.418266,
            31.135242
          ],
          [
            121.416459,
            31.13416
          ],
          [
            121.415687,
            31.133866
          ],
          [
            121.415186,
            31.133762
          ],
          [
            121.414532,
            31.133744
          ],
          [
            121.414242,
            31.133801
          ],
          [
            121.413813,
            31.133948
          ],
          [
            121.413298,
            31.134269
          ],
          [
            121.410274,
            31.137696
          ]
        ]
      },
      "properties": {
        "route_id": "XH_BIKE_0087",
        "name_zh": "衡复风貌区·长距骑行单程路线27",
        "mode": "bike",
        "mode_label": "骑行",
        "kind": "one_way",
        "kind_label": "单程路线",
        "band": 2,
        "band_label": "20–30 km",
        "band_label_zh": "长距骑行",
        "actual_distance_m": 21644.5,
        "distance_m": 21644.5,
        "target_distance_m": 25000.0,
        "distance_error": 0.134219,
        "duration_min": 72.1,
        "speed_kmh": 18.0,
        "speed_provenance": "manual_setting",
        "area": "hengfu",
        "area_name_zh": "衡复风貌区",
        "area_name_en": "Hengfu Historical Area",
        "popular_area_ids": [
          "hengfu"
        ],
        "anchor_area_id": "xujiahui",
        "status": "accepted",
        "failures": [],
        "crs": "CRS84/WGS84 (lon,lat)",
        "coordinate_count": 86,
        "start": [
          121.450986,
          31.21183
        ],
        "end": [
          121.410274,
          31.137696
        ],
        "start_marker": [
          121.450986,
          31.21183
        ],
        "end_marker": [
          121.410274,
          31.137696
        ],
        "navigation_nodes": 2,
        "long_distance": true,
        "bbox": [
          121.410274,
          31.108616,
          121.460284,
          31.21183
        ],
        "geometry_provenance": "osm_highway_snapped",
        "road_snapping_ratio": 1.0,
        "road_snapping_provenance": "construction_guaranteed",
        "in_district_ratio": 0.982132,
        "endpoint_offset_m": 9107.86,
        "circuity": 2.3765,
        "repeated_edge_count": 0,
        "proper_self_intersection_count": 0,
        "local_uturn_count": 0,
        "local_return_loop_count": 0,
        "park_relation": {
          "poi_id": 870546902,
          "name_zh": "",
          "coord": [
            121.457891,
            31.175096
          ],
          "distance_m": 26.2,
          "relation": "along_route",
          "label": "公园入口",
          "provenance": "deterministic_computation"
        },
        "edge_count": 342,
        "anchor_origin": "area:hengfu",
        "planned_kind": "one_way",
        "api_distance_error": null,
        "api_distance_provenance": "not_applicable_no_credentials"
      }
    },
    {
      "type": "Feature",
      "id": "XH_BIKE_0088",
      "geometry": {
        "type": "LineString",
        "coordinates": [
          [
            121.449579,
            31.104427
          ],
          [
            121.44949,
            31.106714
          ],
          [
            121.449543,
            31.108616
          ],
          [
            121.449633,
            31.108623
          ],
          [
            121.449877,
            31.109982
          ],
          [
            121.450347,
            31.111763
          ],
          [
            121.452228,
            31.118435
          ],
          [
            121.452404,
            31.120123
          ],
          [
            121.452402,
            31.122537
          ],
          [
            121.452097,
            31.126399
          ],
          [
            121.450974,
            31.130826
          ],
          [
            121.44865,
            31.13753
          ],
          [
            121.447162,
            31.14119
          ],
          [
            121.45049,
            31.141959
          ],
          [
            121.449637,
            31.145792
          ],
          [
            121.449689,
            31.146314
          ],
          [
            121.450667,
            31.150102
          ],
          [
            121.450992,
            31.15072
          ],
          [
            121.451753,
            31.151647
          ],
          [
            121.45488,
            31.154764
          ],
          [
            121.458217,
            31.158985
          ],
          [
            121.45982,
            31.16077
          ],
          [
            121.460179,
            31.161531
          ],
          [
            121.460284,
            31.16244
          ],
          [
            121.460103,
            31.163374
          ],
          [
            121.458511,
            31.165827
          ],
          [
            121.458072,
            31.167047
          ],
          [
            121.458085,
            31.168025
          ],
          [
            121.458744,
            31.170008
          ],
          [
            121.458831,
            31.170781
          ],
          [
            121.457521,
            31.175279
          ],
          [
            121.457135,
            31.177715
          ],
          [
            121.457531,
            31.17936
          ],
          [
            121.457339,
            31.17942
          ],
          [
            121.45805,
            31.181101
          ],
          [
            121.457884,
            31.18112
          ],
          [
            121.458759,
            31.183135
          ],
          [
            121.459705,
            31.184688
          ],
          [
            121.459619,
            31.185129
          ],
          [
            121.458647,
            31.186204
          ],
          [
            121.46157,
            31.187421
          ],
          [
            121.461773,
            31.187548
          ],
          [
            121.461718,
            31.187608
          ],
          [
            121.462802,
            31.188407
          ],
          [
            121.465122,
            31.189962
          ],
          [
            121.46548,
            31.190421
          ],
          [
            121.465599,
            31.190777
          ],
          [
            121.465772,
            31.192542
          ],
          [
            121.46499,
            31.198256
          ],
          [
            121.464041,
            31.200453
          ],
          [
            121.463555,
            31.201942
          ],
          [
            121.463111,
            31.204013
          ],
          [
            121.462799,
            31.204958
          ],
          [
            121.462143,
            31.206357
          ],
          [
            121.459746,
            31.205313
          ],
          [
            121.455842,
            31.20449
          ],
          [
            121.451123,
            31.203111
          ],
          [
            121.444823,
            31.200897
          ],
          [
            121.439524,
            31.198532
          ],
          [
            121.435716,
            31.196124
          ],
          [
            121.435138,
            31.19584
          ],
          [
            121.43393,
            31.195646
          ],
          [
            121.43092,
            31.195
          ],
          [
            121.428661,
            31.194207
          ],
          [
            121.427761,
            31.1941
          ],
          [
            121.427198,
            31.194186
          ],
          [
            121.424027,
            31.188564
          ],
          [
            121.423445,
            31.187092
          ],
          [
            121.42261,
            31.185633
          ],
          [
            121.421577,
            31.18347
          ],
          [
            121.419624,
            31.179988
          ],
          [
            121.418486,
            31.178694
          ],
          [
            121.41736,
            31.177833
          ],
          [
            121.415402,
            31.176989
          ],
          [
            121.411671,
            31.176165
          ],
          [
            121.404848,
            31.174872
          ],
          [
            121.400965,
            31.174029
          ],
          [
            121.401752,
            31.170157
          ],
          [
            121.399108,
            31.169683
          ],
          [
            121.395565,
            31.168927
          ],
          [
            121.394093,
            31.168554
          ],
          [
            121.388155,
            31.166746
          ]
        ]
      },
      "properties": {
        "route_id": "XH_BIKE_0088",
        "name_zh": "华泾·长距骑行单程路线28",
        "mode": "bike",
        "mode_label": "骑行",
        "kind": "one_way",
        "kind_label": "单程路线",
        "band": 2,
        "band_label": "20–30 km",
        "band_label_zh": "长距骑行",
        "actual_distance_m": 21678.1,
        "distance_m": 21678.1,
        "target_distance_m": 25000.0,
        "distance_error": 0.132877,
        "duration_min": 72.3,
        "speed_kmh": 18.0,
        "speed_provenance": "manual_setting",
        "area": "huajing",
        "area_name_zh": "华泾",
        "area_name_en": "Huajing",
        "popular_area_ids": [
          "huajing"
        ],
        "anchor_area_id": "hengfu",
        "status": "accepted",
        "failures": [],
        "crs": "CRS84/WGS84 (lon,lat)",
        "coordinate_count": 82,
        "start": [
          121.449579,
          31.104427
        ],
        "end": [
          121.388155,
          31.166746
        ],
        "start_marker": [
          121.449579,
          31.104427
        ],
        "end_marker": [
          121.388155,
          31.166746
        ],
        "navigation_nodes": 2,
        "long_distance": true,
        "bbox": [
          121.388155,
          31.104427,
          121.465772,
          31.206357
        ],
        "geometry_provenance": "osm_highway_snapped",
        "road_snapping_ratio": 1.0,
        "road_snapping_provenance": "construction_guaranteed",
        "in_district_ratio": 0.99546,
        "endpoint_offset_m": 9066.22,
        "circuity": 2.3911,
        "repeated_edge_count": 0,
        "proper_self_intersection_count": 0,
        "local_uturn_count": 0,
        "local_return_loop_count": 0,
        "park_relation": {
          "poi_id": 870546902,
          "name_zh": "",
          "coord": [
            121.457891,
            31.175096
          ],
          "distance_m": 25.3,
          "relation": "along_route",
          "label": "公园入口",
          "provenance": "deterministic_computation"
        },
        "edge_count": 369,
        "anchor_origin": "spread",
        "planned_kind": "one_way",
        "api_distance_error": null,
        "api_distance_provenance": "not_applicable_no_credentials"
      }
    },
    {
      "type": "Feature",
      "id": "XH_BIKE_0089",
      "geometry": {
        "type": "LineString",
        "coordinates": [
          [
            121.449579,
            31.104427
          ],
          [
            121.44949,
            31.106714
          ],
          [
            121.449543,
            31.108616
          ],
          [
            121.449633,
            31.108623
          ],
          [
            121.449877,
            31.109982
          ],
          [
            121.450347,
            31.111763
          ],
          [
            121.452228,
            31.118435
          ],
          [
            121.452404,
            31.120123
          ],
          [
            121.452402,
            31.122537
          ],
          [
            121.452097,
            31.126399
          ],
          [
            121.450974,
            31.130826
          ],
          [
            121.44865,
            31.13753
          ],
          [
            121.447162,
            31.14119
          ],
          [
            121.45049,
            31.141959
          ],
          [
            121.449637,
            31.145792
          ],
          [
            121.449689,
            31.146314
          ],
          [
            121.450667,
            31.150102
          ],
          [
            121.450992,
            31.15072
          ],
          [
            121.451753,
            31.151647
          ],
          [
            121.45488,
            31.154764
          ],
          [
            121.458217,
            31.158985
          ],
          [
            121.45982,
            31.16077
          ],
          [
            121.460179,
            31.161531
          ],
          [
            121.460282,
            31.162312
          ],
          [
            121.460059,
            31.163468
          ],
          [
            121.458511,
            31.165827
          ],
          [
            121.458096,
            31.16692
          ],
          [
            121.458085,
            31.168025
          ],
          [
            121.458744,
            31.170008
          ],
          [
            121.458831,
            31.170781
          ],
          [
            121.458737,
            31.171312
          ],
          [
            121.458148,
            31.172935
          ],
          [
            121.458243,
            31.172989
          ],
          [
            121.457614,
            31.174816
          ],
          [
            121.457135,
            31.177715
          ],
          [
            121.457531,
            31.17936
          ],
          [
            121.457339,
            31.17942
          ],
          [
            121.45805,
            31.181101
          ],
          [
            121.457884,
            31.18112
          ],
          [
            121.458759,
            31.183135
          ],
          [
            121.459678,
            31.1846
          ],
          [
            121.459703,
            31.184943
          ],
          [
            121.459554,
            31.185214
          ],
          [
            121.457162,
            31.187995
          ],
          [
            121.455575,
            31.190861
          ],
          [
            121.457876,
            31.192245
          ],
          [
            121.456989,
            31.193041
          ],
          [
            121.456321,
            31.194999
          ],
          [
            121.453982,
            31.198851
          ],
          [
            121.451311,
            31.202948
          ],
          [
            121.451309,
            31.203165
          ],
          [
            121.451659,
            31.203675
          ],
          [
            121.452819,
            31.203933
          ],
          [
            121.455003,
            31.204626
          ],
          [
            121.456232,
            31.204919
          ],
          [
            121.456324,
            31.205135
          ],
          [
            121.455699,
            31.207729
          ],
          [
            121.453532,
            31.206967
          ],
          [
            121.448218,
            31.205292
          ],
          [
            121.446514,
            31.204881
          ],
          [
            121.443978,
            31.203493
          ],
          [
            121.44246,
            31.203046
          ],
          [
            121.440588,
            31.20234
          ],
          [
            121.438154,
            31.201841
          ],
          [
            121.432382,
            31.20021
          ],
          [
            121.432016,
            31.20003
          ],
          [
            121.430355,
            31.198965
          ],
          [
            121.429462,
            31.198096
          ],
          [
            121.424027,
            31.188564
          ],
          [
            121.423445,
            31.187092
          ],
          [
            121.42261,
            31.185633
          ],
          [
            121.421577,
            31.18347
          ],
          [
            121.419624,
            31.179988
          ],
          [
            121.418936,
            31.17913
          ],
          [
            121.418074,
            31.178355
          ],
          [
            121.416981,
            31.177627
          ],
          [
            121.415402,
            31.176989
          ],
          [
            121.411671,
            31.176165
          ],
          [
            121.404848,
            31.174872
          ],
          [
            121.400965,
            31.174029
          ],
          [
            121.401752,
            31.170157
          ],
          [
            121.399108,
            31.169683
          ],
          [
            121.395565,
            31.168927
          ],
          [
            121.394093,
            31.168554
          ],
          [
            121.389571,
            31.167171
          ]
        ]
      },
      "properties": {
        "route_id": "XH_BIKE_0089",
        "name_zh": "华泾·长距骑行单程路线29",
        "mode": "bike",
        "mode_label": "骑行",
        "kind": "one_way",
        "kind_label": "单程路线",
        "band": 2,
        "band_label": "20–30 km",
        "band_label_zh": "长距骑行",
        "actual_distance_m": 21591.3,
        "distance_m": 21591.3,
        "target_distance_m": 25000.0,
        "distance_error": 0.136346,
        "duration_min": 72.0,
        "speed_kmh": 18.0,
        "speed_provenance": "manual_setting",
        "area": "huajing",
        "area_name_zh": "华泾",
        "area_name_en": "Huajing",
        "popular_area_ids": [
          "huajing"
        ],
        "anchor_area_id": "shanghai_botanical_garden",
        "status": "accepted",
        "failures": [],
        "crs": "CRS84/WGS84 (lon,lat)",
        "coordinate_count": 85,
        "start": [
          121.449579,
          31.104427
        ],
        "end": [
          121.389571,
          31.167171
        ],
        "start_marker": [
          121.449579,
          31.104427
        ],
        "end_marker": [
          121.389571,
          31.167171
        ],
        "navigation_nodes": 2,
        "long_distance": true,
        "bbox": [
          121.389571,
          31.104427,
          121.460282,
          31.207729
        ],
        "geometry_provenance": "osm_highway_snapped",
        "road_snapping_ratio": 1.0,
        "road_snapping_provenance": "construction_guaranteed",
        "in_district_ratio": 1.0,
        "endpoint_offset_m": 9016.44,
        "circuity": 2.3947,
        "repeated_edge_count": 0,
        "proper_self_intersection_count": 0,
        "local_uturn_count": 0,
        "local_return_loop_count": 0,
        "park_relation": {
          "poi_id": 870546902,
          "name_zh": "",
          "coord": [
            121.457891,
            31.175096
          ],
          "distance_m": 26.2,
          "relation": "along_route",
          "label": "公园入口",
          "provenance": "deterministic_computation"
        },
        "edge_count": 356,
        "anchor_origin": "spread",
        "planned_kind": "one_way",
        "api_distance_error": null,
        "api_distance_provenance": "not_applicable_no_credentials"
      }
    },
    {
      "type": "Feature",
      "id": "XH_BIKE_0090",
      "geometry": {
        "type": "LineString",
        "coordinates": [
          [
            121.449579,
            31.104427
          ],
          [
            121.44949,
            31.106714
          ],
          [
            121.449543,
            31.108616
          ],
          [
            121.449633,
            31.108623
          ],
          [
            121.449877,
            31.109982
          ],
          [
            121.450347,
            31.111763
          ],
          [
            121.452228,
            31.118435
          ],
          [
            121.452404,
            31.120123
          ],
          [
            121.452402,
            31.122537
          ],
          [
            121.452097,
            31.126399
          ],
          [
            121.450974,
            31.130826
          ],
          [
            121.44865,
            31.13753
          ],
          [
            121.447162,
            31.14119
          ],
          [
            121.45049,
            31.141959
          ],
          [
            121.449637,
            31.145792
          ],
          [
            121.449689,
            31.146314
          ],
          [
            121.450667,
            31.150102
          ],
          [
            121.450992,
            31.15072
          ],
          [
            121.451753,
            31.151647
          ],
          [
            121.45488,
            31.154764
          ],
          [
            121.456274,
            31.156523
          ],
          [
            121.455758,
            31.157749
          ],
          [
            121.452104,
            31.179341
          ],
          [
            121.451945,
            31.179765
          ],
          [
            121.451585,
            31.180319
          ],
          [
            121.450039,
            31.181942
          ],
          [
            121.448939,
            31.183423
          ],
          [
            121.448253,
            31.184138
          ],
          [
            121.450069,
            31.185461
          ],
          [
            121.450049,
            31.186041
          ],
          [
            121.450174,
            31.186359
          ],
          [
            121.451483,
            31.186794
          ],
          [
            121.452134,
            31.187969
          ],
          [
            121.451187,
            31.190786
          ],
          [
            121.450463,
            31.192558
          ],
          [
            121.449624,
            31.193585
          ],
          [
            121.446491,
            31.198487
          ],
          [
            121.446109,
            31.199431
          ],
          [
            121.44594,
            31.200157
          ],
          [
            121.445824,
            31.201584
          ],
          [
            121.445135,
            31.203605
          ],
          [
            121.44434,
            31.206574
          ],
          [
            121.447769,
            31.207903
          ],
          [
            121.447187,
            31.210359
          ],
          [
            121.446279,
            31.210317
          ],
          [
            121.444945,
            31.210503
          ],
          [
            121.443238,
            31.210594
          ],
          [
            121.442419,
            31.211655
          ],
          [
            121.442141,
            31.21238
          ],
          [
            121.439496,
            31.212446
          ],
          [
            121.439479,
            31.212349
          ],
          [
            121.438745,
            31.211749
          ],
          [
            121.438305,
            31.211152
          ],
          [
            121.438003,
            31.21001
          ],
          [
            121.437544,
            31.210248
          ],
          [
            121.437161,
            31.210335
          ],
          [
            121.435746,
            31.210169
          ],
          [
            121.435333,
            31.209075
          ],
          [
            121.43381,
            31.206818
          ],
          [
            121.433268,
            31.205829
          ],
          [
            121.432973,
            31.202203
          ],
          [
            121.431825,
            31.201642
          ],
          [
            121.43223,
            31.200152
          ],
          [
            121.430355,
            31.198965
          ],
          [
            121.429462,
            31.198096
          ],
          [
            121.424027,
            31.188564
          ],
          [
            121.423445,
            31.187092
          ],
          [
            121.42261,
            31.185633
          ],
          [
            121.421577,
            31.18347
          ],
          [
            121.419624,
            31.179988
          ],
          [
            121.418936,
            31.17913
          ],
          [
            121.418074,
            31.178355
          ],
          [
            121.416981,
            31.177627
          ],
          [
            121.415402,
            31.176989
          ],
          [
            121.411671,
            31.176165
          ],
          [
            121.404848,
            31.174872
          ],
          [
            121.393005,
            31.172433
          ],
          [
            121.389823,
            31.171419
          ],
          [
            121.390986,
            31.168442
          ]
        ]
      },
      "properties": {
        "route_id": "XH_BIKE_0090",
        "name_zh": "华泾·长距骑行单程路线30",
        "mode": "bike",
        "mode_label": "骑行",
        "kind": "one_way",
        "kind_label": "单程路线",
        "band": 2,
        "band_label": "20–30 km",
        "band_label_zh": "长距骑行",
        "actual_distance_m": 21628.0,
        "distance_m": 21628.0,
        "target_distance_m": 25000.0,
        "distance_error": 0.134878,
        "duration_min": 72.1,
        "speed_kmh": 18.0,
        "speed_provenance": "manual_setting",
        "area": "huajing",
        "area_name_zh": "华泾",
        "area_name_en": "Huajing",
        "popular_area_ids": [
          "huajing"
        ],
        "anchor_area_id": "kangjian",
        "status": "accepted",
        "failures": [],
        "crs": "CRS84/WGS84 (lon,lat)",
        "coordinate_count": 79,
        "start": [
          121.449579,
          31.104427
        ],
        "end": [
          121.390986,
          31.168442
        ],
        "start_marker": [
          121.449579,
          31.104427
        ],
        "end_marker": [
          121.390986,
          31.168442
        ],
        "navigation_nodes": 2,
        "long_distance": true,
        "bbox": [
          121.389823,
          31.104427,
          121.456274,
          31.212446
        ],
        "geometry_provenance": "osm_highway_snapped",
        "road_snapping_ratio": 1.0,
        "road_snapping_provenance": "construction_guaranteed",
        "in_district_ratio": 1.0,
        "endpoint_offset_m": 9042.55,
        "circuity": 2.3918,
        "repeated_edge_count": 0,
        "proper_self_intersection_count": 0,
        "local_uturn_count": 0,
        "local_return_loop_count": 0,
        "park_relation": {
          "poi_id": 477138726,
          "name_zh": "",
          "coord": [
            121.443266,
            31.210818
          ],
          "distance_m": 14.4,
          "relation": "along_route",
          "label": "公园入口",
          "provenance": "deterministic_computation"
        },
        "edge_count": 349,
        "anchor_origin": "spread",
        "planned_kind": "one_way",
        "api_distance_error": null,
        "api_distance_provenance": "not_applicable_no_credentials"
      }
    }
  ]
}
