record_id,point_id,observed_at,effective_at,updated_at,laeq,l10,l50,l90,lmin,lmax,fs,shidu,qw,sd,yl,qy
D51AB493-B51B-4038-8397-F1ED39A92C06,310104320001,2021-01-01T00:00:00+08:00,2025-07-14T08:04:13+08:00,2025-07-14T08:04:13+08:00,46.9143,48.4654,46.3643,45.693,40.0,62.4,0.3275,50.276,-1.7237,0.7462,0.0,1030.5974
DAD61142-74B3-4E95-8080-B748B60D6230,310104320001,2021-01-02T00:00:00+08:00,2025-07-14T08:04:18+08:00,2025-07-14T08:04:18+08:00,49.4838,51.7038,48.6501,47.3041,43.7,68.2,0.6979,44.8338,4.5391,0.924,0.0,1028.6512
E6CD9623-E690-4A8C-974F-1ACD6135533E,310104330002,2021-01-02T00:00:00+08:00,2025-07-14T08:04:25+08:00,2025-07-14T08:04:25+08:00,59.1921,60.7044,58.7407,57.7723,52.5,79.7,0.7272,42.8848,4.8788,1.7886,0.0,1028.1782
E9D5977A-7DBF-4CA9-A666-4AFB7550FF5E,310104320001,2021-01-03T00:00:00+08:00,2025-07-14T08:04:27+08:00,2025-07-14T08:04:27+08:00,47.0682,48.2335,46.7096,46.1028,42.6,60.6,0.3677,79.8269,3.1502,0.6591,0.0,1029.6838
FEB6BCCD-900A-4DF6-B89D-07CF1291DDE7,310104340004,2021-01-03T00:00:00+08:00,2025-07-14T08:04:39+08:00,2025-07-14T08:04:39+08:00,56.3078,56.994,56.1166,55.7681,49.9,71.7,0.7882,72.1231,4.7609,1.4305,0.0,1028.5791
C8DB2B0E-01DD-43F0-A6D6-130D6894CFA0,310104320001,2021-01-04T00:00:00+08:00,2025-07-14T08:04:02+08:00,2025-07-14T08:04:02+08:00,46.5916,47.7941,46.2406,45.5793,43.3,59.7,0.7659,69.8193,8.3653,1.054,0.0,1027.5825
FB243C71-666C-431F-B3BD-A0E702713904,310104330002,2021-01-04T00:00:00+08:00,2025-07-14T08:04:37+08:00,2025-07-14T08:04:37+08:00,61.0509,62.5114,60.6953,59.6905,53.5,76.8,0.834,65.257,10.2156,2.4436,0.0367,1025.4628
BECC348A-CC15-404D-9D3B-8697423D0C5D,310104320001,2021-01-05T00:00:00+08:00,2025-07-14T08:03:54+08:00,2025-07-14T08:03:54+08:00,46.4998,47.8474,46.127,45.3419,40.9,63.9,1.0528,66.2611,7.4713,1.5769,0.0,1027.0296
B39E63C1-5B98-454C-9CE9-CF8A397A9794,310104330002,2021-01-05T00:00:00+08:00,2025-07-14T08:03:47+08:00,2025-07-14T08:03:47+08:00,60.3957,61.6222,60.1362,59.2274,53.4,71.4,1.7589,60.0327,7.4301,1.8323,0.0,1027.6275
E8E8AC1C-1798-47C1-AE2F-45680E06E4C4,310104320001,2021-01-06T00:00:00+08:00,2025-07-14T08:04:26+08:00,2025-07-14T08:04:26+08:00,52.4044,53.8856,52.0534,50.9726,45.0,67.0,0.7754,49.4876,4.3619,1.8389,0.0,1026.9097
EC1A05D4-C677-4067-8B08-98880476E5D8,310104330002,2021-01-06T00:00:00+08:00,2025-07-14T08:04:28+08:00,2025-07-14T08:04:28+08:00,54.9326,55.8297,54.7589,54.1683,51.2,66.2,1.3442,54.4822,3.9786,0.525,0.0,1028.1656
DD94E86E-634A-497B-B893-483768C2BB32,310104340004,2021-01-06T00:00:00+08:00,2025-07-14T08:04:19+08:00,2025-07-14T08:04:19+08:00,59.8116,60.8812,59.4428,59.0021,47.9,77.2,1.1034,49.01,4.4858,2.9191,0.0,1025.7837
EBEB91F6-1584-49C1-96C4-0EADE6EBB41F,310104320001,2021-01-07T00:00:00+08:00,2025-07-14T08:04:28+08:00,2025-07-14T08:04:28+08:00,49.3192,51.0445,48.827,47.6477,43.3,69.5,1.2826,44.4684,-1.4932,1.0561,0.0,1031.8525
EE18C5AD-769A-4C7A-A4D9-75E2AB924DF1,310104320001,2021-01-08T00:00:00+08:00,2025-07-14T08:04:29+08:00,2025-07-14T08:04:29+08:00,49.0998,50.349,48.7625,48.083,44.0,61.3,0.7935,31.2352,-5.8447,0.3766,0.0,1032.5594
F03E0CB5-3218-49D5-AD72-01010419DE7B,310104340004,2021-01-08T00:00:00+08:00,2025-07-14T08:04:30+08:00,2025-07-14T08:04:30+08:00,62.9528,65.1592,61.0227,60.4186,46.0,89.8,1.4707,25.5724,-2.9768,4.6303,0.0,1029.9269
B5E58351-E5E4-4DBA-99C9-DCF3E4545297,310104320001,2021-01-09T00:00:00+08:00,2025-07-14T08:03:49+08:00,2025-07-14T08:03:49+08:00,50.4431,52.404,49.8358,48.5082,43.3,67.8,0.5869,25.7558,0.8239,1.4727,0.0,1029.2007
E7B1EDCB-125C-4A55-AFAE-3619AA01D5F8,310104330002,2021-01-09T00:00:00+08:00,2025-07-14T08:04:26+08:00,2025-07-14T08:04:26+08:00,51.4627,52.7804,51.0971,50.5388,49.2,62.5,0.5752,37.9311,-2.9124,0.5984,0.0,1029.3179
FF9ED9B5-203D-4A8A-9645-524819679C48,310104320001,2021-01-10T00:00:00+08:00,2025-07-14T08:04:40+08:00,2025-07-14T08:04:40+08:00,46.2301,47.5009,45.8553,45.1619,40.6,60.6,0.2439,44.0396,-0.7978,0.6912,0.0,1029.834
D6EFF368-1141-442D-99E4-822E7F4D2DCA,310104330002,2021-01-11T00:00:00+08:00,2025-07-14T08:04:15+08:00,2025-07-14T08:04:15+08:00,52.9398,54.1802,52.6143,52.0155,49.3,64.7,0.529,40.5673,1.1825,0.7398,0.0,1028.584
D6DAC3DC-B514-49E4-909A-D8EA45780247,310104340004,2021-01-11T00:00:00+08:00,2025-07-14T08:04:15+08:00,2025-07-14T08:04:15+08:00,59.8063,60.7895,59.415,59.028,47.3,79.6,1.0109,29.4968,4.1569,3.7949,0.0,1026.4182
E828F620-CDDD-45E3-BC1C-F07A6FB0AD36,310104330002,2021-01-15T00:00:00+08:00,2025-07-14T08:04:26+08:00,2025-07-14T08:04:26+08:00,55.9155,56.7929,55.753,55.1822,52.8,70.0,1.5352,68.0362,9.5663,0.4031,0.0,1016.7283
F6E064DD-8351-43F6-AC8E-E1097DE8F91D,310104340004,2021-01-15T00:00:00+08:00,2025-07-14T08:04:34+08:00,2025-07-14T08:04:34+08:00,60.4575,63.9903,56.8679,54.2854,49.0,87.5,1.6347,41.6712,14.1584,4.0881,0.0,1015.2639
D3DF5A81-A4D6-4AC7-8960-A907C3197F89,310104320001,2021-01-17T00:00:00+08:00,2025-07-14T08:04:12+08:00,2025-07-14T08:04:12+08:00,60.1187,65.7021,51.2265,46.7644,42.7,88.7,0.6225,37.8077,4.051,7.999,0.0,1031.2864
FEB22A9C-98C1-4D0F-A2CC-CBE22B79CAEE,310104340004,2021-01-17T00:00:00+08:00,2025-07-14T08:04:39+08:00,2025-07-14T08:04:39+08:00,57.6783,59.0731,56.7614,56.3406,53.7,79.8,1.2906,54.552,2.1062,0.7395,0.0,1031.14
CB106F35-4A5C-4BC0-8359-76A961D74489,310104320001,2021-01-19T00:00:00+08:00,2025-07-14T08:04:05+08:00,2025-07-14T08:04:05+08:00,52.3536,53.8703,51.8298,50.7947,46.3,81.2,1.495,54.7311,8.1953,1.3895,0.0,1026.8545
D79AAF2D-EAA1-4A7D-A63A-894DF6C5AFDA,310104330002,2021-01-19T00:00:00+08:00,2025-07-14T08:04:16+08:00,2025-07-14T08:04:16+08:00,62.5624,64.2963,62.0271,60.5958,55.4,88.7,1.2347,56.6052,8.0331,1.1125,0.0,1026.3096
DBB065E4-7FAB-4929-845C-4F62701B60DE,310104320001,2021-01-20T00:00:00+08:00,2025-07-14T08:04:18+08:00,2025-07-14T08:04:18+08:00,47.9354,49.9815,46.9387,46.2949,43.1,79.4,0.7376,75.3258,7.4179,1.8148,0.0,1023.6574
CAE765FC-C706-49E3-8C41-345ACC08B7D2,310104330002,2021-01-20T00:00:00+08:00,2025-07-14T08:04:05+08:00,2025-07-14T08:04:05+08:00,57.1135,57.9416,56.8219,56.2549,54.2,75.2,0.7909,76.678,6.8853,0.5602,0.0,1023.1968
E87A1B6C-4A2B-49C9-BF09-A33E473C853F,310104340004,2021-01-20T00:00:00+08:00,2025-07-14T08:04:26+08:00,2025-07-14T08:04:26+08:00,58.4914,61.1989,56.8959,55.6391,50.6,84.4,1.2391,69.9429,11.6014,2.0955,0.0,1021.3739
E87A7E8E-7D5E-4070-86F2-747E63943457,310104330002,2021-01-21T00:00:00+08:00,2025-07-14T08:04:26+08:00,2025-07-14T08:04:26+08:00,56.4271,57.1948,56.0186,55.446,53.1,73.5,0.794,80.5248,11.815,0.7474,0.0,1018.2865
E6790964-0649-4495-BCE0-ACAE0D873668,310104320001,2021-01-22T00:00:00+08:00,2025-07-14T08:04:25+08:00,2025-07-14T08:04:25+08:00,44.9813,47.1301,44.2147,43.0976,36.5,61.4,0.6971,81.8761,11.5601,2.45,0.0983,1016.9623
B7E6E0C6-0DDF-4316-BB24-26C04F2CDCF3,310104330002,2021-01-22T00:00:00+08:00,2025-07-14T08:03:49+08:00,2025-07-14T08:03:49+08:00,60.4431,61.7623,60.0303,59.1015,52.0,77.4,1.2904,81.1291,10.5998,1.8655,0.5,1016.5266
B998686A-C317-4AD1-BA87-E01DB7A5E2C3,310104320001,2021-01-23T00:00:00+08:00,2025-07-14T08:03:51+08:00,2025-07-14T08:03:51+08:00,49.8136,52.0503,48.8426,47.2691,42.5,74.7,0.7567,80.2115,7.5638,1.3027,0.1867,1018.2595
F973DB98-0993-4256-8A1D-F684D1F1509A,310104330002,2021-01-23T00:00:00+08:00,2025-07-14T08:04:36+08:00,2025-07-14T08:04:36+08:00,54.923,55.7504,54.644,54.0885,52.9,72.2,1.05,76.853,8.0711,0.3213,0.0,1017.0427
B21618D1-DE70-4F22-85B2-74E63AA98A4B,310104320001,2021-01-24T00:00:00+08:00,2025-07-14T08:03:46+08:00,2025-07-14T08:03:46+08:00,49.7085,52.3999,48.5467,46.7317,42.1,71.3,0.6231,73.5306,8.5289,1.5873,0.0,1022.7593
CD1AD119-785C-4D59-8896-DF74EFDDF8C5,310104330002,2021-01-24T00:00:00+08:00,2025-07-14T08:04:06+08:00,2025-07-14T08:04:06+08:00,54.9996,55.8913,54.6558,54.1076,52.6,72.8,0.8479,73.6444,6.758,0.3761,0.0,1021.6703
F8F46007-AD08-4F14-A061-2FA14465EE3E,310104340004,2021-01-24T00:00:00+08:00,2025-07-14T08:04:35+08:00,2025-07-14T08:04:35+08:00,53.0985,55.3541,52.2512,51.3456,47.2,70.3,0.8158,71.875,8.8181,0.7768,0.0,1021.7395
D3D6CDD6-CCA3-4B9D-B56F-DD3A3184A6F0,310104330002,2021-01-25T00:00:00+08:00,2025-07-14T08:04:12+08:00,2025-07-14T08:04:12+08:00,60.149,61.5153,59.5599,58.6159,53.8,79.0,0.8646,63.0143,12.8759,2.2665,0.1566,1019.4104
E4508556-735C-4E09-BFB9-8F63207F70FF,310104340004,2021-01-26T00:00:00+08:00,2025-07-14T08:04:24+08:00,2025-07-14T08:04:24+08:00,56.002,59.096,51.931,50.5077,45.3,82.1,0.9412,78.7263,9.0153,2.9028,0.0983,1020.8902
C84F2C78-1998-4654-A268-8FB55670BBB3,310104320001,2021-01-27T00:00:00+08:00,2025-07-14T08:04:02+08:00,2025-07-14T08:04:02+08:00,46.4222,49.3945,44.993,43.7406,39.5,73.4,0.6514,70.7826,7.1196,1.9186,0.0,1023.1529
BC0A71DE-41F6-4D62-84DB-E7F690B625BE,310104320001,2021-01-28T00:00:00+08:00,2025-07-14T08:03:53+08:00,2025-07-14T08:03:53+08:00,47.0326,48.4284,46.5621,45.5994,40.8,68.6,0.5793,64.4525,6.5233,2.0536,0.0,1023.2569
F929E07F-890B-4452-A71D-144F615DF450,310104320001,2021-01-29T00:00:00+08:00,2025-07-14T08:04:36+08:00,2025-07-14T08:04:36+08:00,51.8065,53.6822,51.0589,49.9127,44.4,80.5,1.0181,37.4918,5.4331,1.8926,0.0,1027.8189
E9D913CE-04B8-41EB-B860-D779D63D0800,310104330002,2021-01-29T00:00:00+08:00,2025-07-14T08:04:27+08:00,2025-07-14T08:04:27+08:00,54.7832,55.6746,54.6025,54.0744,52.1,68.7,1.276,52.2366,2.8027,0.4281,0.0,1028.25
B6DFF7AD-A672-43C6-A016-D8FCD6BE9465,310104340004,2021-01-29T00:00:00+08:00,2025-07-14T08:03:49+08:00,2025-07-14T08:03:49+08:00,56.5292,58.4889,55.8834,55.2644,50.9,70.8,1.1287,35.1635,6.5608,0.7942,0.0,1025.998
BED502B6-6D22-41B3-8354-33F3C42A46B3,310104320001,2021-01-31T00:00:00+08:00,2025-07-14T08:03:54+08:00,2025-07-14T08:03:54+08:00,45.0076,46.6993,44.311,43.591,38.8,62.8,0.7602,66.0874,10.7874,0.7039,0.0783,1022.2564
BFB97474-300B-439B-9317-04315C50E751,310104330002,2021-01-31T00:00:00+08:00,2025-07-14T08:03:55+08:00,2025-07-14T08:03:55+08:00,54.5461,55.3314,54.4136,53.9067,52.2,65.0,1.2632,68.7216,10.6273,0.2948,0.0,1021.7454
CF4340ED-A3E2-46B1-B870-275B46166648,310104320001,2021-02-01T00:00:00+08:00,2025-07-14T08:04:08+08:00,2025-07-14T08:04:08+08:00,51.7407,53.9337,50.8619,49.6501,41.9,79.6,0.3493,82.6147,9.8248,2.8804,0.23,1019.5398
BE50766E-E661-45B0-AC54-94BEF7504062,310104330002,2021-02-01T00:00:00+08:00,2025-07-14T08:03:54+08:00,2025-07-14T08:03:54+08:00,57.8857,59.1853,57.5327,56.8488,52.4,75.5,0.5481,79.4075,9.977,2.1196,0.3784,1018.8674
BE5728A2-CEFE-4D09-AF8B-250676789F06,310104340004,2021-02-02T00:00:00+08:00,2025-07-14T08:03:54+08:00,2025-07-14T08:03:54+08:00,50.3053,52.3153,49.4693,48.4805,43.2,67.1,1.6042,68.5799,7.9241,0.9509,0.0,1023.6368
F17F55ED-40CD-4EF6-88FB-70CFD9851BE8,310104320001,2021-02-03T00:00:00+08:00,2025-07-14T08:04:31+08:00,2025-07-14T08:04:31+08:00,46.4138,47.598,46.0628,45.3796,41.5,57.9,0.5551,69.1624,6.1431,0.7892,0.0,1025.5084
FE32CC63-5A3E-43CE-9B1C-F11A6FD90598,310104330002,2021-02-03T00:00:00+08:00,2025-07-14T08:04:39+08:00,2025-07-14T08:04:39+08:00,54.6368,55.3985,54.4981,54.043,52.6,64.3,0.4978,71.3194,5.7063,0.5317,0.0,1025.1013
D95BA6DC-C0C6-4ADF-8668-1EBD4272715F,310104340004,2021-02-03T00:00:00+08:00,2025-07-14T08:04:17+08:00,2025-07-14T08:04:17+08:00,56.373,58.7852,55.2716,54.3848,49.3,78.6,1.2469,59.083,10.7332,2.0012,0.0,1022.1177
E07B2878-EF7F-4934-B7AF-30ADF42C7218,310104320001,2021-02-06T00:00:00+08:00,2025-07-14T08:04:21+08:00,2025-07-14T08:04:21+08:00,44.9314,47.3255,44.0403,42.6767,37.4,59.6,0.3985,78.225,8.8232,1.3904,0.0,1018.121
DBDCF56A-AB54-48FA-8B60-03DCDCDB0659,310104330002,2021-02-06T00:00:00+08:00,2025-07-14T08:04:18+08:00,2025-07-14T08:04:18+08:00,56.3875,57.6315,56.0391,55.4396,52.5,76.8,0.7615,55.1372,13.0411,1.4638,0.0,1017.7783
D162D2B1-EA63-4BA2-B728-FBBABF4BBAA6,310104340004,2021-02-06T00:00:00+08:00,2025-07-14T08:04:11+08:00,2025-07-14T08:04:11+08:00,53.1307,55.399,52.2991,51.5019,44.7,70.7,0.8789,55.0685,13.2405,1.0119,0.0,1017.285
F14FD445-D339-4A00-AE46-27D27EEA6F20,310104330002,2021-02-07T00:00:00+08:00,2025-07-14T08:04:31+08:00,2025-07-14T08:04:31+08:00,56.4014,57.5728,56.1212,55.4373,51.5,71.2,0.7072,46.1601,15.1836,1.6899,0.0,1019.6893
B3734BF6-92E5-416F-ABBB-660F87A45241,310104340004,2021-02-07T00:00:00+08:00,2025-07-14T08:03:47+08:00,2025-07-14T08:03:47+08:00,50.4962,52.3377,49.7179,48.8118,43.5,69.1,0.7558,78.2912,9.2488,1.9361,0.0,1019.2596
EABF588F-DBFA-4B20-9083-44D39140FAEE,310104320001,2021-02-08T00:00:00+08:00,2025-07-14T08:04:28+08:00,2025-07-14T08:04:28+08:00,46.2573,48.0426,45.6838,44.6636,41.0,62.2,1.3272,64.1594,7.5856,1.0322,0.0,1027.2353
F9EAA1B4-7254-4D3D-AA7A-36B20A54F45F,310104320001,2021-02-09T00:00:00+08:00,2025-07-14T08:04:36+08:00,2025-07-14T08:04:36+08:00,53.0005,55.4477,52.1363,50.2022,43.5,74.5,1.1541,51.7774,8.4068,2.874,0.0,1026.9632
BEF1D4FF-2BBC-4DE6-BD26-A29E421685AA,310104340004,2021-02-10T00:00:00+08:00,2025-07-14T08:03:54+08:00,2025-07-14T08:03:54+08:00,54.8236,57.005,54.0498,53.2429,44.1,67.8,0.9283,61.9813,10.5802,2.1573,0.0,1021.6207
F33A3122-B93D-4529-8AC0-447549A1C0A7,310104320001,2021-02-11T00:00:00+08:00,2025-07-14T08:04:32+08:00,2025-07-14T08:04:32+08:00,45.8844,48.0674,45.0827,43.726,37.6,62.6,0.8945,78.1822,9.3927,2.2612,0.0283,1021.188
B80E25D6-B07F-442E-82F3-C4032E4BBEA4,310104330002,2021-02-11T00:00:00+08:00,2025-07-14T08:03:49+08:00,2025-07-14T08:03:49+08:00,56.472,59.0197,55.3464,53.8073,50.9,78.9,0.5066,78.629,9.2228,3.1316,0.0467,1020.6338
C600187D-DA97-44C1-86F4-2C1827E23457,310104340004,2021-02-11T00:00:00+08:00,2025-07-14T08:04:01+08:00,2025-07-14T08:04:01+08:00,49.8343,52.097,48.9829,47.7689,40.4,67.4,1.0667,77.1798,9.6196,2.925,0.1217,1020.1949
BA308488-979B-4D10-A328-FA3050D96360,310104320001,2021-02-12T00:00:00+08:00,2025-07-14T08:03:51+08:00,2025-07-14T08:03:51+08:00,50.0115,52.9189,48.5665,46.3354,40.4,76.9,1.1471,68.9546,11.6638,2.6297,0.0,1021.5092
F6BA2D85-A552-4A6D-979F-3ADAFA06F4CA,310104320001,2021-02-13T00:00:00+08:00,2025-07-14T08:04:34+08:00,2025-07-14T08:04:34+08:00,49.3225,52.4118,47.9104,45.2019,40.2,69.8,1.0283,57.68,13.8387,2.4872,0.0,1020.6071
FFFB4A6F-ACCB-4EF6-9319-725F508A48A0,310104330002,2021-02-13T00:00:00+08:00,2025-07-14T08:04:40+08:00,2025-07-14T08:04:40+08:00,54.1186,55.4779,53.7646,53.0262,51.7,74.6,0.5372,71.7525,10.9108,1.1606,0.0,1020.6721
F53D4819-FA1F-4CD7-8D60-D3750CD44372,310104340004,2021-02-13T00:00:00+08:00,2025-07-14T08:04:33+08:00,2025-07-14T08:04:33+08:00,51.1871,54.5172,49.6134,48.2625,44.4,66.6,0.9681,56.1745,14.2905,0.8943,0.0,1019.5992
EA3D2C54-7761-40E0-978F-C08EE3E576DE,310104320001,2021-02-14T00:00:00+08:00,2025-07-14T08:04:27+08:00,2025-07-14T08:04:27+08:00,42.8232,45.1243,41.8506,40.7679,37.0,58.6,0.4666,74.0056,12.1937,1.2987,0.0,1015.4634
E0722CE9-E302-4842-8834-F2DBC8840E6F,310104330002,2021-02-14T00:00:00+08:00,2025-07-14T08:04:21+08:00,2025-07-14T08:04:21+08:00,55.6615,56.762,55.3456,54.7665,49.9,82.0,0.7564,61.3268,16.1339,1.763,0.0,1012.1764
E91A697D-E481-4310-8C49-7741DAB387B3,310104320001,2021-02-15T00:00:00+08:00,2025-07-14T08:04:27+08:00,2025-07-14T08:04:27+08:00,49.166,51.7841,48.0447,46.0102,39.0,75.4,1.0576,62.5855,8.8532,1.4043,0.0,1019.5563
BA5023C9-CB4A-4441-B41F-20D8AD80DCA2,310104340004,2021-02-15T00:00:00+08:00,2025-07-14T08:03:51+08:00,2025-07-14T08:03:51+08:00,51.7319,54.7678,50.3151,48.923,39.6,70.8,1.5892,61.613,9.1514,1.8173,0.0,1018.3749
DD781572-F4DB-4518-87F4-82221BC3BA79,310104320001,2021-02-16T00:00:00+08:00,2025-07-14T08:04:19+08:00,2025-07-14T08:04:19+08:00,45.6113,46.9709,45.1983,44.3583,41.1,60.8,0.9077,57.7116,5.3128,0.8198,0.0,1020.5386
D915B22A-A04F-40E7-BD04-0520E4968516,310104330002,2021-02-16T00:00:00+08:00,2025-07-14T08:04:17+08:00,2025-07-14T08:04:17+08:00,57.6292,60.8175,55.7552,55.0653,51.3,88.2,0.8876,50.1574,9.5029,2.7365,0.0,1018.3074
E84900FA-183C-41F3-AFCF-17C0F698C7BA,310104340004,2021-02-16T00:00:00+08:00,2025-07-14T08:04:26+08:00,2025-07-14T08:04:26+08:00,50.5351,52.5124,49.6273,48.6725,40.0,73.3,0.9961,58.8972,5.3091,2.0308,0.0,1019.4376
D7D9E282-478F-42B2-8BE4-B8DDE2109365,310104320001,2021-02-18T00:00:00+08:00,2025-07-14T08:04:16+08:00,2025-07-14T08:04:16+08:00,44.8731,46.3191,44.4181,43.6188,38.5,58.4,0.3366,53.6387,2.3447,1.6249,0.0,1028.4722
D2CF73B6-8458-44D7-AC46-1A63940FC287,310104340004,2021-02-18T00:00:00+08:00,2025-07-14T08:04:12+08:00,2025-07-14T08:04:12+08:00,58.4243,59.3383,58.1995,57.8157,42.7,70.6,1.139,28.3187,6.5593,4.2835,0.0,1027.7908
E11578FD-4992-4D61-B575-61A8F45688AC,310104320001,2021-02-19T00:00:00+08:00,2025-07-14T08:04:22+08:00,2025-07-14T08:04:22+08:00,51.5251,53.5201,50.883,49.4918,43.6,74.4,0.8565,34.5983,12.9038,1.8968,0.0,1020.1636
DFBB242F-5CDD-49CE-94D4-7B572D32463A,310104330002,2021-02-19T00:00:00+08:00,2025-07-14T08:04:21+08:00,2025-07-14T08:04:21+08:00,56.4539,57.6474,56.1193,55.4043,52.0,79.4,1.2561,36.9003,12.3596,1.3012,0.0,1019.7901
CBCC75DC-D57F-4543-B16F-2F56C47A5140,310104320001,2021-02-20T00:00:00+08:00,2025-07-14T08:04:05+08:00,2025-07-14T08:04:05+08:00,46.0495,47.6131,45.5124,44.601,40.3,66.9,0.2865,54.7683,10.0718,1.3901,0.0,1015.7401
D8C8EDD1-0B47-4E4E-BF6F-252F2083DCF6,310104330002,2021-02-20T00:00:00+08:00,2025-07-14T08:04:16+08:00,2025-07-14T08:04:16+08:00,56.2561,57.4878,55.9567,55.2743,51.8,72.7,1.2118,28.7539,18.7417,1.4744,0.0,1014.6045
CA514EAC-5B1D-45D0-AEA5-15F274CD22CA,310104330002,2021-02-21T00:00:00+08:00,2025-07-14T08:04:04+08:00,2025-07-14T08:04:04+08:00,54.4428,55.1523,54.3013,53.8838,52.1,68.2,0.3652,53.2892,12.2829,0.3972,0.0,1012.7421
E39E1DE6-9049-4594-B0B5-3FCF782B82AA,310104320001,2021-02-22T00:00:00+08:00,2025-07-14T08:04:22+08:00,2025-07-14T08:04:22+08:00,50.8091,53.3589,49.8557,47.8769,39.0,70.0,1.1156,44.0381,17.365,2.0675,0.0,1016.3306
EF3B5587-C576-4DF0-8873-C27940F0F8AB,310104340004,2021-02-22T00:00:00+08:00,2025-07-14T08:04:29+08:00,2025-07-14T08:04:29+08:00,55.5809,58.7201,53.7924,51.9015,44.1,76.9,1.7816,41.9986,17.7318,2.9815,0.0,1015.211
E9E7C80E-0D70-42FC-B663-757FC7BA4E8E,310104320001,2021-02-23T00:00:00+08:00,2025-07-14T08:04:27+08:00,2025-07-14T08:04:27+08:00,51.2619,53.3197,50.5847,49.1586,43.3,70.7,1.8047,53.0233,9.6512,1.8354,0.0,1023.4975
FBBA70ED-A282-41F0-96F7-1FC1C65DAB01,310104320001,2021-02-24T00:00:00+08:00,2025-07-14T08:04:37+08:00,2025-07-14T08:04:37+08:00,45.3557,47.3591,44.611,43.457,38.0,59.9,1.2132,71.3963,8.5724,1.7586,0.0,1020.3246
F40B6726-4199-44AA-919C-94E0D21531DD,310104330002,2021-02-24T00:00:00+08:00,2025-07-14T08:04:32+08:00,2025-07-14T08:04:32+08:00,59.6991,61.5032,59.1421,58.1122,52.9,80.1,1.1406,61.0618,12.4137,2.2996,0.0,1018.773
B68A9E3E-0F3F-4BDD-B343-95679D6DAFE1,310104340004,2021-02-25T00:00:00+08:00,2025-07-14T08:03:49+08:00,2025-07-14T08:03:49+08:00,55.1967,57.5914,54.3437,53.4118,47.9,72.6,1.4988,75.6088,14.8714,1.5937,0.1066,1011.2339
C24A988A-EB4F-4BDB-98D5-4B9556025AF4,310104330002,2021-02-26T00:00:00+08:00,2025-07-14T08:03:57+08:00,2025-07-14T08:03:57+08:00,54.8322,55.7294,54.6899,54.0547,52.2,62.4,2.0482,79.4116,9.3654,0.2413,0.0,1015.057
B65FA4B8-C833-425E-A3A4-04A39144D06E,310104340004,2021-02-26T00:00:00+08:00,2025-07-14T08:03:49+08:00,2025-07-14T08:03:49+08:00,54.9122,56.6588,54.3513,53.545,49.1,70.9,1.8946,78.7453,9.8296,1.5339,0.2883,1016.1176
EE45DCD0-0D6C-473E-85BF-AAD0CB629FF5,310104320001,2021-02-27T00:00:00+08:00,2025-07-14T08:04:29+08:00,2025-07-14T08:04:29+08:00,47.9115,51.0531,46.2571,44.4493,40.8,69.1,1.3104,72.4358,10.2415,2.6129,0.0,1019.3637
DB6490E1-E96D-4AE2-B620-BA4F08DFC7C8,310104330002,2021-02-27T00:00:00+08:00,2025-07-14T08:04:18+08:00,2025-07-14T08:04:18+08:00,59.2367,60.8597,58.757,57.8286,53.3,75.9,1.0804,75.4767,11.1548,2.0716,0.105,1019.5726
D18A8A64-DD75-4730-BF25-1BB8A9328053,310104340004,2021-02-27T00:00:00+08:00,2025-07-14T08:04:11+08:00,2025-07-14T08:04:11+08:00,54.2117,56.4015,53.4521,52.4322,46.9,71.3,1.5343,75.9782,11.158,1.6806,0.4866,1019.1044
FCEF36D9-8765-4114-80B6-FF420FB640C5,310104330002,2021-02-28T00:00:00+08:00,2025-07-14T08:04:38+08:00,2025-07-14T08:04:38+08:00,54.5647,55.3203,54.4293,54.0026,53.1,62.4,0.5504,85.3927,11.1705,0.2147,0.0,1018.4014
D13C8BB2-65D9-4719-B1D0-6B7554CA8B04,310104320001,2021-03-01T00:00:00+08:00,2025-07-14T08:04:11+08:00,2025-07-14T08:04:11+08:00,46.8356,49.9606,45.2141,43.2988,37.6,69.9,0.5253,86.4972,11.3255,3.1706,0.1067,1015.827
F3482D71-7112-4135-BC4B-AE7FF527855D,310104340004,2021-03-01T00:00:00+08:00,2025-07-14T08:04:32+08:00,2025-07-14T08:04:32+08:00,55.3698,57.4754,54.6703,53.9214,50.0,70.2,1.2324,83.209,12.1222,0.9025,0.6615,1014.7663
D6FFB35D-801D-440A-B625-7CF11E83CF47,310104330002,2021-03-02T00:00:00+08:00,2025-07-14T08:04:15+08:00,2025-07-14T08:04:15+08:00,59.5428,60.8471,59.2263,58.3524,53.7,75.6,1.2076,49.3838,7.7858,1.9839,0.0,1027.5872
DF6CA346-95A9-4EF3-9409-B74FE60B2633,310104320001,2021-03-04T00:00:00+08:00,2025-07-14T08:04:21+08:00,2025-07-14T08:04:21+08:00,51.2961,53.5182,50.5477,49.0164,41.7,71.1,0.4463,68.5801,11.6867,2.3827,0.0,1019.1093
F8D8D809-3F37-46E3-9564-E49A79C029F2,310104340004,2021-03-04T00:00:00+08:00,2025-07-14T08:04:35+08:00,2025-07-14T08:04:35+08:00,55.3421,57.4165,54.8233,53.5332,44.9,69.2,0.8048,65.4401,12.2736,2.1101,0.0,1018.1307
BC7D9328-2790-4248-A21B-C11F7A021B6F,310104320001,2021-03-05T00:00:00+08:00,2025-07-14T08:03:53+08:00,2025-07-14T08:03:53+08:00,46.0801,48.5376,45.133,43.5701,40.7,67.9,0.6123,81.8784,8.1269,1.83,0.0,1020.1798
C1AFF385-E96A-433D-9554-46164B09CB13,310104330002,2021-03-05T00:00:00+08:00,2025-07-14T08:03:57+08:00,2025-07-14T08:03:57+08:00,60.9201,62.3641,60.5236,59.5646,53.1,79.0,1.2524,73.632,10.1661,2.4344,0.05,1018.7933
D06BFC58-2523-44A1-9DE6-B3A1B1FC5490,310104340004,2021-03-05T00:00:00+08:00,2025-07-14T08:04:10+08:00,2025-07-14T08:04:10+08:00,55.8906,58.0419,55.2117,54.2904,47.4,68.5,0.9839,72.5854,10.5213,2.0107,0.1167,1018.3768
F9F9CD10-DC2D-4076-868B-31FA1E8D1EC5,310104330002,2021-03-06T00:00:00+08:00,2025-07-14T08:04:36+08:00,2025-07-14T08:04:36+08:00,54.9425,55.9171,54.7168,54.1437,52.7,69.8,0.9123,78.0304,9.7243,0.5037,0.2167,1021.2224
CFCC0D5A-525C-484D-8462-E33655C95634,310104340004,2021-03-06T00:00:00+08:00,2025-07-14T08:04:10+08:00,2025-07-14T08:04:10+08:00,50.2601,51.8187,49.8224,48.8686,43.6,73.6,1.5477,77.7167,9.8534,2.2014,0.3166,1020.7178
D3EA69A2-88A1-4AFF-B391-7C6081978420,310104330002,2021-03-07T00:00:00+08:00,2025-07-14T08:04:12+08:00,2025-07-14T08:04:12+08:00,58.6205,59.9407,58.3157,57.3644,53.4,69.5,1.1127,80.3925,9.3527,1.5137,0.14,1025.3255
EB16552B-3C9B-4250-9A39-7AD648A27B5B,310104340004,2021-03-07T00:00:00+08:00,2025-07-14T08:04:28+08:00,2025-07-14T08:04:28+08:00,53.8731,55.9586,53.3135,51.9133,46.8,74.9,1.2841,81.0819,9.3352,1.6145,0.0,1025.1023
F81F1D46-E6B5-4D3A-BB9C-8A2457C94E30,310104320001,2021-03-08T00:00:00+08:00,2025-07-14T08:04:35+08:00,2025-07-14T08:04:35+08:00,45.6307,48.1399,44.6769,43.0301,38.7,63.3,0.6402,81.4577,9.2392,2.5704,0.0667,1025.3002
B17FC5B9-8E84-4092-974B-0B508440DEF8,310104320001,2021-03-09T00:00:00+08:00,2025-07-14T08:03:46+08:00,2025-07-14T08:03:46+08:00,52.1239,54.0275,51.5588,50.1467,41.3,70.6,0.6633,74.0855,9.732,2.5178,0.0,1025.1652
F431469C-54EA-43CE-A0D0-F292ED1EE4B3,310104340004,2021-03-09T00:00:00+08:00,2025-07-14T08:04:32+08:00,2025-07-14T08:04:32+08:00,55.5245,57.3284,54.9753,54.1848,45.5,74.0,0.842,73.7911,9.9142,1.8438,0.0,1024.2005
CDE3DFD4-4B69-438D-AE48-E2E6908B890D,310104330002,2021-03-10T00:00:00+08:00,2025-07-14T08:04:08+08:00,2025-07-14T08:04:08+08:00,62.8837,65.2974,62.2929,59.622,53.7,76.4,0.9358,50.5982,13.1331,3.5076,0.0,1025.7596
EFB7CE67-6507-40A9-86CA-F7885580AFFB,310104330002,2021-03-11T00:00:00+08:00,2025-07-14T08:04:30+08:00,2025-07-14T08:04:30+08:00,55.7935,57.1817,55.4562,54.822,53.5,74.8,0.7944,79.2687,10.2008,0.8392,0.0433,1021.6123
F9D93A99-0B29-424C-8611-79644ACBBD42,310104340004,2021-03-11T00:00:00+08:00,2025-07-14T08:04:36+08:00,2025-07-14T08:04:36+08:00,55.868,58.4224,55.0503,53.8202,48.4,73.4,1.1701,82.1334,11.8266,2.1897,0.21,1018.755
F47C1344-4190-4C9E-ADBF-0DB4D6A33830,310104320001,2021-03-12T00:00:00+08:00,2025-07-14T08:04:33+08:00,2025-07-14T08:04:33+08:00,52.3079,54.7567,51.2929,49.4028,41.3,74.8,0.602,67.7981,11.6468,2.4917,0.0,1023.279
FA4A2F2A-3CC6-43B5-8DFE-8715BF48F095,310104330002,2021-03-12T00:00:00+08:00,2025-07-14T08:04:36+08:00,2025-07-14T08:04:36+08:00,55.4925,56.3092,55.3493,54.803,53.5,66.0,0.8879,74.6784,10.7019,0.1847,0.0,1020.9044
FC3E3273-39F1-433C-86E8-EED161DBFE7B,310104320001,2021-03-13T00:00:00+08:00,2025-07-14T08:04:38+08:00,2025-07-14T08:04:38+08:00,50.6095,52.9215,49.8281,47.6747,41.0,76.3,1.0275,59.7233,12.4345,1.6864,0.0,1021.7897
B21EA883-11D0-4104-BE9C-5A635D8CE085,310104330002,2021-03-13T00:00:00+08:00,2025-07-14T08:03:46+08:00,2025-07-14T08:03:46+08:00,55.86,56.9686,55.5411,54.9875,53.0,76.4,0.2712,79.2879,7.9449,0.7029,0.0,1022.4805
B398D199-F66B-41E5-BD26-1C21C8BFA606,310104340004,2021-03-13T00:00:00+08:00,2025-07-14T08:03:47+08:00,2025-07-14T08:03:47+08:00,49.1721,51.6208,48.1759,47.2088,43.3,68.4,0.3816,74.4963,8.9662,2.1612,0.0,1021.8452
F9C45DD0-15DE-4F73-8569-D33949E5607C,310104330002,2021-03-14T00:00:00+08:00,2025-07-14T08:04:36+08:00,2025-07-14T08:04:36+08:00,62.4792,64.1873,62.2459,60.3511,53.9,79.2,1.4237,59.4176,13.6761,3.2535,0.0,1018.0762
F2355C0F-BF5B-4A2B-B5FC-25DB724ACF7D,310104340004,2021-03-14T00:00:00+08:00,2025-07-14T08:04:31+08:00,2025-07-14T08:04:31+08:00,50.1525,52.4854,49.1654,48.2495,42.7,69.9,0.704,80.1228,9.3822,2.4149,0.0,1018.173
F3C98F6D-EABF-49A9-8566-BACE36F2DAC7,310104320001,2021-03-15T00:00:00+08:00,2025-07-14T08:04:32+08:00,2025-07-14T08:04:32+08:00,45.8787,49.0763,44.1266,43.0572,38.1,77.2,1.1389,74.7532,12.7209,2.4579,0.0,1013.4268
C7EACF3F-9CD3-4642-AC9E-53276640E257,310104330002,2021-03-15T00:00:00+08:00,2025-07-14T08:04:02+08:00,2025-07-14T08:04:02+08:00,61.8608,63.5223,61.5385,59.9107,53.6,82.8,1.513,52.2782,19.5655,2.6708,0.0917,1010.8713
E96136F8-7F13-419F-8403-484E7A1E2EEA,310104340004,2021-03-15T00:00:00+08:00,2025-07-14T08:04:27+08:00,2025-07-14T08:04:27+08:00,49.8644,51.7415,49.2217,48.2493,43.6,70.2,1.1137,74.5842,12.7998,1.4207,0.0283,1012.596
EE083241-7DDF-432C-805E-41DB3BA3CFEB,310104320001,2021-03-17T00:00:00+08:00,2025-07-14T08:04:29+08:00,2025-07-14T08:04:29+08:00,51.1937,53.6264,50.1075,48.482,40.9,77.7,0.9911,62.7596,10.4871,2.2435,0.1217,1017.9231
BC4BEC14-FCEC-4A99-A7AF-89A37849DA64,310104340004,2021-03-17T00:00:00+08:00,2025-07-14T08:03:53+08:00,2025-07-14T08:03:53+08:00,49.4685,51.4187,48.8431,47.9099,41.7,67.3,1.0512,68.7228,9.9298,2.3039,0.0583,1017.0596
F5B1609B-BD8B-4892-9FA4-D53850C2833A,310104320001,2021-03-19T00:00:00+08:00,2025-07-14T08:04:33+08:00,2025-07-14T08:04:33+08:00,44.5872,47.4228,43.3081,41.6457,38.0,65.5,0.6861,80.1743,12.5834,1.7278,0.1073,1014.0091
C3059C59-7E4C-4597-9CED-00B1E1AA9A86,310104330002,2021-03-19T00:00:00+08:00,2025-07-14T08:03:58+08:00,2025-07-14T08:03:58+08:00,55.3491,57.1104,54.7468,53.8728,52.9,77.9,0.529,80.856,12.5146,1.2973,0.0366,1013.2338
F8A66B49-0579-4B5F-BB88-1FB592DD90C7,310104340004,2021-03-19T00:00:00+08:00,2025-07-14T08:04:35+08:00,2025-07-14T08:04:35+08:00,48.3724,50.6116,47.4994,46.5498,42.4,70.4,0.8969,79.854,12.7943,2.4256,0.0,1012.9561
D3208970-0CCB-4B57-8638-C5E054849683,310104330002,2021-03-22T00:00:00+08:00,2025-07-14T08:04:12+08:00,2025-07-14T08:04:12+08:00,58.4363,59.61,58.0944,57.2354,53.2,76.4,0.84,32.7582,12.6821,1.5574,0.0,1026.2649
B2A7540D-20BD-4DC6-BD84-0C78771867B0,310104320001,2021-03-23T00:00:00+08:00,2025-07-14T08:03:47+08:00,2025-07-14T08:03:47+08:00,46.9084,48.9374,46.2768,44.702,40.1,63.0,0.5088,68.04,8.8468,2.6907,0.0,1022.7184
F97A0148-B666-4316-B7CB-9B1336958E18,310104340004,2021-03-23T00:00:00+08:00,2025-07-14T08:04:36+08:00,2025-07-14T08:04:36+08:00,50.8609,53.3954,49.8544,48.9316,45.3,68.1,0.608,67.4927,9.2692,1.9576,0.0,1021.7531
D6C48FB2-0B56-461C-8905-0AAB473A1048,310104320001,2021-03-24T00:00:00+08:00,2025-07-14T08:04:15+08:00,2025-07-14T08:04:15+08:00,50.7321,53.315,49.4453,47.3898,41.5,81.8,0.6776,54.5598,16.2601,2.4374,0.0433,1017.3191
C6FB9220-00CF-4155-9AEA-6EB9F9AA16A4,310104330002,2021-03-25T00:00:00+08:00,2025-07-14T08:04:01+08:00,2025-07-14T08:04:01+08:00,63.2207,64.9276,63.0817,60.3979,54.0,79.2,0.932,39.1068,18.6673,3.8728,0.0,1020.1205
E9EBDC16-1425-47DF-82C2-4ED4E324F0B4,310104320001,2021-03-26T00:00:00+08:00,2025-07-14T08:04:27+08:00,2025-07-14T08:04:27+08:00,46.0988,48.8734,44.9556,43.1793,38.5,68.1,0.7196,63.6528,13.1873,3.8234,0.0,1016.8893
E6BFBC65-3A09-47C6-B3AF-2A48633F08ED,310104320001,2021-03-27T00:00:00+08:00,2025-07-14T08:04:25+08:00,2025-07-14T08:04:25+08:00,49.7974,52.7104,48.6615,46.0096,39.3,70.3,0.6192,72.3089,18.8613,2.4466,0.06,1006.9976
DBEE68A9-5DCA-41B8-9414-0B8C1581BCA9,310104330002,2021-03-27T00:00:00+08:00,2025-07-14T08:04:18+08:00,2025-07-14T08:04:18+08:00,55.0034,55.9725,54.8089,54.1662,52.0,65.0,1.8509,78.4483,16.8531,0.4655,0.0,1008.7076
D90E0177-CABE-4DF9-BDB4-96B1AE9081F7,310104340004,2021-03-27T00:00:00+08:00,2025-07-14T08:04:17+08:00,2025-07-14T08:04:17+08:00,48.7865,51.0874,48.0753,46.9274,41.3,65.0,1.2177,78.3253,17.0746,2.4526,0.0,1008.2147
B9743E78-B606-489B-A970-3BF1B5525EB2,310104330002,2021-03-28T00:00:00+08:00,2025-07-14T08:03:51+08:00,2025-07-14T08:03:51+08:00,55.0432,55.8658,54.864,54.3881,52.6,74.6,0.3982,78.1198,14.9432,0.4323,0.0,1007.4054
C54506CA-E5BE-4194-B3DD-6D825D12082E,310104320001,2021-03-29T00:00:00+08:00,2025-07-14T08:03:59+08:00,2025-07-14T08:03:59+08:00,50.6748,53.4027,49.3974,47.1253,40.0,79.5,1.4569,57.9011,20.2993,2.4048,0.0,1005.9593
FFE9BF1D-EF29-4FDE-9F20-570BBBDB5566,310104320001,2021-03-30T00:00:00+08:00,2025-07-14T08:04:40+08:00,2025-07-14T08:04:40+08:00,50.6324,53.1387,49.3439,47.114,40.2,81.6,1.4625,47.2045,16.2548,2.5151,0.0,1009.7737
F69496DF-6D3A-4122-A533-267F26109D3F,310104330002,2021-03-30T00:00:00+08:00,2025-07-14T08:04:34+08:00,2025-07-14T08:04:34+08:00,60.3298,61.6742,59.9224,58.9665,53.1,79.9,1.0272,49.037,16.3037,1.971,0.0,1009.3865
EBCCBAB9-899B-46D3-9910-CC0E77E19A4E,310104320001,2021-03-31T00:00:00+08:00,2025-07-14T08:04:28+08:00,2025-07-14T08:04:28+08:00,43.8048,46.3543,42.7888,41.2666,37.5,59.2,0.9938,66.1894,14.0921,1.5982,0.0933,1008.8016
FC8F6ABC-D156-44D4-8D63-101312A2D315,310104330002,2021-03-31T00:00:00+08:00,2025-07-14T08:04:38+08:00,2025-07-14T08:04:38+08:00,59.6311,60.8114,59.3443,58.4907,52.7,76.1,0.8703,81.705,14.6999,2.1076,0.1167,1006.3008
DAF1AC9B-88CF-4192-BDF2-32936AE7BC17,310104340004,2021-03-31T00:00:00+08:00,2025-07-14T08:04:18+08:00,2025-07-14T08:04:18+08:00,54.6165,57.047,53.7055,52.4647,46.2,74.5,1.3524,81.602,14.7475,1.0055,0.05,1006.0304
EAEABA8B-C6F9-410D-8485-17964C6156F8,310104330002,2021-04-01T00:00:00+08:00,2025-07-14T08:04:28+08:00,2025-07-14T08:04:28+08:00,54.7755,56.0736,54.3939,53.7782,52.2,72.7,0.7612,86.7825,14.7722,0.5961,0.2383,1006.5492
B3D3B870-D821-452A-8660-3052D9C75428,310104330002,2021-04-02T00:00:00+08:00,2025-07-14T08:03:47+08:00,2025-07-14T08:03:47+08:00,59.6915,61.2128,59.3626,58.2381,50.2,79.7,0.7836,71.3361,18.4209,2.7352,0.0,1010.1778
F9BDAF8C-2F2E-48D6-8E69-F2BA67A2B464,310104330002,2021-04-03T00:00:00+08:00,2025-07-14T08:04:36+08:00,2025-07-14T08:04:36+08:00,56.8431,58.3004,56.3489,55.6524,52.1,76.8,0.9346,75.8777,15.4617,2.6182,0.0,1012.6371
D7230BDA-D609-4F7B-8BC8-0E8B1C533BBF,310104330002,2021-04-04T00:00:00+08:00,2025-07-14T08:04:15+08:00,2025-07-14T08:04:15+08:00,58.2591,59.8349,57.924,56.5332,47.3,75.3,1.624,37.568,14.4228,3.5586,0.0,1020.4232
F13EED77-104B-4777-803F-AE5C4129DC56,310104340004,2021-04-04T00:00:00+08:00,2025-07-14T08:04:31+08:00,2025-07-14T08:04:31+08:00,52.162,54.9021,51.0643,49.755,45.1,71.8,1.6759,37.7448,14.3012,1.1541,0.0,1019.8309
D75A274F-69E3-4D75-BB71-41D9F391276E,310104320001,2021-04-05T00:00:00+08:00,2025-07-14T08:04:16+08:00,2025-07-14T08:04:16+08:00,45.7713,49.1499,44.1339,40.9561,35.7,65.5,0.4015,51.529,10.5369,3.8995,0.0,1022.1094
DB0CD5AD-ADDB-40CD-8682-E6948AD1EF1F,310104330002,2021-04-05T00:00:00+08:00,2025-07-14T08:04:18+08:00,2025-07-14T08:04:18+08:00,51.25,53.1183,50.6259,49.7388,46.4,72.0,0.6094,51.0268,10.5476,2.4636,0.0,1021.6392
C545C988-20B0-4325-961E-05433487FAC0,310104320001,2021-04-06T00:00:00+08:00,2025-07-14T08:03:59+08:00,2025-07-14T08:03:59+08:00,51.5908,54.4242,50.5997,48.7071,34.0,73.0,0.5753,55.9926,13.1088,7.9364,0.03,1020.2961
D43E8C25-FA9C-4A45-BC8E-53FDDE9AB05A,310104330002,2021-04-06T00:00:00+08:00,2025-07-14T08:04:13+08:00,2025-07-14T08:04:13+08:00,59.2243,60.64,58.8582,57.8408,52.4,78.0,0.9611,36.3571,16.933,1.8267,0.0,1020.591
D2FF9E92-0503-4931-A4BB-95CAA77B90B7,310104320001,2021-04-07T00:00:00+08:00,2025-07-14T08:04:12+08:00,2025-07-14T08:04:12+08:00,45.9627,49.8171,43.6251,39.8873,34.6,69.2,0.5008,54.8693,12.5319,5.4131,0.0,1020.8013
D24F536B-6A74-4A98-804F-8545A9A9F60E,310104330002,2021-04-07T00:00:00+08:00,2025-07-14T08:04:11+08:00,2025-07-14T08:04:11+08:00,61.3085,63.0587,60.5955,59.4852,55.0,77.3,0.999,39.6903,15.8278,1.4448,0.1834,1019.6007
FE53FA41-38D9-444B-8E47-8E174BC6EFF8,310104320001,2021-04-09T00:00:00+08:00,2025-07-14T08:04:39+08:00,2025-07-14T08:04:39+08:00,49.1436,51.6974,48.1893,45.9996,39.4,72.2,1.1368,30.6871,15.7909,1.9257,0.0,1023.4339
BFE9B140-5024-4F65-BCDC-70154FBE18EA,310104330002,2021-04-09T00:00:00+08:00,2025-07-14T08:03:55+08:00,2025-07-14T08:03:55+08:00,54.0185,55.8295,53.4542,52.535,48.9,68.7,0.54,59.4668,11.1349,1.1416,0.0,1021.3746
F9273298-7326-4FCE-A073-BC458B6CA262,310104340004,2021-04-09T00:00:00+08:00,2025-07-14T08:04:36+08:00,2025-07-14T08:04:36+08:00,50.1365,52.7552,48.9928,47.649,41.1,70.0,0.9711,52.9793,11.3989,2.6249,0.0,1022.2591
B3F2DA21-3F7F-43E0-A353-05A35FF8A576,310104330002,2021-04-10T00:00:00+08:00,2025-07-14T08:03:47+08:00,2025-07-14T08:03:47+08:00,54.5409,56.4663,53.832,53.0386,51.4,72.2,0.6358,61.9627,11.8875,1.3283,0.0,1023.9683
CBF58EDA-8E49-4608-9A84-E91EC637FBDD,310104340004,2021-04-10T00:00:00+08:00,2025-07-14T08:04:05+08:00,2025-07-14T08:04:05+08:00,50.214,52.3383,49.5146,48.523,43.7,65.7,1.0332,58.2985,12.3324,2.0273,0.0,1023.6209
CAFC1C6B-1502-43AF-BE09-413E304B7349,310104320001,2021-04-11T00:00:00+08:00,2025-07-14T08:04:05+08:00,2025-07-14T08:04:05+08:00,51.9008,55.26,50.3018,47.6202,42.8,74.2,0.9942,82.5446,15.3297,1.4531,0.2899,1021.4518
D7A6B572-8AEF-4161-9464-23B7D0577D86,310104320001,2021-04-12T00:00:00+08:00,2025-07-14T08:04:16+08:00,2025-07-14T08:04:16+08:00,49.4302,52.103,48.4409,46.4883,37.0,63.3,0.3998,82.4507,16.3487,5.4996,0.0,1015.1534
D332B94E-55A3-4A52-926B-26C91E161B40,310104340004,2021-04-12T00:00:00+08:00,2025-07-14T08:04:12+08:00,2025-07-14T08:04:12+08:00,52.9794,55.6252,51.9633,50.743,46.3,72.8,0.7348,81.5359,17.226,0.7395,0.0917,1012.9611
C7F9C929-6099-43AC-B20C-35CD109C0712,310104340004,2021-04-13T00:00:00+08:00,2025-07-14T08:04:02+08:00,2025-07-14T08:04:02+08:00,48.4987,51.0196,47.68,46.1737,39.8,68.1,0.7215,77.4671,14.8908,2.1042,0.0,1016.1282
E98A05FD-F00F-41C0-B67A-63DC7D5F714B,310104330002,2021-04-14T00:00:00+08:00,2025-07-14T08:04:27+08:00,2025-07-14T08:04:27+08:00,54.0749,55.7981,53.5295,52.693,50.5,72.1,0.8811,62.6333,11.6351,1.1138,0.08,1019.3334
E3E1474E-C0B4-40DC-B152-8FFFA23C64F1,310104330002,2021-04-15T00:00:00+08:00,2025-07-14T08:04:22+08:00,2025-07-14T08:04:22+08:00,55.5753,57.3826,54.8685,53.9676,52.2,70.3,0.6384,67.813,11.1144,1.0822,0.0,1016.7365
B3546E9D-972F-4A34-8256-CE31001B7BCA,310104340004,2021-04-15T00:00:00+08:00,2025-07-14T08:03:47+08:00,2025-07-14T08:03:47+08:00,50.5089,52.906,49.5869,48.473,41.8,69.2,0.8002,64.8362,11.5241,2.5006,0.0,1016.2118
C2A2C92D-4594-4A39-8B2A-B2D1DE89E25D,310104320001,2021-04-16T00:00:00+08:00,2025-07-14T08:03:58+08:00,2025-07-14T08:03:58+08:00,45.3345,48.2783,44.0407,41.7629,37.5,71.9,0.4099,81.0885,13.5662,2.956,0.0,1014.7246
CFEBD41D-DC5D-467A-A135-4AAE75C7D5EC,310104340004,2021-04-16T00:00:00+08:00,2025-07-14T08:04:10+08:00,2025-07-14T08:04:10+08:00,49.1368,51.7264,48.2955,46.8559,42.8,63.8,0.4242,79.9349,13.813,1.8839,0.0,1013.8009
CB72B85A-0B9D-4E22-BEF9-E0358DA35FE4,310104320001,2021-04-17T00:00:00+08:00,2025-07-14T08:04:05+08:00,2025-07-14T08:04:05+08:00,46.0756,50.27,43.6154,40.1796,34.4,68.3,0.3044,69.0931,14.9289,4.1714,0.0,1017.2745
FE4AC39D-093E-4A2C-83E6-43F0ADA14E6E,310104340004,2021-04-17T00:00:00+08:00,2025-07-14T08:04:39+08:00,2025-07-14T08:04:39+08:00,47.4071,50.3832,46.2457,44.501,36.2,66.8,0.4999,66.0086,15.73,3.1758,0.0,1016.3184
BF7AD45D-B876-4D9B-A453-68008CE5F99D,310104330002,2021-04-18T00:00:00+08:00,2025-07-14T08:03:55+08:00,2025-07-14T08:03:55+08:00,58.4729,59.996,58.1091,56.9502,52.8,74.2,1.4084,30.9492,16.6699,1.6316,0.0,1019.8083
FBC14361-93C4-4086-B715-C135C4685C59,310104320001,2021-04-19T00:00:00+08:00,2025-07-14T08:04:37+08:00,2025-07-14T08:04:37+08:00,47.2367,50.2972,46.2325,43.0555,36.7,67.0,0.6538,57.618,12.7526,3.2884,0.0,1017.533
B2940F67-8253-49A0-9398-E8A8B1F1B2C1,310104340004,2021-04-19T00:00:00+08:00,2025-07-14T08:03:47+08:00,2025-07-14T08:03:47+08:00,49.4969,52.1634,48.5551,47.2571,42.0,63.3,0.9289,57.8753,12.7439,3.0025,0.0,1016.6394
B8C984B6-C601-448F-B4F1-3028A00B6C01,310104320001,2021-04-20T00:00:00+08:00,2025-07-14T08:03:49+08:00,2025-07-14T08:03:49+08:00,47.347,50.7829,45.1774,42.257,38.0,70.9,1.1438,66.1883,14.0074,4.4669,0.0,1016.1573
BE1F035C-FDF6-45BB-9585-3A35FF951E03,310104330002,2021-04-20T00:00:00+08:00,2025-07-14T08:03:54+08:00,2025-07-14T08:03:54+08:00,55.8838,57.9991,55.1548,54.0693,51.9,72.0,1.2366,69.4028,13.561,0.9846,0.0,1015.8043
D1C19FB0-4856-49AD-A753-AE0C187EA5A1,310104340004,2021-04-20T00:00:00+08:00,2025-07-14T08:04:11+08:00,2025-07-14T08:04:11+08:00,51.4074,53.6106,50.6306,49.5276,45.3,72.1,1.3419,67.3642,13.9385,1.7633,0.0,1015.2543
BE1596D0-CA1E-4857-936D-7ED47AD71778,310104330002,2021-04-21T00:00:00+08:00,2025-07-14T08:03:54+08:00,2025-07-14T08:03:54+08:00,59.7329,61.2809,59.343,58.1374,52.3,76.6,2.8653,61.475,20.0686,1.4733,0.0,1014.474
ED43CA91-CA8B-4B79-B431-934712FB27F5,310104330002,2021-04-22T00:00:00+08:00,2025-07-14T08:04:28+08:00,2025-07-14T08:04:28+08:00,59.6198,61.2089,59.1392,58.0789,52.3,78.9,2.1103,72.4736,20.3802,2.3577,0.0,1009.8248
D63899EB-EF27-45FE-B119-F0B28A0B2722,310104340004,2021-04-22T00:00:00+08:00,2025-07-14T08:04:15+08:00,2025-07-14T08:04:15+08:00,53.3444,56.4587,51.9915,50.3807,43.7,77.2,1.3699,71.5158,20.8219,1.4178,0.0,1009.2675
E648BBDF-FB91-491F-889C-E1EB87FCE946,310104320001,2021-04-23T00:00:00+08:00,2025-07-14T08:04:25+08:00,2025-07-14T08:04:25+08:00,49.7291,53.0705,47.8957,45.1359,37.8,77.4,0.6839,71.2304,20.3719,1.9682,0.0,1011.1823
F8254695-35EA-4989-9505-3EE196B8C5D7,310104330002,2021-04-23T00:00:00+08:00,2025-07-14T08:04:35+08:00,2025-07-14T08:04:35+08:00,62.5323,66.2272,59.5695,57.9868,52.3,83.8,0.9457,69.1783,20.6335,3.5054,0.0,1010.8365
CDD06B9D-5D35-4E20-8DA5-AC759B7DC710,310104320001,2021-04-24T00:00:00+08:00,2025-07-14T08:04:06+08:00,2025-07-14T08:04:06+08:00,48.3521,51.5668,46.806,43.9667,35.4,71.2,0.5994,80.0547,18.1522,1.9259,0.0,1014.624
D94742CA-E5D0-446F-8F04-7BA1E6620B70,310104340004,2021-04-24T00:00:00+08:00,2025-07-14T08:04:17+08:00,2025-07-14T08:04:17+08:00,51.3886,54.4802,50.1039,48.2606,43.3,71.1,1.0369,77.4276,18.7012,1.0636,0.0667,1013.7392
DD9DA0B9-48FA-499C-A189-ED51E17E1FE5,310104320001,2021-04-25T00:00:00+08:00,2025-07-14T08:04:19+08:00,2025-07-14T08:04:19+08:00,44.5753,48.5124,42.6646,38.5659,32.4,67.2,0.4777,80.3614,17.5552,4.2839,0.0,1016.2156
D28D751D-631B-4DDD-BEE5-C037F8E5DDBC,310104330002,2021-04-25T00:00:00+08:00,2025-07-14T08:04:12+08:00,2025-07-14T08:04:12+08:00,54.7448,57.2342,53.5088,52.5792,51.3,81.3,0.7757,79.9611,17.4779,1.7211,0.0,1015.7879
BF8D9C5A-4A13-4392-8E47-0111E138F605,310104340004,2021-04-25T00:00:00+08:00,2025-07-14T08:03:55+08:00,2025-07-14T08:03:55+08:00,47.3881,50.0299,46.4877,44.8671,37.8,63.7,0.7566,80.3499,17.7973,2.9716,0.0,1015.3072
E0790BCB-A6CF-4401-86B2-0113E0173B1D,310104330002,2021-04-26T00:00:00+08:00,2025-07-14T08:04:21+08:00,2025-07-14T08:04:21+08:00,59.5146,61.2803,58.7268,57.6776,53.3,89.2,1.7102,50.5992,20.4457,1.7966,0.0,1016.2486
C6A65D3B-1028-465B-8D78-64762E7D3F4A,310104340004,2021-04-26T00:00:00+08:00,2025-07-14T08:04:01+08:00,2025-07-14T08:04:01+08:00,48.1456,50.6146,47.2484,45.9328,40.1,69.7,0.8786,68.0509,16.6719,2.7089,0.0,1016.813
EA196CF3-0A13-4BBD-AA33-F4351DEAF97F,310104320001,2021-04-27T00:00:00+08:00,2025-07-14T08:04:27+08:00,2025-07-14T08:04:27+08:00,44.371,47.7232,42.5852,40.1334,34.7,65.7,0.7298,80.812,16.9546,3.3117,0.0717,1015.7655
F86D8938-6346-435D-A8DD-E9B45FE9AA3D,310104330002,2021-04-27T00:00:00+08:00,2025-07-14T08:04:35+08:00,2025-07-14T08:04:35+08:00,58.5701,59.9438,58.188,57.2411,51.6,75.0,0.7244,79.3206,18.1304,2.2599,0.21,1014.8586
F25A9ED8-BF03-4623-9440-8DA7058E6981,310104340004,2021-04-27T00:00:00+08:00,2025-07-14T08:04:31+08:00,2025-07-14T08:04:31+08:00,48.1233,50.8156,47.0727,46.0322,40.2,70.7,0.8674,80.4444,17.1939,2.072,0.0,1014.9758
E73CA17D-BDEE-48B6-9790-E7D52324BE98,310104330002,2021-04-28T00:00:00+08:00,2025-07-14T08:04:25+08:00,2025-07-14T08:04:25+08:00,54.9361,57.5424,53.8211,52.5393,50.2,74.1,0.5816,80.493,17.469,2.2924,0.0,1015.4047
DD9A2B54-FC5B-41D9-85DC-7252EA611BE7,310104320001,2021-04-29T00:00:00+08:00,2025-07-14T08:04:19+08:00,2025-07-14T08:04:19+08:00,45.1415,48.7332,43.4101,40.2118,33.6,64.6,0.2617,71.9143,18.3696,3.7457,0.0,1010.2644
E45A3087-F464-41A7-A54A-A6D6F2FE3FFE,310104340004,2021-04-29T00:00:00+08:00,2025-07-14T08:04:24+08:00,2025-07-14T08:04:24+08:00,48.0212,50.5757,47.1912,45.8496,38.2,64.8,0.8408,69.6673,19.0148,3.1056,0.0,1009.4737
B77DBF68-0780-48B6-BCAB-48AE9E60C4A8,310104320001,2021-04-30T00:00:00+08:00,2025-07-14T08:03:49+08:00,2025-07-14T08:03:49+08:00,51.764,54.2442,50.7689,48.9853,41.2,79.5,1.0126,34.8719,26.9431,2.9148,0.0,1000.642
EE496CCB-13FD-40EE-A394-0BED60515E9C,310104330002,2021-04-30T00:00:00+08:00,2025-07-14T08:04:29+08:00,2025-07-14T08:04:29+08:00,55.4752,57.4102,54.6267,53.6414,50.6,75.2,0.9705,52.3991,19.9682,1.6001,0.0067,1005.6623
DA6DF65F-98FC-41BB-89B0-A00BF2FDEEBF,310104340004,2021-04-30T00:00:00+08:00,2025-07-14T08:04:17+08:00,2025-07-14T08:04:17+08:00,49.1609,51.6527,48.0629,46.5896,39.3,76.0,1.1599,52.1807,20.0827,3.2964,0.0,1005.1488
C04EA0E4-329A-47EA-86F2-1045B388DA9F,310104340004,2021-05-01T00:00:00+08:00,2025-07-14T08:03:55+08:00,2025-07-14T08:03:55+08:00,50.8345,53.9855,49.552,47.8919,43.0,68.3,1.5956,36.394,21.8535,0.7263,0.0,1010.2271
D6FF38D3-BC8B-44CE-ACC5-D7DC60287B70,310104320001,2021-05-02T00:00:00+08:00,2025-07-14T08:04:15+08:00,2025-07-14T08:04:15+08:00,45.2067,48.8885,43.4309,40.1651,35.3,66.0,0.6114,66.6058,15.4548,3.6332,0.0,1015.7137
D0F7B94C-EC36-41A8-A8E1-2EBD22A1C887,310104320001,2021-05-03T00:00:00+08:00,2025-07-14T08:04:11+08:00,2025-07-14T08:04:11+08:00,47.1722,50.8486,45.2474,42.0055,36.8,71.6,1.2242,62.9782,16.4662,4.2918,0.0133,1014.6042
D8F7ABE8-49A4-4C10-B836-4FBFD3510D29,310104320001,2021-05-04T00:00:00+08:00,2025-07-14T08:04:17+08:00,2025-07-14T08:04:17+08:00,49.5938,53.1667,47.6514,44.8065,39.9,70.5,0.7704,80.179,20.4065,2.6225,0.22,1007.0203
E88AC8FD-1894-4CDD-A5C7-E0EBC948CD3F,310104330002,2021-05-04T00:00:00+08:00,2025-07-14T08:04:26+08:00,2025-07-14T08:04:26+08:00,57.3764,58.5869,57.0849,56.2774,52.8,74.0,1.5391,77.2791,20.8223,1.2229,0.1334,1006.4809
BC1C5057-F294-4C3C-9F8C-10CF743E55EB,310104340004,2021-05-04T00:00:00+08:00,2025-07-14T08:03:53+08:00,2025-07-14T08:03:53+08:00,52.0815,54.9372,51.0521,49.7418,45.5,69.8,1.9962,78.2069,20.7817,1.0078,0.0632,1006.0392
E093E9D6-AC28-4A20-B88D-00BE415EE059,310104320001,2021-05-05T00:00:00+08:00,2025-07-14T08:04:21+08:00,2025-07-14T08:04:21+08:00,47.294,51.2374,44.6656,40.916,35.3,74.2,0.4458,68.9359,16.042,5.0529,0.0,1015.3616
E42AB53E-2A1A-497F-B0B9-B02F84D8555B,310104330002,2021-05-05T00:00:00+08:00,2025-07-14T08:04:22+08:00,2025-07-14T08:04:22+08:00,58.2372,59.6044,57.8987,57.0235,53.5,73.3,1.5132,41.1864,21.9454,0.8455,0.0,1016.9057
FC91EA54-5181-41B0-AAEE-6A580A81D370,310104340004,2021-05-06T00:00:00+08:00,2025-07-14T08:04:38+08:00,2025-07-14T08:04:38+08:00,48.5783,51.2426,47.6459,46.3108,41.4,64.2,0.8228,48.6272,17.8183,2.2821,0.0,1013.9274
CE87CF1D-DEDE-48BE-B924-018E5AD7FC82,310104340004,2021-05-07T00:00:00+08:00,2025-07-14T08:04:08+08:00,2025-07-14T08:04:08+08:00,52.2887,54.9969,51.3102,49.8056,44.6,72.2,1.3628,42.939,25.0923,0.656,0.0,1008.7891
E2E66B7C-5FAA-40ED-A272-A7F44DFDB3BA,310104320001,2021-05-08T00:00:00+08:00,2025-07-14T08:04:22+08:00,2025-07-14T08:04:22+08:00,50.4866,53.6111,48.9532,46.3685,39.6,77.5,0.5827,50.3194,26.2256,2.2981,0.0,1001.552
DBC64101-06AE-4767-B7B7-CE6BF234C5B8,310104320001,2021-05-09T00:00:00+08:00,2025-07-14T08:04:18+08:00,2025-07-14T08:04:18+08:00,48.4338,51.4502,46.949,44.3183,38.4,71.3,0.9419,46.6358,29.0293,1.5759,0.0,1006.2586
FF4F64C3-CC23-4E05-8E84-D17B0267CA2B,310104330002,2021-05-09T00:00:00+08:00,2025-07-14T08:04:39+08:00,2025-07-14T08:04:39+08:00,55.3093,56.5785,54.984,54.3289,51.2,71.7,0.8867,72.7492,21.8945,0.8612,0.0,1005.5823
D96A14AE-AFAC-42F1-972A-C9991369E62A,310104340004,2021-05-10T00:00:00+08:00,2025-07-14T08:04:17+08:00,2025-07-14T08:04:17+08:00,48.9137,51.4509,47.9386,46.3992,42.1,71.0,0.9872,68.5039,22.2128,2.5587,0.0,1003.9096
F98C0EB1-5804-4D06-A27D-9988F4E0065D,310104330002,2021-05-11T00:00:00+08:00,2025-07-14T08:04:36+08:00,2025-07-14T08:04:36+08:00,58.9687,60.3219,58.602,57.7123,52.8,80.1,0.7573,75.2009,24.1543,1.2778,0.1251,1003.7766
C0E032FF-785A-49B4-B672-900438B53432,310104330002,2021-05-12T00:00:00+08:00,2025-07-14T08:03:57+08:00,2025-07-14T08:03:57+08:00,61.1951,63.6755,59.7465,58.5285,52.9,82.0,1.0321,70.9606,22.0998,2.4212,0.0,1006.979
CA3A6C82-1D87-4FDE-B7D1-70F4C1D5B705,310104340004,2021-05-12T00:00:00+08:00,2025-07-14T08:04:04+08:00,2025-07-14T08:04:04+08:00,47.7568,50.2316,46.9814,45.6827,40.5,63.8,0.9497,83.1781,20.6907,1.8971,0.075,1005.75
DE5CB9C1-0ECC-4836-AF4C-7C80110AE835,310104320001,2021-05-13T00:00:00+08:00,2025-07-14T08:04:20+08:00,2025-07-14T08:04:20+08:00,47.4249,51.0229,46.0879,41.2132,34.4,66.8,1.0498,82.0366,19.593,5.0822,0.0,1007.911
C61B4E46-EE8C-4531-AEAA-C6A30BAA5AF7,310104330002,2021-05-13T00:00:00+08:00,2025-07-14T08:04:01+08:00,2025-07-14T08:04:01+08:00,59.0565,60.667,58.5672,57.5567,52.8,77.3,0.9503,80.0265,20.6106,1.7488,0.05,1007.9916
EF838315-EF2F-481C-9AC8-BB97053EAA59,310104330002,2021-05-14T00:00:00+08:00,2025-07-14T08:04:30+08:00,2025-07-14T08:04:30+08:00,60.902,62.7068,60.5651,58.7754,53.8,80.3,1.2662,74.6134,25.0517,1.7167,0.1617,1005.0319
F95BE6E2-237D-4C02-A20B-097AC0102D6F,310104340004,2021-05-14T00:00:00+08:00,2025-07-14T08:04:36+08:00,2025-07-14T08:04:36+08:00,48.01,50.5696,47.1536,45.9367,41.2,64.0,1.017,87.4227,20.6392,2.3315,0.2403,1005.9153
E8AFE356-0E12-408D-BBE4-EBFD5F50A0FE,310104320001,2021-05-15T00:00:00+08:00,2025-07-14T08:04:26+08:00,2025-07-14T08:04:26+08:00,48.8247,51.5125,47.52,45.554,41.4,76.5,0.9025,61.5034,30.0884,1.3169,0.0,1001.1904
F8247AC7-99BA-4D61-8CEE-43A2761FF520,310104330002,2021-05-15T00:00:00+08:00,2025-07-14T08:04:35+08:00,2025-07-14T08:04:35+08:00,55.101,56.2002,54.8472,54.2374,52.6,69.4,1.0516,79.4073,24.1767,0.6484,0.0,1002.712
BFF287D4-8528-43B0-8A26-B6DAF9E9F0E0,310104340004,2021-05-15T00:00:00+08:00,2025-07-14T08:03:55+08:00,2025-07-14T08:03:55+08:00,52.7431,55.3733,51.7882,50.5875,45.4,74.9,1.6985,59.8767,30.3801,1.2374,0.0,1000.8471
CAAA8268-7508-485F-897A-FC882E07F8AC,310104320001,2021-05-16T00:00:00+08:00,2025-07-14T08:04:04+08:00,2025-07-14T08:04:04+08:00,43.0861,45.7145,42.0527,40.4986,37.2,59.9,0.5045,73.3789,24.2362,1.2573,0.0033,1003.2688
D449D842-55FF-49FD-A401-219660229BE3,310104340004,2021-05-16T00:00:00+08:00,2025-07-14T08:04:13+08:00,2025-07-14T08:04:13+08:00,49.3599,52.4266,48.0582,46.8323,42.7,65.9,0.8176,71.3682,24.8503,0.813,0.0,1002.5207
F3CCEA2C-F476-4348-9DB1-F6637023F8AB,310104320001,2021-05-17T00:00:00+08:00,2025-07-14T08:04:32+08:00,2025-07-14T08:04:32+08:00,49.5251,53.5217,46.9058,40.6084,35.7,78.2,0.5364,72.333,17.3086,6.1593,0.0833,1010.5784
CC5CEFFB-A2B2-4BFA-AB72-D3757DE54070,310104330002,2021-05-17T00:00:00+08:00,2025-07-14T08:04:06+08:00,2025-07-14T08:04:06+08:00,55.5743,57.4902,54.8571,53.8924,52.1,75.2,0.938,72.9571,17.0724,1.6213,0.125,1009.9295
BC720428-10BC-46E0-91C2-BB65A139468E,310104340004,2021-05-17T00:00:00+08:00,2025-07-14T08:03:53+08:00,2025-07-14T08:03:53+08:00,48.2192,50.7988,47.3284,45.7652,39.0,62.8,1.0314,70.647,17.3044,2.0229,0.1234,1009.7212
F790C299-3BF1-45E1-835E-B9B2D24CA716,310104340004,2021-05-18T00:00:00+08:00,2025-07-14T08:04:35+08:00,2025-07-14T08:04:35+08:00,48.2921,50.9631,47.2427,45.6609,39.2,67.7,0.5237,67.3718,18.4782,2.7182,0.4851,1010.2733
E21F2C2A-4B7F-4EDB-A73F-DD71E649E7C1,310104320001,2021-05-19T00:00:00+08:00,2025-07-14T08:04:22+08:00,2025-07-14T08:04:22+08:00,49.7322,52.6035,48.5828,46.3856,41.1,66.7,1.1856,63.764,19.8841,1.3587,0.0384,1004.8321
D20B0829-E00F-4428-B650-4DA3615C827C,310104340004,2021-05-20T00:00:00+08:00,2025-07-14T08:04:11+08:00,2025-07-14T08:04:11+08:00,47.4703,49.9233,46.7099,45.3746,39.7,64.2,0.7468,81.7317,19.0613,1.5483,0.095,1003.7316
BECC051C-3EBE-4873-9FEF-645C912CD4B7,310104330002,2021-05-21T00:00:00+08:00,2025-07-14T08:03:54+08:00,2025-07-14T08:03:54+08:00,59.8499,61.2569,59.4694,58.4439,53.0,79.9,1.6551,60.6087,21.3697,1.5228,0.0,1009.0968
F9DF6D90-ED09-4D2A-8E84-2F7712EBF767,310104320001,2021-05-22T00:00:00+08:00,2025-07-14T08:04:36+08:00,2025-07-14T08:04:36+08:00,52.1319,55.7289,50.0177,46.7863,34.5,77.2,0.8922,74.8806,19.3332,7.1793,0.0,1008.5791
F90CD7EB-B6E4-4C95-80CB-8B8BA733FC3B,310104330002,2021-05-23T00:00:00+08:00,2025-07-14T08:04:36+08:00,2025-07-14T08:04:36+08:00,57.7124,59.3931,57.1995,56.2144,52.8,75.3,1.2471,83.3007,19.0191,2.51,0.015,1006.8094
C742B465-7C34-422B-8654-89B291F323E9,310104320001,2021-05-25T00:00:00+08:00,2025-07-14T08:04:01+08:00,2025-07-14T08:04:01+08:00,47.0595,49.3222,43.8652,40.2068,35.5,82.5,0.3833,71.4732,21.7557,5.0601,0.0,1009.5219
ED0BD56E-8B4B-43FC-A5F0-7393417A10BE,310104340004,2021-05-25T00:00:00+08:00,2025-07-14T08:04:28+08:00,2025-07-14T08:04:28+08:00,51.502,54.2205,50.4365,49.268,45.1,75.0,1.3491,49.4719,27.1187,0.7882,0.0,1008.8601
EC9D4ED4-F066-4B95-9DD3-BA68BA9F89FC,310104330002,2021-05-26T00:00:00+08:00,2025-07-14T08:04:28+08:00,2025-07-14T08:04:28+08:00,56.0615,58.4843,55.0218,54.227,52.3,74.7,0.8868,72.4013,21.8807,1.5176,0.1867,1005.6933
FE621C5A-AF64-45FD-943A-A054C38E80C0,310104320001,2021-05-28T00:00:00+08:00,2025-07-14T08:04:39+08:00,2025-07-14T08:04:39+08:00,48.2527,52.0009,45.1212,41.4459,37.1,75.4,0.5692,72.8731,22.0103,5.4202,0.0,1004.527
D2B20816-E122-48D7-80FF-C8DA1D5A5244,310104330002,2021-05-28T00:00:00+08:00,2025-07-14T08:04:12+08:00,2025-07-14T08:04:12+08:00,58.9668,60.2086,58.6556,57.785,52.5,79.9,1.0785,51.9497,26.3656,1.646,0.0,1004.5494
CBAABFC2-2650-4A3A-BC75-6F835B7AA8D2,310104320001,2021-05-29T00:00:00+08:00,2025-07-14T08:04:05+08:00,2025-07-14T08:04:05+08:00,48.7055,51.7016,46.8862,44.837,39.0,77.2,1.1626,49.7747,25.2461,1.615,0.0,1004.2187
D13774F4-700A-4778-97A2-0B003E3CBC56,310104330002,2021-05-29T00:00:00+08:00,2025-07-14T08:04:11+08:00,2025-07-14T08:04:11+08:00,54.9173,56.652,54.3679,53.5606,49.8,72.3,0.8174,59.1462,21.1059,1.659,0.0,1006.6724
E9DE1521-6C9A-40C6-B3D0-17C47526950C,310104340004,2021-05-29T00:00:00+08:00,2025-07-14T08:04:27+08:00,2025-07-14T08:04:27+08:00,52.1029,55.3443,50.5603,48.8788,45.0,71.6,1.2888,47.8546,25.9171,1.1223,0.0,1004.514
B15C9D3D-3736-4C51-8A9B-7391D95B193B,310104340004,2021-05-30T00:00:00+08:00,2025-07-14T08:03:46+08:00,2025-07-14T08:03:46+08:00,51.1277,54.3347,49.588,47.8489,43.2,75.5,1.2342,49.7327,28.5291,0.9672,0.0,1004.093
EC59F8B1-FDC6-43D4-8E76-13937793A382,310104330002,2021-05-31T00:00:00+08:00,2025-07-14T08:04:28+08:00,2025-07-14T08:04:28+08:00,53.9916,56.3028,53.0542,51.9041,49.0,71.2,1.7086,73.8453,21.5307,1.8926,0.0,1005.7986
B298E029-635A-4F1D-A576-2766ABD2FBED,310104340004,2021-05-31T00:00:00+08:00,2025-07-14T08:03:47+08:00,2025-07-14T08:03:47+08:00,48.5919,51.0125,47.7539,46.4162,41.4,63.8,1.1208,72.1404,21.7608,2.8355,0.0,1005.5643
E1CE2451-A732-441C-858E-EDE90555B743,310104320001,2021-06-01T00:00:00+08:00,2025-07-14T08:04:22+08:00,2025-07-14T08:04:22+08:00,50.8835,52.8902,50.3767,48.5172,42.0,70.5,1.4932,68.2793,24.907,2.5737,0.1517,1005.0721
C9AC779E-61E6-4284-A941-4E1113CC3337,310104330002,2021-06-01T00:00:00+08:00,2025-07-14T08:04:04+08:00,2025-07-14T08:04:04+08:00,54.1838,56.4505,53.3151,52.3398,50.0,73.5,2.1165,76.1439,21.4866,1.5312,0.0834,1007.4425
E84ED5E5-CC14-4C1C-818B-CF10B759D586,310104330002,2021-06-02T00:00:00+08:00,2025-07-14T08:04:26+08:00,2025-07-14T08:04:26+08:00,52.966,54.5988,52.4594,51.5114,49.0,70.9,0.925,81.7817,20.9012,1.0985,0.0333,1006.3435
E8205225-1512-4DA0-8F2E-61FB6ABDB2EA,310104340004,2021-06-02T00:00:00+08:00,2025-07-14T08:04:26+08:00,2025-07-14T08:04:26+08:00,48.5078,51.0381,47.3911,46.0298,41.9,68.3,1.4459,79.812,21.2085,1.2472,0.1,1005.8055
C8952A73-643C-43EC-AE73-EE5C24E73DB8,310104330002,2021-06-03T00:00:00+08:00,2025-07-14T08:04:02+08:00,2025-07-14T08:04:02+08:00,51.8638,53.6422,51.2981,50.4498,47.7,67.6,0.5012,80.3831,21.8976,1.3597,0.0,1003.288
BAA30D61-62DA-4447-8A1A-6AA0C2C75F5B,310104340004,2021-06-03T00:00:00+08:00,2025-07-14T08:03:52+08:00,2025-07-14T08:03:52+08:00,56.2731,59.7194,52.5834,49.6782,43.8,94.1,1.1469,68.1769,25.2276,3.9225,0.3501,1001.7687
F999B6D4-98CE-4B1C-85E1-945B9F20F3C1,310104320001,2021-06-04T00:00:00+08:00,2025-07-14T08:04:36+08:00,2025-07-14T08:04:36+08:00,45.5278,49.4475,43.0776,40.0323,34.0,68.9,0.3605,80.8227,19.1238,4.235,0.0967,1005.477
E0BFEB79-800A-4E1A-8BAE-2AF1004E6ADD,310104330002,2021-06-04T00:00:00+08:00,2025-07-14T08:04:21+08:00,2025-07-14T08:04:21+08:00,52.3428,54.7129,51.5688,50.6495,48.7,74.7,0.6506,78.9676,18.9433,1.3622,0.15,1005.2727
D4349D8B-BC38-46BF-A59D-1A92CE3AA685,310104320001,2021-06-05T00:00:00+08:00,2025-07-14T08:04:13+08:00,2025-07-14T08:04:13+08:00,46.5462,50.3604,44.1514,40.887,35.4,68.1,0.5037,76.5733,20.8415,4.2051,0.0,1004.0012
F599B821-B533-40ED-82A5-8FCE173DD726,310104330002,2021-06-05T00:00:00+08:00,2025-07-14T08:04:33+08:00,2025-07-14T08:04:33+08:00,53.6408,56.2128,52.5074,51.6487,49.7,76.1,0.8288,74.7142,20.7882,2.145,0.0,1003.4791
CE680C70-6D10-4763-9B40-ABF69F79D645,310104320001,2021-06-06T00:00:00+08:00,2025-07-14T08:04:08+08:00,2025-07-14T08:04:08+08:00,44.0248,46.534,42.0228,40.5716,37.2,74.4,0.5196,67.226,21.8845,2.7899,0.0,1004.61
F4E06DA2-C52F-4597-9EFF-178BEDEB5C51,310104330002,2021-06-06T00:00:00+08:00,2025-07-14T08:04:33+08:00,2025-07-14T08:04:33+08:00,58.7063,60.2827,58.3317,57.0206,50.1,81.2,1.7495,42.3665,28.4275,1.9638,0.0,1005.3358
EEDCFC14-D8E7-4835-958F-73590033BC4F,310104340004,2021-06-06T00:00:00+08:00,2025-07-14T08:04:29+08:00,2025-07-14T08:04:29+08:00,47.7313,50.4422,46.7675,45.4596,40.8,61.5,0.6758,68.5827,21.9281,2.7716,0.0,1004.0668
F4E7D5EA-7D5D-449E-97A2-6B07491FC1B7,310104320001,2021-06-08T00:00:00+08:00,2025-07-14T08:04:33+08:00,2025-07-14T08:04:33+08:00,49.0122,51.4212,48.1049,46.6034,40.5,68.1,0.8102,66.8364,26.4309,1.8644,0.0,1005.9928
D2F298F8-B226-4AFA-8982-686B64151515,310104330002,2021-06-08T00:00:00+08:00,2025-07-14T08:04:12+08:00,2025-07-14T08:04:12+08:00,58.2437,59.6291,57.8773,56.8537,50.2,77.5,1.1029,67.5197,26.2674,2.5086,0.0333,1008.702
EE68C08F-D0BF-4EE1-AD1B-98B02CD936E8,310104340004,2021-06-08T00:00:00+08:00,2025-07-14T08:04:29+08:00,2025-07-14T08:04:29+08:00,48.1422,51.0596,46.8986,45.3105,39.7,67.8,1.0131,80.3851,23.2167,2.7677,0.0,1008.8858
F875C3D3-7D29-46E6-AFF7-EA60BA048B24,310104320001,2021-06-09T00:00:00+08:00,2025-07-14T08:04:35+08:00,2025-07-14T08:04:35+08:00,45.4368,49.1522,43.0886,40.9859,35.7,73.5,0.8267,81.8239,24.107,4.5153,0.1867,1007.8988
E25B67D0-A3A4-4A66-98BC-57B9C6A158B5,310104320001,2021-06-10T00:00:00+08:00,2025-07-14T08:04:22+08:00,2025-07-14T08:04:22+08:00,44.8163,47.8061,43.4807,41.2417,36.5,64.3,1.0275,83.7389,24.5384,3.4852,0.0217,1006.3559
F8BAD958-5F3E-41D3-B52F-90E64232D146,310104330002,2021-06-10T00:00:00+08:00,2025-07-14T08:04:35+08:00,2025-07-14T08:04:35+08:00,52.8122,54.8919,52.0704,51.008,48.6,71.0,1.8245,84.6334,24.2964,1.639,0.0167,1006.0261
B0BCA345-7521-45A9-AD76-538635A588B3,310104330002,2021-06-11T00:00:00+08:00,2025-07-14T08:03:45+08:00,2025-07-14T08:03:45+08:00,53.2271,54.6678,52.7365,52.0213,49.4,73.6,0.4925,84.1482,23.887,1.0172,0.09,1006.3896
FA53743B-B857-4A7F-AEFF-D385785CA846,310104320001,2021-06-13T00:00:00+08:00,2025-07-14T08:04:36+08:00,2025-07-14T08:04:36+08:00,44.7198,48.9568,42.0688,40.1567,36.6,73.6,0.4713,80.7348,25.3299,3.4681,0.0,1006.9248
BEAE4AB8-DC16-44E5-9E2C-9E9840227C34,310104330002,2021-06-13T00:00:00+08:00,2025-07-14T08:03:54+08:00,2025-07-14T08:03:54+08:00,54.9854,57.0935,54.1599,53.458,52.5,71.2,0.5976,79.7498,25.3956,1.3321,0.0517,1006.7818
B2ABB06C-2459-42DE-968F-EE1D0B7A179B,310104330002,2021-06-14T00:00:00+08:00,2025-07-14T08:03:47+08:00,2025-07-14T08:03:47+08:00,57.9239,59.3059,57.5808,56.6003,51.3,75.2,1.3164,76.2811,26.5811,1.9303,0.0,1001.1163
C7572315-6815-4D4A-AE3D-3CD7010E48ED,310104320001,2021-06-15T00:00:00+08:00,2025-07-14T08:04:02+08:00,2025-07-14T08:04:02+08:00,50.7364,52.6091,50.0732,48.9677,44.0,73.6,0.4763,72.8772,29.4001,1.2491,0.2867,992.734
D9A56897-10DA-43D8-9DEC-051170E8C177,310104330002,2021-06-15T00:00:00+08:00,2025-07-14T08:04:17+08:00,2025-07-14T08:04:17+08:00,59.7896,61.2613,59.5609,58.1265,53.1,74.9,0.937,66.6225,30.5898,2.5674,0.2015,995.8972
B95D2ED0-D46E-48D9-86D7-8D70D7F67E19,310104340004,2021-06-15T00:00:00+08:00,2025-07-14T08:03:51+08:00,2025-07-14T08:03:51+08:00,48.7246,51.4159,47.8839,46.1411,41.8,67.6,0.6285,83.0648,26.324,2.5626,0.0,996.5136
F2CB556F-3A2B-4F44-8B00-1C16B460B349,310104330002,2021-06-16T00:00:00+08:00,2025-07-14T08:04:32+08:00,2025-07-14T08:04:32+08:00,54.6443,55.5146,54.4829,53.9228,52.2,65.5,0.9035,75.3286,25.2754,0.2614,0.0,999.2009
D8D2CF94-4003-4EE6-991B-7158EF4C6E9A,310104340004,2021-06-16T00:00:00+08:00,2025-07-14T08:04:16+08:00,2025-07-14T08:04:16+08:00,52.1247,54.4855,51.3096,50.1747,43.4,70.4,1.1537,67.6319,26.7182,1.0678,0.0,1000.8834
DBFF9ACF-2E0C-404D-85A7-B891D5388394,310104320001,2021-06-17T00:00:00+08:00,2025-07-14T08:04:18+08:00,2025-07-14T08:04:18+08:00,44.4673,47.496,43.2005,40.8708,36.6,64.0,0.7254,82.4555,23.8428,3.3162,0.1616,1002.6979
DD8D7AB1-D133-437A-ACD1-9078E2DE3AFB,310104340004,2021-06-17T00:00:00+08:00,2025-07-14T08:04:19+08:00,2025-07-14T08:04:19+08:00,47.8191,50.8329,46.6035,45.0517,38.2,67.7,0.8505,81.2893,24.0456,2.9518,0.045,1002.0094
E86DDAA2-205D-4AF8-9B1B-9545F11CBAD0,310104320001,2021-06-18T00:00:00+08:00,2025-07-14T08:04:26+08:00,2025-07-14T08:04:26+08:00,51.2637,54.4654,49.5101,47.4719,40.7,71.6,0.5572,78.8394,25.1854,2.5955,0.09,998.721
BC215185-553E-46A4-B2B2-773FC3CBD6A6,310104330002,2021-06-18T00:00:00+08:00,2025-07-14T08:03:53+08:00,2025-07-14T08:03:53+08:00,54.7022,55.7876,54.429,53.8585,52.6,67.0,0.665,82.2046,24.1192,0.8254,0.09,1001.1464
C917C1EF-E1D5-4F50-8F64-7F6D6C555DE1,310104340004,2021-06-18T00:00:00+08:00,2025-07-14T08:04:04+08:00,2025-07-14T08:04:04+08:00,47.5783,49.9404,46.3718,45.3385,40.9,76.2,0.5716,82.6865,24.7844,2.1986,0.0,1000.4767
B6B27D8A-4D81-422D-B886-E7140BD5BAE0,310104320001,2021-06-19T00:00:00+08:00,2025-07-14T08:03:49+08:00,2025-07-14T08:03:49+08:00,47.2908,51.628,44.0252,42.4962,37.4,76.4,0.4898,84.0126,20.1232,3.7917,0.0383,1001.7743
F72607E2-5765-42A5-A163-5C981E43E425,310104330002,2021-06-21T00:00:00+08:00,2025-07-14T08:04:34+08:00,2025-07-14T08:04:34+08:00,55.3296,57.0975,54.7002,53.9654,52.7,71.8,0.3561,77.9188,22.4255,1.3551,0.0,1002.8212
FEA582B5-90C6-49F9-8B05-ED32FDF0A3EC,310104340004,2021-06-21T00:00:00+08:00,2025-07-14T08:04:39+08:00,2025-07-14T08:04:39+08:00,48.4276,51.6677,47.0352,45.4413,39.8,68.3,0.4756,77.0157,22.6687,3.5737,0.0,1002.2378
D20F9A54-9FC8-42F1-9A2A-E5CA0BE1E685,310104320001,2021-06-22T00:00:00+08:00,2025-07-14T08:04:11+08:00,2025-07-14T08:04:11+08:00,45.9031,49.4387,44.2499,40.5029,36.2,70.9,0.3616,69.626,22.9805,4.4917,0.0,1005.799
DD5F8245-FDBB-4CA0-86B3-D99FE39180B4,310104320001,2021-06-23T00:00:00+08:00,2025-07-14T08:04:19+08:00,2025-07-14T08:04:19+08:00,48.3221,52.7624,44.7947,40.8571,36.2,71.5,0.3046,65.981,22.8545,5.4973,0.0,1007.7201
FDAD24FA-47D0-4002-94C4-DAD8ECE72B32,310104330002,2021-06-23T00:00:00+08:00,2025-07-14T08:04:38+08:00,2025-07-14T08:04:38+08:00,55.329,56.5358,55.009,54.3819,53.3,70.3,0.4725,70.4079,23.2487,0.9096,0.0,1007.9859
D8CE1410-A743-4096-94FE-FE53594ECB74,310104340004,2021-06-25T00:00:00+08:00,2025-07-14T08:04:16+08:00,2025-07-14T08:04:16+08:00,53.4466,55.8139,52.57,51.405,45.1,68.8,1.5558,56.7556,28.5477,1.3735,0.0,1005.2888
C861BA58-6EB1-4043-9719-22C16D6820D9,310104320001,2021-06-26T00:00:00+08:00,2025-07-14T08:04:02+08:00,2025-07-14T08:04:02+08:00,50.905,53.8721,49.4391,47.598,42.6,70.3,0.9633,77.972,25.5179,2.1676,0.12,1001.2919
B1CC4E9D-0B97-4DE6-8001-6DE23D906408,310104330002,2021-06-26T00:00:00+08:00,2025-07-14T08:03:46+08:00,2025-07-14T08:03:46+08:00,55.7895,57.3018,55.3679,54.5262,52.1,68.9,1.3991,81.359,24.5777,1.0933,0.045,1004.5525
BAF90CC7-40C5-45B9-8080-348DC4BF783C,310104340004,2021-06-26T00:00:00+08:00,2025-07-14T08:03:52+08:00,2025-07-14T08:03:52+08:00,51.7035,54.7004,50.4547,49.1434,44.8,73.2,1.0568,76.9725,25.821,0.6756,0.1583,1003.3616
B7967B87-CDA0-4A7B-A211-0A6A4920359A,310104320001,2021-06-27T00:00:00+08:00,2025-07-14T08:03:49+08:00,2025-07-14T08:03:49+08:00,50.3937,54.522,48.006,41.5776,37.6,71.7,0.4274,87.259,24.2106,5.7116,0.2633,1002.4444
C105BAD3-0423-43C4-843D-E4F73EC7320C,310104320001,2021-06-28T00:00:00+08:00,2025-07-14T08:03:57+08:00,2025-07-14T08:03:57+08:00,52.5256,55.2143,51.6004,48.9379,40.9,71.2,0.9526,71.595,26.7299,3.1463,0.0,998.3733
D188A22E-289A-4155-9502-D5C4C580EAE1,310104340004,2021-06-28T00:00:00+08:00,2025-07-14T08:04:11+08:00,2025-07-14T08:04:11+08:00,47.6215,50.1502,46.7711,45.4372,40.3,65.7,0.7915,83.2625,24.8976,2.1736,0.0,1000.078
BC386288-1FBD-44AF-9E3B-3A67A9699B87,310104340004,2021-06-29T00:00:00+08:00,2025-07-14T08:03:53+08:00,2025-07-14T08:03:53+08:00,47.3111,49.8323,46.3868,45.002,40.5,66.7,0.7141,77.9293,24.5839,2.2087,0.0,1002.076
D08F535B-CA79-4D65-894A-D2CD60B2C429,310104320001,2021-06-30T00:00:00+08:00,2025-07-14T08:04:10+08:00,2025-07-14T08:04:10+08:00,54.1737,56.9233,53.2991,50.1204,39.6,76.7,1.0047,66.2318,26.8994,4.2158,0.0,1000.7838
B63F4335-2E0F-434F-88F4-7AF45AE0ED05,310104330002,2021-06-30T00:00:00+08:00,2025-07-14T08:03:49+08:00,2025-07-14T08:03:49+08:00,58.0372,59.1158,57.7846,57.0067,53.3,72.8,1.3965,67.6465,26.6841,1.3799,0.0,1002.6892
AF6CF370-A42A-4BA0-B4E7-034DD924FAF9,310104320001,2021-07-02T00:00:00+08:00,2025-07-14T08:03:45+08:00,2025-07-14T08:03:45+08:00,55.4037,58.3316,54.5066,51.0789,41.6,70.4,0.91,82.2548,26.4431,4.7102,0.0367,999.7727
BD656FDA-1110-470F-97AD-B1B4EF2CFBDD,310104330002,2021-07-02T00:00:00+08:00,2025-07-14T08:03:53+08:00,2025-07-14T08:03:53+08:00,58.1441,59.9734,57.4912,56.5913,53.0,79.1,1.4076,81.4758,26.4652,1.5776,0.1834,1002.3659
E5F43426-2033-4597-942B-D88692E320E9,310104320001,2021-07-03T00:00:00+08:00,2025-07-14T08:04:25+08:00,2025-07-14T08:04:25+08:00,58.6474,61.7573,57.8249,52.8725,42.3,70.3,0.8177,74.4367,28.8715,4.6731,0.065,999.8151
CC0DD76A-69F6-44CD-89A7-E6CD39BC7F2F,310104340004,2021-07-03T00:00:00+08:00,2025-07-14T08:04:05+08:00,2025-07-14T08:04:05+08:00,53.3969,55.6778,52.6511,51.7751,46.1,68.3,2.5054,70.0266,29.6997,1.8638,0.2234,999.0505
CC9D9348-78D9-4E33-886C-10E23E80C298,310104330002,2021-07-04T00:00:00+08:00,2025-07-14T08:04:06+08:00,2025-07-14T08:04:06+08:00,55.22,56.5423,54.8386,54.2209,53.0,73.8,0.4014,86.0298,25.3392,0.8714,0.0667,1004.4746
BE524228-B6DC-4CF9-A522-F77B5B47D8C1,310104330002,2021-07-05T00:00:00+08:00,2025-07-14T08:03:54+08:00,2025-07-14T08:03:54+08:00,55.9447,57.1655,55.6608,54.9012,52.6,65.1,1.2621,81.9993,26.1899,0.4794,0.0,1005.1951
E0661A58-9A38-40CF-80B1-188814935C6B,310104340004,2021-07-05T00:00:00+08:00,2025-07-14T08:04:21+08:00,2025-07-14T08:04:21+08:00,48.0493,50.1054,47.3854,46.3116,41.1,68.4,0.8996,81.4997,26.2935,2.1316,0.045,1004.6405
D86D4CBB-E9E2-4B47-B533-0153CE793192,310104320001,2021-07-06T00:00:00+08:00,2025-07-14T08:04:16+08:00,2025-07-14T08:04:16+08:00,50.789,54.8713,48.1996,44.9486,41.4,73.5,0.879,75.6214,27.7858,5.0476,0.0,1004.6435
C31A4A0B-151A-4EF2-A1EC-2BD3DBB1AE21,310104320001,2021-07-07T00:00:00+08:00,2025-07-14T08:03:58+08:00,2025-07-14T08:03:58+08:00,65.6101,69.1745,64.3593,57.9531,43.7,74.5,0.7166,55.9116,33.6317,6.9499,0.0,1000.864
F2BAA778-F672-4F35-9649-3C4EB3C86527,310104330002,2021-07-08T00:00:00+08:00,2025-07-14T08:04:32+08:00,2025-07-14T08:04:32+08:00,59.4376,60.4701,59.1782,58.4669,54.5,74.6,1.0311,62.5922,31.193,1.5909,0.0817,1005.5175
BA3F324B-50AE-419F-827B-5D1E218AC644,310104320001,2021-07-09T00:00:00+08:00,2025-07-14T08:03:51+08:00,2025-07-14T08:03:51+08:00,65.5071,68.6789,64.6388,59.7263,45.2,74.6,0.6883,63.2298,29.7858,7.1349,0.0,1002.1676
FC34B1FB-6990-4C20-93E2-86CC92488FE7,310104340004,2021-07-09T00:00:00+08:00,2025-07-14T08:04:37+08:00,2025-07-14T08:04:37+08:00,48.3692,50.9219,47.4356,46.3534,41.6,67.0,1.4125,72.8343,25.9355,0.6655,0.0,1004.8576
D4821F8F-BD52-4873-A7FE-640CB42B7FA0,310104320001,2021-07-10T00:00:00+08:00,2025-07-14T08:04:13+08:00,2025-07-14T08:04:13+08:00,48.8794,51.2358,48.0581,46.791,41.2,66.6,0.6566,81.8132,24.426,2.5858,0.0367,1006.6137
EEF18623-EA49-4634-A8D5-CBFBD7C2D69C,310104330002,2021-07-10T00:00:00+08:00,2025-07-14T08:04:29+08:00,2025-07-14T08:04:29+08:00,59.3247,60.6949,58.9283,58.1088,55.0,75.7,1.4515,68.9801,28.8083,1.2315,0.1617,1006.6244
E8771540-3E3E-47DE-AE10-28B2D127B61C,310104340004,2021-07-10T00:00:00+08:00,2025-07-14T08:04:26+08:00,2025-07-14T08:04:26+08:00,48.5654,50.1466,48.0737,46.9949,42.9,70.0,1.0388,78.3246,24.9202,0.9825,0.1,1005.6551
DC3479FE-8334-46D6-90F0-C9299ADDE263,310104340004,2021-07-11T00:00:00+08:00,2025-07-14T08:04:19+08:00,2025-07-14T08:04:19+08:00,48.8844,50.6685,48.267,47.1004,42.8,72.0,0.7168,80.9086,27.4584,1.6024,0.0,1006.3757
B0602E81-63D5-44D2-9C2E-0C52002F3ECD,310104340004,2021-07-12T00:00:00+08:00,2025-07-14T08:03:45+08:00,2025-07-14T08:03:45+08:00,59.204,60.45,58.9541,58.0757,46.6,72.0,1.9832,55.0284,33.9846,3.3161,0.0,1003.7715
C01396BF-0171-4FD9-B854-9C158636B226,310104320001,2021-07-13T00:00:00+08:00,2025-07-14T08:03:55+08:00,2025-07-14T08:03:55+08:00,67.9214,71.0105,67.1724,62.0265,44.9,75.1,1.2506,61.6994,31.8135,7.8451,0.0,1000.0694
BD46F112-A26A-4581-9611-8E15F16AC3B0,310104340004,2021-07-13T00:00:00+08:00,2025-07-14T08:03:53+08:00,2025-07-14T08:03:53+08:00,58.0042,59.6561,57.6148,56.345,45.5,71.2,1.506,59.5685,32.5845,3.152,0.0,1002.65
B35DCDDB-AC3F-448E-9B5A-F7115AB7EA79,310104330002,2021-07-14T00:00:00+08:00,2025-07-14T08:03:47+08:00,2025-07-14T08:03:47+08:00,55.4266,56.7284,55.1051,54.3181,52.1,70.5,2.222,70.7975,28.4927,0.6888,0.0,1005.4832
E32EC992-54B8-4669-A62D-9FBD2F84F23A,310104340004,2021-07-14T00:00:00+08:00,2025-07-14T08:04:22+08:00,2025-07-14T08:04:22+08:00,48.5389,50.3589,48.0575,46.9005,42.7,62.5,1.1197,71.8276,28.5106,1.5393,0.0,1004.6599
C44AF023-ED32-455E-86D6-0191B128A8DB,310104330002,2021-07-15T00:00:00+08:00,2025-07-14T08:03:59+08:00,2025-07-14T08:03:59+08:00,60.3316,62.0245,59.9285,58.4361,52.9,75.6,2.571,57.775,31.575,1.9002,0.0,1007.7115
E7B05BB1-7A9A-4C1B-BD4A-38CD4338791F,310104340004,2021-07-15T00:00:00+08:00,2025-07-14T08:04:26+08:00,2025-07-14T08:04:26+08:00,56.8837,58.1724,56.628,55.75,45.8,71.1,1.7526,54.8357,32.6011,2.8897,0.0,1006.9622
E9C63BCB-B30B-473E-8ECD-5563C22F7A32,310104320001,2021-07-16T00:00:00+08:00,2025-07-14T08:04:27+08:00,2025-07-14T08:04:27+08:00,49.3465,50.9999,48.8843,47.901,42.5,65.6,1.2221,72.2361,28.126,3.2735,0.0,1008.1906
E8A0F843-0113-45B3-A77D-705132220EF5,310104340004,2021-07-16T00:00:00+08:00,2025-07-14T08:04:26+08:00,2025-07-14T08:04:26+08:00,56.3609,57.6671,56.1141,55.1381,46.4,70.4,1.6174,61.7283,30.774,2.6263,0.0,1007.5615
D11CB498-DE98-470B-AF51-EAB6EC676741,310104320001,2021-07-17T00:00:00+08:00,2025-07-14T08:04:11+08:00,2025-07-14T08:04:11+08:00,50.8127,53.4526,49.8844,48.7473,42.0,75.5,1.2971,74.8967,27.5149,2.7533,0.0,1006.7805
C843444D-9081-4072-A254-E85C13D84448,310104330002,2021-07-17T00:00:00+08:00,2025-07-14T08:04:02+08:00,2025-07-14T08:04:02+08:00,60.6337,62.5759,60.1437,58.5004,53.1,76.4,2.3572,61.3986,29.8117,2.1249,0.0,1006.1118
B589E18B-C573-43CA-A55F-5337E1E5D518,310104320001,2021-07-18T00:00:00+08:00,2025-07-14T08:03:48+08:00,2025-07-14T08:03:48+08:00,70.3138,73.519,69.3737,64.2576,43.2,77.2,1.2762,56.249,30.1113,7.9924,0.0,1004.8761
F462AC7D-CF61-4779-AA21-8B0953261A38,310104320001,2021-07-19T00:00:00+08:00,2025-07-14T08:04:33+08:00,2025-07-14T08:04:33+08:00,48.7886,50.8639,48.1649,46.7687,40.5,69.0,0.8912,73.4606,27.4014,2.7127,0.0,1006.6039
EB550ACB-B0C2-43CE-ACAE-7983C7A20B5E,310104330002,2021-07-19T00:00:00+08:00,2025-07-14T08:04:28+08:00,2025-07-14T08:04:28+08:00,55.2563,56.3515,54.9982,54.3201,52.2,68.5,0.9382,75.0434,27.1202,1.1357,0.0,1006.4319
E11B531A-6FC6-4005-8027-05DF5E42366E,310104340004,2021-07-19T00:00:00+08:00,2025-07-14T08:04:22+08:00,2025-07-14T08:04:22+08:00,56.517,58.0384,56.1402,54.9932,43.7,73.7,1.5932,56.7289,31.4795,2.7195,0.0,1005.6632
D2481CAE-DF89-425C-BEF1-E6577CE90604,310104340004,2021-07-20T00:00:00+08:00,2025-07-14T08:04:11+08:00,2025-07-14T08:04:11+08:00,48.4551,50.6381,47.7694,46.5986,42.8,66.4,1.245,75.6108,28.0302,1.556,0.0067,1007.272
EA92FD3A-D13C-4A40-A6B3-A47D7787643E,310104320001,2021-07-21T00:00:00+08:00,2025-07-14T08:04:28+08:00,2025-07-14T08:04:28+08:00,71.3752,74.6366,70.4646,65.0164,43.2,78.6,1.4499,55.4348,30.1843,8.8243,0.0,1003.4824
C1499DCA-71DC-4B6A-B8A1-F0BCBF59A1D8,310104330002,2021-07-21T00:00:00+08:00,2025-07-14T08:03:57+08:00,2025-07-14T08:03:57+08:00,60.7703,62.5446,60.3514,58.7293,53.3,80.3,1.1457,54.115,30.8386,2.1611,0.0,1006.9215
CB37F8CA-FD8B-4207-9883-DB25C6717293,310104320001,2021-07-23T00:00:00+08:00,2025-07-14T08:04:05+08:00,2025-07-14T08:04:05+08:00,48.8558,51.1726,48.026,46.6441,43.0,71.3,1.4924,71.9549,27.8996,2.3914,0.0,1002.7338
D34A4C64-C8CD-4770-9E27-A0EC834425A8,310104340004,2021-07-23T00:00:00+08:00,2025-07-14T08:04:12+08:00,2025-07-14T08:04:12+08:00,48.796,50.299,48.4253,47.2533,43.0,64.8,2.0285,72.2068,27.9144,1.0666,0.0,1002.0394
F49F1385-AC18-472B-AEB8-5C93B526010A,310104320001,2021-07-24T00:00:00+08:00,2025-07-14T08:04:33+08:00,2025-07-14T08:04:33+08:00,48.0386,50.0668,47.3939,46.0694,41.9,66.1,1.5924,74.7202,27.4928,2.2597,0.1117,1000.4942
C9928DBF-9C13-4CE6-91FD-F80A5560AC19,310104340004,2021-07-24T00:00:00+08:00,2025-07-14T08:04:04+08:00,2025-07-14T08:04:04+08:00,48.517,49.7908,47.6202,46.6317,43.4,72.1,2.2973,75.1023,27.4147,0.4126,0.085,1000.2151
B312E2C3-4A6F-45C4-8ABE-B9389A0C3D8F,310104320001,2021-07-27T00:00:00+08:00,2025-07-14T08:03:47+08:00,2025-07-14T08:03:47+08:00,59.48,64.2745,55.8032,47.5344,43.7,73.3,1.2912,87.8185,25.9078,10.3303,0.02,991.5
BA646477-0F81-437F-879D-CC065425099C,310104330002,2021-07-27T00:00:00+08:00,2025-07-14T08:03:51+08:00,2025-07-14T08:03:51+08:00,53.7665,54.921,53.4291,52.7175,36.4,73.8,2.7422,86.6647,25.9233,8.03,0.4049,990.3592
E6D7B792-6303-4D42-BDEC-F0AB58EB4EA0,310104320001,2021-07-28T00:00:00+08:00,2025-07-14T08:04:25+08:00,2025-07-14T08:04:25+08:00,64.3804,68.8246,61.7152,51.0165,41.9,75.1,1.3564,83.9239,26.917,4.1195,0.145,995.1197
C60B8B7A-91E2-46F9-9F5B-3D00BFEC190E,310104330002,2021-07-28T00:00:00+08:00,2025-07-14T08:04:01+08:00,2025-07-14T08:04:01+08:00,52.7237,53.6019,52.5328,51.9088,38.6,70.7,2.3346,83.5303,26.8363,8.5453,0.0333,995.1884
F59A40A7-B34F-471D-BA68-29A6C155AEF6,310104340004,2021-07-28T00:00:00+08:00,2025-07-14T08:04:33+08:00,2025-07-14T08:04:33+08:00,58.0386,60.2603,57.3785,55.4183,47.1,76.5,1.9574,73.1932,29.0606,3.5427,0.075,994.2963
F898520C-4FEC-4B04-843F-61DC28E2C647,310104340004,2021-07-29T00:00:00+08:00,2025-07-14T08:04:35+08:00,2025-07-14T08:04:35+08:00,48.6228,50.3134,48.1023,46.9422,43.1,69.7,1.2326,81.4932,27.5729,1.2658,0.0,995.6449
B3CD3298-58D0-4AC6-AB87-7E209DE23892,310104320001,2021-07-30T00:00:00+08:00,2025-07-14T08:03:47+08:00,2025-07-14T08:03:47+08:00,62.1739,66.6688,59.2556,46.8611,40.6,75.1,0.3384,76.2088,27.7618,5.4951,0.0,998.3059
EDAC3A8C-9926-4AC8-BB59-9CFBF5CEE00B,310104340004,2021-07-30T00:00:00+08:00,2025-07-14T08:04:28+08:00,2025-07-14T08:04:28+08:00,47.619,49.4267,47.143,45.8548,40.8,62.9,0.4604,74.5673,28.2435,1.7031,0.0,997.3572
C8CDF57E-BFDA-4DE3-BBB4-315C6E8C5202,310104320001,2021-07-31T00:00:00+08:00,2025-07-14T08:04:02+08:00,2025-07-14T08:04:02+08:00,69.3741,72.8457,68.1508,61.3436,41.6,76.7,0.7618,71.7652,29.5487,5.1229,0.0,996.6453
DDC57873-3672-4034-B24E-F38B73E4CC60,310104330002,2021-07-31T00:00:00+08:00,2025-07-14T08:04:20+08:00,2025-07-14T08:04:20+08:00,59.24,60.7459,58.9769,57.5281,53.7,77.4,0.8997,71.5396,29.5432,2.1615,0.0,996.879
EDD85C93-84D3-42D0-834F-2444F6F325A1,310104340004,2021-07-31T00:00:00+08:00,2025-07-14T08:04:29+08:00,2025-07-14T08:04:29+08:00,51.7249,53.518,51.185,50.016,43.2,70.6,0.934,69.9115,29.8722,1.3279,0.05,996.2219
F55E1E04-7D8E-4CE1-807A-809A0AC512C8,310104330002,2021-08-01T00:00:00+08:00,2025-07-14T08:04:33+08:00,2025-07-14T08:04:33+08:00,55.4589,56.4297,55.1968,54.6735,53.5,74.3,0.7002,80.628,27.4188,0.6256,0.005,996.542
FACC3C5C-7C32-4D71-A42C-9ACD3E9126CF,310104340004,2021-08-01T00:00:00+08:00,2025-07-14T08:04:37+08:00,2025-07-14T08:04:37+08:00,50.8795,53.1848,50.1172,48.6672,44.4,70.0,0.9319,71.7618,29.6244,1.1942,0.5567,996.2895
BFC87F9B-136C-434A-A3DE-45C6FFD08F9E,310104320001,2021-08-02T00:00:00+08:00,2025-07-14T08:03:55+08:00,2025-07-14T08:03:55+08:00,67.6174,71.3102,66.0774,59.6428,43.4,75.8,1.1085,65.7378,30.0835,7.5245,0.08,996.2604
FDD534B7-4FFA-4FE3-B761-5BC738C988B6,310104330002,2021-08-02T00:00:00+08:00,2025-07-14T08:04:38+08:00,2025-07-14T08:04:38+08:00,55.8563,56.6495,55.6818,55.1779,53.4,69.9,0.5354,81.3249,27.5761,0.8694,0.065,998.3684
BB068A27-8883-4F3C-8E1D-025C0BDBBAD2,310104320001,2021-08-03T00:00:00+08:00,2025-07-14T08:03:52+08:00,2025-07-14T08:03:52+08:00,67.6051,71.5061,65.6132,57.8845,45.4,76.1,1.2092,71.9396,29.4515,7.6654,0.0,999.4416
BD10E3D1-5C44-4571-A2AF-56F660044A8D,310104330002,2021-08-03T00:00:00+08:00,2025-07-14T08:03:53+08:00,2025-07-14T08:03:53+08:00,55.4242,56.4132,55.208,54.6315,53.3,66.1,0.6956,82.5343,27.4342,0.6562,0.0,1000.8507
EF38A0CF-6968-4225-93C5-F5BBF5E5B873,310104340004,2021-08-03T00:00:00+08:00,2025-07-14T08:04:29+08:00,2025-07-14T08:04:29+08:00,53.0651,54.3729,52.689,51.9277,45.3,76.5,1.4928,72.9506,29.486,1.845,0.235,1001.1458
D18CC7D0-FCA7-4F69-BE3D-ACF721D1FBF4,310104330002,2021-08-04T00:00:00+08:00,2025-07-14T08:04:11+08:00,2025-07-14T08:04:11+08:00,59.6465,60.9528,59.3349,58.3323,54.2,77.2,1.3178,63.7496,30.1204,1.675,0.0,1003.0809
E2719CBD-D1CE-47FA-BEBC-96D14CA4F59F,310104340004,2021-08-04T00:00:00+08:00,2025-07-14T08:04:22+08:00,2025-07-14T08:04:22+08:00,48.4333,50.3789,47.7668,46.4868,41.8,69.0,1.1999,78.2118,27.7716,1.8626,0.055,1002.5962
E748346D-6325-4D3B-A3AC-8102D6646B4D,310104330002,2021-08-05T00:00:00+08:00,2025-07-14T08:04:25+08:00,2025-07-14T08:04:25+08:00,56.5059,57.7452,56.2059,55.5066,53.1,69.8,0.6924,77.9556,27.2566,1.3219,0.0,1001.56
EDC959C0-FA33-4DD0-AFB8-604BE7FF9BCF,310104320001,2021-08-06T00:00:00+08:00,2025-07-14T08:04:28+08:00,2025-07-14T08:04:28+08:00,63.5167,67.5715,61.0688,54.5495,43.3,74.0,1.2417,62.4255,30.1026,6.8187,0.0,997.9042
B421BEBE-F66C-46FF-9BC6-FB34E73B4C83,310104320001,2021-08-07T00:00:00+08:00,2025-07-14T08:03:48+08:00,2025-07-14T08:03:48+08:00,45.5073,48.0621,44.3584,43.2055,40.5,66.0,0.7497,74.3692,27.1992,2.1123,0.0,1000.8466
F8605626-8E30-460E-BE9E-8B087CDB78B5,310104340004,2021-08-08T00:00:00+08:00,2025-07-14T08:04:35+08:00,2025-07-14T08:04:35+08:00,46.7234,48.5504,46.1506,44.9424,40.6,64.3,1.1599,68.0382,27.8451,1.5755,0.0,1001.3643
DDC200C7-7DA6-4F16-8B58-749ECB723D75,310104330002,2021-08-09T00:00:00+08:00,2025-07-14T08:04:20+08:00,2025-07-14T08:04:20+08:00,58.8536,60.0234,58.1948,57.224,53.7,93.4,1.1749,55.2146,31.0119,1.0902,0.0,1003.6967
F331331C-0B7C-47B0-8B3B-12C8DCEB5191,310104340004,2021-08-09T00:00:00+08:00,2025-07-14T08:04:32+08:00,2025-07-14T08:04:32+08:00,53.7353,55.2579,53.3652,52.6136,43.9,71.7,1.2291,53.9589,31.4405,2.3568,0.0033,1002.817
E2A93614-2ED5-46C7-B7EA-C727C8086CD5,310104340004,2021-08-10T00:00:00+08:00,2025-07-14T08:04:22+08:00,2025-07-14T08:04:22+08:00,46.787,48.7041,46.0808,45.0627,40.9,68.4,0.7886,81.5832,27.7232,1.8561,0.0,1003.2837
B59A54DC-0140-40C5-A296-E1183532305E,310104320001,2021-08-12T00:00:00+08:00,2025-07-14T08:03:48+08:00,2025-07-14T08:03:48+08:00,47.2441,48.6171,46.9111,46.0724,41.2,60.6,0.2735,85.9525,26.2246,1.3942,0.0767,1005.9198
E3EFC56B-10AE-4286-8F1B-8323F16FB66E,310104320001,2021-08-13T00:00:00+08:00,2025-07-14T08:04:22+08:00,2025-07-14T08:04:22+08:00,47.0559,48.7839,46.606,45.5065,40.3,63.7,0.543,79.0005,26.4143,1.9741,0.075,1002.6234
ECE4C817-1CB3-4A61-8672-13010209EDB9,310104340004,2021-08-13T00:00:00+08:00,2025-07-14T08:04:28+08:00,2025-07-14T08:04:28+08:00,48.1208,49.5556,47.7592,46.6364,41.2,71.5,0.8882,75.7954,26.9105,1.3352,0.0767,1001.8894
EC44942A-E455-497D-BFE2-51CFAC3BCCE0,310104320001,2021-08-14T00:00:00+08:00,2025-07-14T08:04:28+08:00,2025-07-14T08:04:28+08:00,50.2753,51.8197,49.9732,48.5019,43.6,67.2,0.3218,84.8835,24.2776,2.0744,0.0883,1006.3785
FF0F2986-7C8D-4269-969E-DFEF7B4057AF,310104330002,2021-08-14T00:00:00+08:00,2025-07-14T08:04:39+08:00,2025-07-14T08:04:39+08:00,56.1552,57.0066,55.8783,55.3482,54.1,72.4,0.6322,85.1651,24.1964,0.9827,0.0733,1004.8926
B833974E-1FDB-4FA5-AD74-B812BE97E77E,310104320001,2021-08-16T00:00:00+08:00,2025-07-14T08:03:49+08:00,2025-07-14T08:03:49+08:00,51.2551,53.1262,50.7189,49.2568,43.9,74.5,0.3526,82.9485,26.1304,2.038,0.1766,1005.9582
CC08318D-136F-45EB-A526-0FA924AA410C,310104330002,2021-08-16T00:00:00+08:00,2025-07-14T08:04:05+08:00,2025-07-14T08:04:05+08:00,57.7812,59.4371,57.2112,56.5952,53.0,82.7,0.7396,77.8126,26.9575,1.4804,0.0233,1008.931
B6717FBF-3462-4C2D-A7B8-D9A91408E97C,310104340004,2021-08-16T00:00:00+08:00,2025-07-14T08:03:49+08:00,2025-07-14T08:03:49+08:00,46.5796,48.4846,46.0515,44.7055,40.4,67.7,0.6213,86.2562,24.9742,1.5915,0.0633,1008.3126
CF59205E-49EA-4D99-8A39-D1D5B5D904B8,310104320001,2021-08-18T00:00:00+08:00,2025-07-14T08:04:08+08:00,2025-07-14T08:04:08+08:00,47.0055,48.3612,46.5894,45.8681,40.2,66.0,0.3755,79.8141,24.6565,0.9623,0.0,1008.0931
F6B08E39-6051-4B3A-8D95-431A457EC694,310104330002,2021-08-18T00:00:00+08:00,2025-07-14T08:04:34+08:00,2025-07-14T08:04:34+08:00,58.6948,59.7239,58.1351,57.4076,53.9,84.8,1.1896,57.3213,29.0142,1.0701,0.0,1007.6631
CE4BF451-C122-4A70-9C91-3026B2D89973,310104330002,2021-08-19T00:00:00+08:00,2025-07-14T08:04:08+08:00,2025-07-14T08:04:08+08:00,55.8227,56.6743,55.4997,54.9613,53.2,74.6,1.1162,73.5674,26.1336,0.6069,0.0,1007.2961
E508D951-70E8-4DDF-84DE-6872E8CC5963,310104340004,2021-08-19T00:00:00+08:00,2025-07-14T08:04:24+08:00,2025-07-14T08:04:24+08:00,55.4957,57.7648,54.878,53.0014,45.3,69.1,1.2903,57.1463,29.9082,3.2337,0.0,1006.5
FDB4BC1D-C4A0-4030-BC11-E86AB12213C8,310104320001,2021-08-20T00:00:00+08:00,2025-07-14T08:04:38+08:00,2025-07-14T08:04:38+08:00,47.6924,48.9204,47.4269,46.6339,43.3,62.5,0.9593,76.473,27.0551,0.7935,0.0,1005.6249
C9E201DD-5B3C-4458-AFC7-DF2C9F843AD2,310104340004,2021-08-20T00:00:00+08:00,2025-07-14T08:04:04+08:00,2025-07-14T08:04:04+08:00,55.5419,57.7169,54.8939,53.3282,44.6,70.0,1.3966,62.3589,30.881,3.2217,0.0,1004.3037
F37F0B11-9AAF-43A8-8614-BC5D79B73677,310104320001,2021-08-21T00:00:00+08:00,2025-07-14T08:04:32+08:00,2025-07-14T08:04:32+08:00,48.2034,49.4516,47.8285,47.124,42.4,69.9,0.5742,74.0463,28.7982,0.9016,0.0,1003.8102
D3AC6B6D-8677-42E8-8D50-1421FECD7A86,310104340004,2021-08-21T00:00:00+08:00,2025-07-14T08:04:12+08:00,2025-07-14T08:04:12+08:00,48.0267,50.9305,46.6974,45.0381,41.1,71.1,1.633,73.8028,28.7972,2.8051,0.0,1002.8992
C295E704-C0D8-4836-8F7B-8395536981A4,310104320001,2021-08-22T00:00:00+08:00,2025-07-14T08:03:58+08:00,2025-07-14T08:03:58+08:00,51.0984,52.4934,50.6533,49.8022,44.0,70.1,0.8546,67.3753,29.9528,1.9032,0.0433,1004.8108
F5D95ACB-29EF-427C-97F1-0426C57ECEA9,310104330002,2021-08-22T00:00:00+08:00,2025-07-14T08:04:34+08:00,2025-07-14T08:04:34+08:00,58.8229,59.9766,58.3593,57.5866,53.7,81.3,1.5935,65.9598,30.1849,1.1671,0.0,1004.9228
E561F9FF-EE4C-403B-8445-7A38BBAB5C0A,310104320001,2021-08-23T00:00:00+08:00,2025-07-14T08:04:24+08:00,2025-07-14T08:04:24+08:00,48.2046,49.1432,47.9952,47.3294,44.0,64.5,0.8681,79.7944,27.7396,0.9465,0.0,1002.1674
D69F1100-D236-448C-8197-7830089E98D6,310104320001,2021-08-24T00:00:00+08:00,2025-07-14T08:04:15+08:00,2025-07-14T08:04:15+08:00,48.5319,49.3838,48.4039,47.7892,42.8,61.5,0.3812,76.6384,28.4137,0.9789,0.0,1001.0349
F571714C-E892-4838-8EF9-0129977DD088,310104330002,2021-08-24T00:00:00+08:00,2025-07-14T08:04:33+08:00,2025-07-14T08:04:33+08:00,58.5131,59.6725,58.1643,57.4698,54.3,76.5,1.0943,59.8722,31.9389,0.9677,0.0,1001.7288
FE0BFDF1-098F-4EEE-A279-BFE736271B59,310104340004,2021-08-24T00:00:00+08:00,2025-07-14T08:04:39+08:00,2025-07-14T08:04:39+08:00,47.2278,48.6948,46.8338,45.8268,41.8,64.3,1.2006,68.7128,29.7516,1.4424,0.0,1000.1098
CB05DA0A-DDF9-4E8C-9F59-684B9D8C68B3,310104320001,2021-08-25T00:00:00+08:00,2025-07-14T08:04:05+08:00,2025-07-14T08:04:05+08:00,46.8772,47.9066,46.6415,46.0115,43.7,58.7,0.4608,76.0135,27.1677,0.4054,0.12,1004.4538
B1EB7C7B-79F1-4501-9400-264962007081,310104320001,2021-08-26T00:00:00+08:00,2025-07-14T08:03:46+08:00,2025-07-14T08:03:46+08:00,51.8755,52.9684,51.6085,50.7008,45.1,77.9,0.7311,62.2613,31.1134,1.8566,0.055,1006.4996
B0A3B010-DC0A-48C1-B7B8-FDABF9CF0406,310104340004,2021-08-26T00:00:00+08:00,2025-07-14T08:03:45+08:00,2025-07-14T08:03:45+08:00,46.667,48.3618,45.9259,44.5647,40.5,67.0,0.2597,63.8453,28.1671,1.6135,0.0,1008.2475
E4083C23-A637-4BF1-A973-7B848164F910,310104320001,2021-08-27T00:00:00+08:00,2025-07-14T08:04:22+08:00,2025-07-14T08:04:22+08:00,48.1912,49.3378,47.9359,47.2341,43.5,60.8,0.3858,85.0242,25.5676,0.4887,0.0967,1010.2121
CB994853-D268-4DDF-9D5F-C12BB7703322,310104340004,2021-08-27T00:00:00+08:00,2025-07-14T08:04:05+08:00,2025-07-14T08:04:05+08:00,54.2114,55.7075,53.8494,52.7997,44.1,69.5,1.4699,63.8342,30.818,2.8978,0.05,1009.2778
FFED5213-43A1-418C-91F3-409B242EF747,310104320001,2021-08-28T00:00:00+08:00,2025-07-14T08:04:40+08:00,2025-07-14T08:04:40+08:00,50.5096,51.8234,50.2528,49.1578,45.2,67.3,0.7845,62.5573,31.3697,1.0888,0.0,1010.2639
D28775D6-371E-4547-A14B-18A6E0ED3BF5,310104340004,2021-08-28T00:00:00+08:00,2025-07-14T08:04:12+08:00,2025-07-14T08:04:12+08:00,51.5543,53.1773,51.0904,50.2862,44.5,71.4,1.2668,59.3633,31.9958,2.0398,0.0,1009.2985
F5856EE2-4527-4C91-89B2-452A67C3FCDD,310104320001,2021-08-29T00:00:00+08:00,2025-07-14T08:04:33+08:00,2025-07-14T08:04:33+08:00,47.941,49.074,47.6819,46.9549,43.7,66.1,0.8228,78.7098,28.3507,0.6102,0.0,1010.5923
F1B99392-7181-413D-89B3-A951EDB12AE0,310104320001,2021-09-15T00:00:00+08:00,2025-07-14T08:04:31+08:00,2025-07-14T08:04:31+08:00,47.1407,48.4303,46.8374,45.9487,41.2,61.7,0.6372,84.4231,23.0956,0.6465,0.0,1009.462
BD2D8176-A461-409D-845A-71888376CE34,310104330002,2021-09-15T00:00:00+08:00,2025-07-14T08:03:53+08:00,2025-07-14T08:03:53+08:00,56.4596,57.2236,56.305,55.7861,54.4,69.9,1.0737,83.008,23.0562,0.2341,0.0,1009.2499
D65E0E47-58E1-490F-B2D5-44B7A2D020C0,310104340004,2021-09-15T00:00:00+08:00,2025-07-14T08:04:15+08:00,2025-07-14T08:04:15+08:00,51.4928,52.729,51.1474,50.2353,44.5,72.8,1.4071,76.265,24.9212,1.142,0.1017,1009.1662
CF0DB488-BA19-4195-85A4-B4F08AF7DD26,310104330002,2021-09-16T00:00:00+08:00,2025-07-14T08:04:08+08:00,2025-07-14T08:04:08+08:00,59.5484,60.5364,59.2667,58.5847,55.5,84.9,1.351,58.6428,26.7116,1.2039,0.0,1007.7044
DEB7092E-48C6-4EC0-94B3-11BC76A13EED,310104320001,2021-09-17T00:00:00+08:00,2025-07-14T08:04:20+08:00,2025-07-14T08:04:20+08:00,50.9309,52.4815,50.4627,49.3072,43.7,74.3,0.6475,53.2233,26.2085,1.7609,0.0,1010.914
D43F1886-3E1D-4C44-8919-D2C8A30933C6,310104340004,2021-09-17T00:00:00+08:00,2025-07-14T08:04:13+08:00,2025-07-14T08:04:13+08:00,50.9764,52.4718,50.565,49.4342,43.6,71.7,1.1636,50.0776,26.8074,1.0831,0.0,1009.7966
ECCA30C5-E0C7-4936-B0E5-F8C41EA7FF1C,310104320001,2021-09-18T00:00:00+08:00,2025-07-14T08:04:28+08:00,2025-07-14T08:04:28+08:00,46.8555,47.8478,46.2549,45.7084,41.2,77.7,0.3204,77.6602,21.4232,0.8476,0.0,1012.8632
D9BD41D3-9C6D-425B-BD5B-AD6E4174A0D2,310104330002,2021-09-19T00:00:00+08:00,2025-07-14T08:04:17+08:00,2025-07-14T08:04:17+08:00,56.5627,57.9067,56.1658,55.5457,52.9,76.6,1.0389,76.0361,23.4378,0.436,0.0,1011.1247
F93CCEDA-A757-4C05-8691-BE1F849E9EAB,310104340004,2021-09-19T00:00:00+08:00,2025-07-14T08:04:36+08:00,2025-07-14T08:04:36+08:00,50.7552,52.8063,50.1711,49.0291,44.7,69.5,1.4309,64.5343,27.2235,0.7183,0.0,1009.2167
BA1E0C22-BE63-422F-934E-0A53876994A6,310104330002,2021-09-20T00:00:00+08:00,2025-07-14T08:03:51+08:00,2025-07-14T08:03:51+08:00,59.7629,61.35,59.1861,57.9408,53.9,91.4,1.3972,59.0842,29.2813,2.0863,0.0,1005.4647
FC36131C-236F-4A96-9AE1-61D5C4F6251F,310104340004,2021-09-20T00:00:00+08:00,2025-07-14T08:04:38+08:00,2025-07-14T08:04:38+08:00,48.3583,49.4561,48.1171,47.3624,42.2,62.9,1.0799,78.6482,25.104,1.1732,0.0,1005.9653
C6D4E8AA-4D75-4A40-9775-77C543ED84A7,310104320001,2021-09-21T00:00:00+08:00,2025-07-14T08:04:01+08:00,2025-07-14T08:04:01+08:00,46.3096,47.4436,45.9739,45.4647,41.9,60.4,0.3982,72.0521,23.9982,0.9417,0.0,1007.5593
E540774F-085A-400A-B82C-015E8020A512,310104340004,2021-09-21T00:00:00+08:00,2025-07-14T08:04:24+08:00,2025-07-14T08:04:24+08:00,49.0506,50.496,48.7342,47.8223,39.5,65.7,0.6493,68.3055,24.3828,1.0288,0.0,1006.7233
C4419E12-115B-473F-9512-8CD1805EE229,310104320001,2021-09-22T00:00:00+08:00,2025-07-14T08:03:59+08:00,2025-07-14T08:03:59+08:00,50.8639,52.1775,50.5593,49.6245,45.1,66.9,0.5516,43.1866,31.1092,1.2212,0.0,1010.4316
E2547D0B-3093-4946-A794-79AEB6564EF0,310104330002,2021-09-22T00:00:00+08:00,2025-07-14T08:04:22+08:00,2025-07-14T08:04:22+08:00,59.2941,60.6714,58.95,57.9713,55.0,76.0,0.8743,42.2132,31.2485,1.3124,0.0,1010.3459
BFF85168-1902-403B-B0EB-D8B4CE780191,310104340004,2021-09-22T00:00:00+08:00,2025-07-14T08:03:55+08:00,2025-07-14T08:03:55+08:00,48.9185,49.9548,48.7561,47.9363,42.7,61.8,0.5116,72.2464,25.3604,1.2697,0.0,1008.4775
C3AA41A9-74E7-4108-A8AE-B2683AA9F9A6,310104320001,2021-09-23T00:00:00+08:00,2025-07-14T08:03:58+08:00,2025-07-14T08:03:58+08:00,51.0567,52.7522,50.4735,49.5106,43.9,74.1,0.8455,41.9419,30.7926,1.5905,0.0,1015.1657
DE37A130-C18E-4909-9FD7-0221ECFF7B29,310104340004,2021-09-23T00:00:00+08:00,2025-07-14T08:04:20+08:00,2025-07-14T08:04:20+08:00,49.4706,51.7641,48.9931,46.756,41.1,69.1,0.4749,67.0865,25.5016,2.0426,0.0,1013.1396
E605CF44-9B02-415D-A3E3-9090C3695558,310104320001,2021-09-24T00:00:00+08:00,2025-07-14T08:04:25+08:00,2025-07-14T08:04:25+08:00,47.2626,48.465,46.9282,46.1845,43.3,66.5,0.715,74.0028,24.48,0.7026,0.0,1017.0726
E9514BC1-AD57-41E1-97D0-8610E2E69E93,310104330002,2021-09-24T00:00:00+08:00,2025-07-14T08:04:27+08:00,2025-07-14T08:04:27+08:00,62.4044,64.7503,61.3411,59.8612,56.8,81.6,1.072,57.1642,27.6513,2.0043,0.0,1017.0916
B9C1157F-6C6D-4FDF-93D8-9CCFC9A5C346,310104340004,2021-09-24T00:00:00+08:00,2025-07-14T08:03:51+08:00,2025-07-14T08:03:51+08:00,48.9831,50.3474,48.8479,47.2475,42.7,67.2,0.979,74.74,24.4246,1.1404,0.0,1016.062
D75DD9F6-C881-4195-A4F9-975908AC6FDB,310104320001,2021-09-25T00:00:00+08:00,2025-07-14T08:04:16+08:00,2025-07-14T08:04:16+08:00,49.9438,51.8867,49.2602,48.0399,44.6,69.3,1.1388,54.8668,26.6384,1.1159,0.0,1015.6919
E81F6C24-A6CA-4B46-80AE-CF1499674584,310104340004,2021-09-25T00:00:00+08:00,2025-07-14T08:04:26+08:00,2025-07-14T08:04:26+08:00,51.4171,53.5757,50.7309,49.5967,45.4,69.2,1.4048,53.0718,27.0882,0.9146,0.0,1014.6168
F20F9F8A-8F4A-4E60-9C8A-7C886278D051,310104320001,2021-09-26T00:00:00+08:00,2025-07-14T08:04:31+08:00,2025-07-14T08:04:31+08:00,51.1489,52.5072,50.8615,49.7858,43.9,66.1,1.0327,53.3463,27.6215,1.4647,0.0,1013.6283
F0D1B294-1FDA-4166-AA96-48F306F5B56D,310104330002,2021-09-26T00:00:00+08:00,2025-07-14T08:04:30+08:00,2025-07-14T08:04:30+08:00,57.0589,57.9096,56.8315,56.3604,53.2,78.3,0.6273,73.1585,23.5688,0.399,0.0,1013.874
F3DEF800-66F8-42EE-B7B9-25372D64AE12,310104340004,2021-09-26T00:00:00+08:00,2025-07-14T08:04:32+08:00,2025-07-14T08:04:32+08:00,49.3624,50.6619,48.9837,48.3082,45.3,72.4,0.8795,70.5208,24.0171,1.5847,0.0,1013.1342
D98590D2-348B-4225-95EE-97331B643144,310104340004,2021-09-27T00:00:00+08:00,2025-07-14T08:04:17+08:00,2025-07-14T08:04:17+08:00,49.2173,50.6116,49.0258,47.6637,42.6,66.3,0.7568,77.9637,24.8723,0.7836,0.0,1010.504
DBD8A317-D997-44CF-8CF9-0AA272C82AC4,310104320001,2021-09-28T00:00:00+08:00,2025-07-14T08:04:18+08:00,2025-07-14T08:04:18+08:00,51.152,52.6,50.6288,49.5454,44.9,78.8,0.7233,58.2329,29.4949,1.7305,0.0,1008.9959
F87029C6-0684-4E98-A689-FF8BAE5971FE,310104330002,2021-09-28T00:00:00+08:00,2025-07-14T08:04:35+08:00,2025-07-14T08:04:35+08:00,56.6971,57.7117,56.4203,55.9007,54.1,76.9,0.9629,78.7343,24.9823,0.4637,0.0,1009.4372
EE3ED2F3-BD81-4FCB-AB62-5C9B7F02038F,310104330002,2021-09-29T00:00:00+08:00,2025-07-14T08:04:29+08:00,2025-07-14T08:04:29+08:00,60.0305,61.1226,59.7413,58.9856,55.0,74.9,1.0983,60.8991,28.8348,1.353,0.03,1006.2893
FDEF3200-3CB8-4EA4-AF01-9E01582D6798,310104320001,2021-09-30T00:00:00+08:00,2025-07-14T08:04:39+08:00,2025-07-14T08:04:39+08:00,45.7498,47.098,45.3306,44.7788,43.1,59.8,0.428,76.5567,22.9205,0.7707,0.0,1008.6017
E8780182-0C02-4ADF-BB65-5184CD90C6FA,310104340004,2021-09-30T00:00:00+08:00,2025-07-14T08:04:26+08:00,2025-07-14T08:04:26+08:00,52.1363,53.8516,51.5554,50.5323,44.6,75.9,1.2732,53.4583,26.7642,1.04,0.0,1007.7445
B40C1516-CD7B-4697-A487-3F3319BDEE8D,310104320001,2021-10-01T00:00:00+08:00,2025-07-14T08:03:48+08:00,2025-07-14T08:03:48+08:00,46.0793,47.3788,45.6248,45.0858,43.2,62.7,0.2783,76.8044,21.5833,0.4168,0.0,1009.0888
FF40688C-6094-4FA3-A77C-CB6713DDAE32,310104330002,2021-10-01T00:00:00+08:00,2025-07-14T08:04:39+08:00,2025-07-14T08:04:39+08:00,56.1314,56.8826,55.9673,55.5524,54.3,70.1,0.3695,72.8942,22.3898,0.2326,0.0,1008.7391
EFE04214-EF58-4126-9FA4-19BBF7B5E527,310104340004,2021-10-01T00:00:00+08:00,2025-07-14T08:04:30+08:00,2025-07-14T08:04:30+08:00,49.5608,51.4661,49.409,47.0476,39.7,66.2,0.4044,70.9763,22.5369,0.8654,0.0,1008.1848
DBFAD3E8-E4BC-4E11-8016-B0CB56B1E214,310104340004,2021-10-03T00:00:00+08:00,2025-07-14T08:04:18+08:00,2025-07-14T08:04:18+08:00,51.9008,53.9202,51.2653,49.8827,45.8,69.9,1.958,56.1718,27.8189,0.9813,0.0,1013.1536
B505470D-B04A-4DB8-AC1C-7B36E4B838C4,310104330002,2021-10-04T00:00:00+08:00,2025-07-14T08:03:48+08:00,2025-07-14T08:03:48+08:00,56.3947,57.4045,56.1574,55.4976,53.9,69.3,2.4612,69.3491,25.4202,0.3979,0.0,1014.9868
C77185CF-79E0-46ED-A52C-8428212DA1C6,310104340004,2021-10-04T00:00:00+08:00,2025-07-14T08:04:02+08:00,2025-07-14T08:04:02+08:00,51.9476,54.2372,51.2367,49.7919,45.1,71.5,2.102,60.0508,28.7794,0.8241,0.0,1015.1945
B1044F35-438B-4472-BC28-6CFAE23975C7,310104320001,2021-10-05T00:00:00+08:00,2025-07-14T08:03:46+08:00,2025-07-14T08:03:46+08:00,45.8208,47.1322,45.3588,44.7885,41.2,59.8,0.8576,73.4158,25.1002,0.7243,0.0,1016.5088
E89AF9B0-5FE6-4D74-876B-8E40210F1AC4,310104330002,2021-10-05T00:00:00+08:00,2025-07-14T08:04:26+08:00,2025-07-14T08:04:26+08:00,59.9588,61.5556,59.5888,58.228,54.1,75.8,1.5157,50.654,28.0021,2.0242,0.0,1016.4386
E24A39D9-8ADF-43BC-8CB4-A3C7236D00D8,310104340004,2021-10-05T00:00:00+08:00,2025-07-14T08:04:22+08:00,2025-07-14T08:04:22+08:00,51.2105,53.5973,50.4108,49.1132,44.1,71.4,1.2842,48.3898,28.6945,1.0961,0.0,1015.6098
F9A991BE-E39C-44E5-897C-1BFB60105EF6,310104340004,2021-10-06T00:00:00+08:00,2025-07-14T08:04:36+08:00,2025-07-14T08:04:36+08:00,50.6649,52.536,50.0913,48.8617,44.5,72.4,1.359,59.141,28.3576,0.7585,0.0,1013.1296
DFCE36A9-19C1-4880-9272-94E1A418F46B,310104320001,2021-10-07T00:00:00+08:00,2025-07-14T08:04:21+08:00,2025-07-14T08:04:21+08:00,46.2065,47.2991,45.8111,45.3175,43.2,65.3,0.537,82.8292,24.1536,0.9189,0.105,1013.1483
D6101A5C-A0D9-43E0-A607-173C3BE9D096,310104320001,2021-10-08T00:00:00+08:00,2025-07-14T08:04:15+08:00,2025-07-14T08:04:15+08:00,45.8485,47.0163,45.4742,44.9514,40.6,60.9,0.4038,80.0998,24.2553,0.5994,0.0,1013.5179
FC7C0A31-B64E-4B82-80BC-1F96E4876BA9,310104340004,2021-10-08T00:00:00+08:00,2025-07-14T08:04:38+08:00,2025-07-14T08:04:38+08:00,53.4178,54.6027,53.0832,52.4115,47.5,71.0,1.3924,65.2195,27.4432,1.4756,0.0,1013.106
F93FAF46-DD86-4A79-917F-6C8AC975E538,310104320001,2021-10-10T00:00:00+08:00,2025-07-14T08:04:36+08:00,2025-07-14T08:04:36+08:00,46.858,48.7496,46.091,45.174,43.0,68.4,0.6446,82.0492,25.2411,2.1527,0.0,1014.9093
C10E3B1C-0A52-4718-990F-23DD38282316,310104330002,2021-10-10T00:00:00+08:00,2025-07-14T08:03:57+08:00,2025-07-14T08:03:57+08:00,59.4191,60.6947,59.0878,58.2812,55.1,70.9,0.8373,67.0023,28.611,1.2911,0.0584,1013.616
CDF7EFFA-D80F-4E13-9B09-38E3E73018A3,310104340004,2021-10-10T00:00:00+08:00,2025-07-14T08:04:08+08:00,2025-07-14T08:04:08+08:00,47.6749,49.2813,47.3721,45.8826,41.0,61.8,0.7838,80.7626,25.6857,1.2453,0.0,1013.784
C92124D1-DA64-42B4-A53B-1AC14A7E77E8,310104320001,2021-10-11T00:00:00+08:00,2025-07-14T08:04:04+08:00,2025-07-14T08:04:04+08:00,51.8832,54.6093,49.7279,47.8449,41.5,77.7,1.1669,79.1952,20.9472,3.3462,0.01,1016.7632
C41985AE-760B-4DBE-9EDF-B8B479E87709,310104320001,2021-10-12T00:00:00+08:00,2025-07-14T08:03:58+08:00,2025-07-14T08:03:58+08:00,51.9295,54.3723,50.5574,48.9663,42.2,77.0,1.3511,63.8768,22.3421,1.93,0.0,1018.3167
B508DD77-9808-4EB5-83C5-5438FB65FFB4,310104330002,2021-10-12T00:00:00+08:00,2025-07-14T08:03:48+08:00,2025-07-14T08:03:48+08:00,61.1503,62.3607,60.9734,59.8011,55.0,74.6,2.3138,61.9984,22.5482,1.5399,0.0,1017.8205
DF939BCD-9BD9-41DF-8A6A-D65F43F1BC77,310104340004,2021-10-12T00:00:00+08:00,2025-07-14T08:04:21+08:00,2025-07-14T08:04:21+08:00,52.7941,54.6153,52.1398,50.9914,44.7,70.2,2.5448,60.7818,22.865,0.941,0.0,1017.163
B1ED481B-9D3D-482B-88D0-1F498757B9CD,310104340004,2021-10-13T00:00:00+08:00,2025-07-14T08:03:46+08:00,2025-07-14T08:03:46+08:00,52.0154,53.6497,51.5239,50.5663,45.7,72.9,1.2509,80.9021,26.0076,0.8213,0.0917,1015.049
C7501D76-889D-4D99-8047-12C95248DD04,310104320001,2021-10-14T00:00:00+08:00,2025-07-14T08:04:01+08:00,2025-07-14T08:04:01+08:00,51.022,52.6235,50.5984,49.4451,44.2,67.2,0.9046,75.2079,26.9622,1.7156,0.0117,1015.4995
D060E602-202E-4CA6-BDE7-E1247703FBE1,310104330002,2021-10-15T00:00:00+08:00,2025-07-14T08:04:10+08:00,2025-07-14T08:04:10+08:00,60.8026,62.261,60.4083,59.4797,55.2,76.5,1.1645,70.6412,26.4548,1.8112,0.0,1013.95
D9014D47-D876-4A6E-BED0-69A9C7C40186,310104330002,2021-10-16T00:00:00+08:00,2025-07-14T08:04:17+08:00,2025-07-14T08:04:17+08:00,62.645,64.4044,62.3715,60.547,55.7,76.4,2.3931,65.9304,17.7263,1.9707,0.1133,1023.6929
E71046C5-8BC2-4A67-8096-ED9DDBB82834,310104340004,2021-10-16T00:00:00+08:00,2025-07-14T08:04:25+08:00,2025-07-14T08:04:25+08:00,49.5149,52.0824,48.181,46.6667,40.6,71.6,2.4774,73.2391,18.7391,1.5929,0.0867,1019.2793
BFDD296C-0777-4F5C-A02D-169BBDBD4F10,310104340004,2021-10-17T00:00:00+08:00,2025-07-14T08:03:55+08:00,2025-07-14T08:03:55+08:00,47.5889,50.0709,46.4795,45.0968,39.3,70.5,1.7451,51.4274,15.0029,1.5412,0.0,1026.4759
F49CEB39-704E-46BF-8FA0-80EE0CC0954E,310104340004,2021-10-18T00:00:00+08:00,2025-07-14T08:04:33+08:00,2025-07-14T08:04:33+08:00,46.891,49.6572,45.7794,44.1617,37.8,70.5,0.9134,54.1415,14.9471,2.8717,0.0,1022.0797
FF7D1D07-2CCF-4111-90FF-3CF8CAC77E55,310104320001,2021-10-19T00:00:00+08:00,2025-07-14T08:04:40+08:00,2025-07-14T08:04:40+08:00,49.6216,52.3743,48.3737,46.6042,41.5,74.0,0.6316,57.0779,17.4107,1.6871,0.0,1021.9807
FC98C1BA-825E-4338-A359-BCB9CB27E4E2,310104330002,2021-10-19T00:00:00+08:00,2025-07-14T08:04:38+08:00,2025-07-14T08:04:38+08:00,60.0014,61.2066,59.6575,58.8962,55.6,73.7,1.067,53.9504,17.7949,1.2836,0.0,1021.5807
E22170FA-9C5B-4C5E-B2D9-B272BEF2353C,310104340004,2021-10-19T00:00:00+08:00,2025-07-14T08:04:22+08:00,2025-07-14T08:04:22+08:00,50.7162,52.5436,50.0213,48.8558,44.6,74.6,1.1648,54.2147,17.8781,0.8136,0.0,1020.8867
B86348C6-0FF4-441D-931E-F46A296688B3,310104340004,2021-10-20T00:00:00+08:00,2025-07-14T08:03:49+08:00,2025-07-14T08:03:49+08:00,47.2793,49.3103,46.2713,44.7033,40.2,73.3,1.8842,52.5714,16.006,2.2054,0.0583,1021.3518
C8271BB0-22E8-4B34-B97B-ED344AFE1669,310104330002,2021-10-21T00:00:00+08:00,2025-07-14T08:04:02+08:00,2025-07-14T08:04:02+08:00,57.0152,58.0036,56.7651,56.1753,55.0,68.2,0.8617,62.7552,13.1914,0.4097,0.0,1021.4827
FED7457C-864D-411D-A9CC-02C7840F7BB0,310104340004,2021-10-22T00:00:00+08:00,2025-07-14T08:04:39+08:00,2025-07-14T08:04:39+08:00,51.0507,52.6963,50.6044,49.4377,44.5,70.4,1.1727,47.9238,16.7678,0.8832,0.0,1024.3011
BFFBB736-F2B4-412C-9BC6-0D3243425FE9,310104320001,2021-10-23T00:00:00+08:00,2025-07-14T08:03:55+08:00,2025-07-14T08:03:55+08:00,48.75,51.179,47.8407,46.0805,41.8,66.6,0.6812,47.9284,17.9361,1.0987,0.0,1025.9996
DB90AD92-17F9-436B-BF23-C2471799223A,310104330002,2021-10-23T00:00:00+08:00,2025-07-14T08:04:18+08:00,2025-07-14T08:04:18+08:00,56.5244,57.4405,56.2952,55.8421,54.9,70.6,0.5801,55.6582,15.0116,0.2114,0.0,1025.7562
DD575C57-3959-4E4A-8891-501530BBE19A,310104340004,2021-10-23T00:00:00+08:00,2025-07-14T08:04:19+08:00,2025-07-14T08:04:19+08:00,49.9255,52.3242,49.0441,47.7135,44.2,72.2,1.3071,42.5308,18.9339,1.1872,0.0,1024.9701
FD627DBA-899A-40B7-860A-9A197C5996B9,310104330002,2021-10-24T00:00:00+08:00,2025-07-14T08:04:38+08:00,2025-07-14T08:04:38+08:00,56.3969,57.4364,56.1103,55.6603,54.7,69.4,0.4289,58.0392,16.5565,0.4576,0.0,1023.7627
B4EC47CA-87E0-40A4-B6E9-6DD93B65C082,310104340004,2021-10-24T00:00:00+08:00,2025-07-14T08:03:48+08:00,2025-07-14T08:03:48+08:00,45.6263,47.7742,44.9885,43.6629,36.3,64.0,0.5462,54.6105,17.135,2.9099,0.0,1022.9835
F9E991FB-1D08-438E-BAF3-11650DA76B5F,310104320001,2021-10-25T00:00:00+08:00,2025-07-14T08:04:36+08:00,2025-07-14T08:04:36+08:00,49.4904,51.6425,48.6263,47.086,41.2,73.3,0.6183,55.9148,18.263,1.6304,0.0,1021.4368
C6581A82-0693-46A5-8BAB-A5E7C50D9872,310104330002,2021-10-25T00:00:00+08:00,2025-07-14T08:04:01+08:00,2025-07-14T08:04:01+08:00,56.7725,57.7584,56.525,56.0527,55.1,71.7,0.2956,68.5246,14.8728,0.4181,0.0,1021.1843
FE8E89DA-0B29-4DD0-B024-595B42493A80,310104320001,2021-10-26T00:00:00+08:00,2025-07-14T08:04:39+08:00,2025-07-14T08:04:39+08:00,44.3198,45.9752,43.7406,42.8405,38.3,59.5,0.1749,79.0548,13.6796,1.0577,0.0,1019.9701
D20F043F-E555-4C41-9D55-BA1FB7D63CF1,310104320001,2021-10-27T00:00:00+08:00,2025-07-14T08:04:11+08:00,2025-07-14T08:04:11+08:00,43.3919,45.5079,42.5819,41.5076,37.4,61.4,0.1909,78.1713,15.1875,1.2888,0.0,1020.6665
D48C9B69-5F84-4213-B21A-9B13EEDF2DAE,310104330002,2021-10-27T00:00:00+08:00,2025-07-14T08:04:13+08:00,2025-07-14T08:04:13+08:00,59.2877,60.7788,58.8097,57.9526,54.1,75.4,0.8148,52.1089,19.5685,0.9476,0.0,1020.8472
F73BAA20-E0EE-4A74-829E-60A89EEF1C7D,310104340004,2021-10-29T00:00:00+08:00,2025-07-14T08:04:34+08:00,2025-07-14T08:04:34+08:00,50.2507,52.1149,49.6923,48.5313,42.9,68.3,1.0692,48.8171,20.434,0.9867,0.0,1020.1343
D6EB8CA5-18EE-4723-8E43-394485887D9B,310104340004,2021-10-30T00:00:00+08:00,2025-07-14T08:04:15+08:00,2025-07-14T08:04:15+08:00,49.9283,51.8938,49.3131,48.0205,43.0,68.3,1.0616,47.1153,20.5674,0.8538,0.0,1020.4694
B5F6F284-3C01-46FB-AE9D-058CF104611A,310104330002,2021-10-31T00:00:00+08:00,2025-07-14T08:03:49+08:00,2025-07-14T08:03:49+08:00,55.9941,56.9923,55.583,54.9084,52.8,71.1,0.326,75.2839,16.3904,0.7891,0.0,1022.1444
D62A1B25-B00B-442F-A880-E756475A858F,310104320001,2021-11-01T00:00:00+08:00,2025-07-14T08:04:15+08:00,2025-07-14T08:04:15+08:00,48.4583,50.9889,47.5038,45.536,39.7,70.2,0.674,55.9156,20.0991,1.8318,0.0,1023.5366
F6B116CD-F7C9-4FF8-83ED-957EC70D45FA,310104330002,2021-11-01T00:00:00+08:00,2025-07-14T08:04:34+08:00,2025-07-14T08:04:34+08:00,59.1924,61.0037,58.6459,57.4464,53.3,85.7,0.8284,53.9862,20.4495,1.8236,0.0,1023.1048
E934680F-E25F-402F-956B-5C23505F52FB,310104320001,2021-11-02T00:00:00+08:00,2025-07-14T08:04:27+08:00,2025-07-14T08:04:27+08:00,48.607,51.1331,47.5994,45.7034,39.3,73.0,0.7891,52.2808,18.6092,1.7536,0.0,1022.2993
B4443C5B-DD1C-49D9-8DB1-419DEBBC4FCB,310104320001,2021-11-03T00:00:00+08:00,2025-07-14T08:03:48+08:00,2025-07-14T08:03:48+08:00,48.2344,50.796,47.2471,45.3255,40.7,74.7,0.6047,48.1405,19.0003,1.3948,0.0,1019.4765
B57447EA-C8B3-49DC-9FD3-48CA72E6BD77,310104330002,2021-11-03T00:00:00+08:00,2025-07-14T08:03:48+08:00,2025-07-14T08:03:48+08:00,54.7456,55.8771,54.4359,53.9159,52.4,68.5,0.5635,61.2681,16.31,0.7857,0.0,1020.0424
ECD213D0-F2C4-4A58-93C0-3DBAF0D209DE,310104340004,2021-11-03T00:00:00+08:00,2025-07-14T08:04:28+08:00,2025-07-14T08:04:28+08:00,50.0793,51.7894,49.6642,48.4951,44.0,67.5,0.7761,45.9513,19.6334,0.8241,0.0,1018.4843
E9B6A68B-6D6C-4AE5-89DD-7D84994DC021,310104330002,2021-11-04T00:00:00+08:00,2025-07-14T08:04:27+08:00,2025-07-14T08:04:27+08:00,55.6294,56.748,55.3449,54.7351,52.5,70.0,0.8186,70.3289,16.4195,0.539,0.0,1017.3382
FDE338FB-F2B3-4EAB-8FD8-12E76D844034,310104340004,2021-11-04T00:00:00+08:00,2025-07-14T08:04:39+08:00,2025-07-14T08:04:39+08:00,48.6317,51.1494,47.691,46.0398,40.5,67.5,0.6917,67.5436,16.9031,2.3975,0.0,1016.7888
CAE8F400-F2F9-42BA-A3E6-8D4A19CB8422,310104320001,2021-11-05T00:00:00+08:00,2025-07-14T08:04:05+08:00,2025-07-14T08:04:05+08:00,48.4972,50.9803,47.3799,46.0776,38.8,68.8,0.9192,84.729,17.7926,4.6186,0.0,1012.4634
EE8E602F-232F-4993-A0A6-DED2E4A66201,310104330002,2021-11-05T00:00:00+08:00,2025-07-14T08:04:29+08:00,2025-07-14T08:04:29+08:00,57.6599,58.93,57.3638,56.4322,53.7,72.9,0.8659,85.8139,18.282,0.9539,0.175,1010.4712
F4DA0EEA-D58A-4F41-9A1C-30C28A96D97D,310104330002,2021-11-06T00:00:00+08:00,2025-07-14T08:04:33+08:00,2025-07-14T08:04:33+08:00,55.2671,56.3499,55.0138,54.3492,52.9,68.2,0.6933,82.577,18.4456,0.2404,0.0117,1010.895
C71C33C5-3CD3-4F45-8006-ECFE762DA863,310104340004,2021-11-06T00:00:00+08:00,2025-07-14T08:04:01+08:00,2025-07-14T08:04:01+08:00,46.2567,47.5987,45.9677,45.0021,40.3,61.5,1.2454,80.7196,18.785,1.8774,0.1567,1010.4248
CCB5A60F-D666-4728-A4D5-F131C4E40DB8,310104330002,2021-11-07T00:00:00+08:00,2025-07-14T08:04:06+08:00,2025-07-14T08:04:06+08:00,59.3956,60.8933,58.915,58.0035,54.1,77.5,1.2728,67.396,20.3467,0.8928,0.105,1014.7424
F8A70DD1-1AD3-489D-93BA-BAE7543ED7B1,310104340004,2021-11-07T00:00:00+08:00,2025-07-14T08:04:35+08:00,2025-07-14T08:04:35+08:00,51.1973,53.1325,50.3944,49.2539,45.0,77.6,1.3391,66.0003,20.5901,1.513,0.1433,1013.9567
E44AAACB-A1A5-4D44-B692-C9AAD9E7A213,310104320001,2021-11-08T00:00:00+08:00,2025-07-14T08:04:24+08:00,2025-07-14T08:04:24+08:00,51.9711,53.9784,51.0547,49.8313,43.2,77.5,0.9145,40.2362,7.484,2.3032,0.0,1023.9125
E3BEF75F-D7D7-4B89-BF71-8B733FFBA60C,310104330002,2021-11-08T00:00:00+08:00,2025-07-14T08:04:22+08:00,2025-07-14T08:04:22+08:00,56.8848,58.7611,55.9105,54.9204,53.1,77.5,1.9766,58.9471,6.2586,0.9757,0.05,1022.2449
E1F00E8E-E27B-4FFF-9B88-148F31FD557D,310104340004,2021-11-08T00:00:00+08:00,2025-07-14T08:04:22+08:00,2025-07-14T08:04:22+08:00,52.6199,55.9681,48.5585,47.0738,42.5,79.1,2.1616,57.8426,6.2949,2.9763,0.1417,1021.4698
F3B397CB-EEB4-4BCE-BBF0-0F42A52208E3,310104320001,2021-11-09T00:00:00+08:00,2025-07-14T08:04:32+08:00,2025-07-14T08:04:32+08:00,51.39,53.0823,50.8619,49.6817,45.7,68.0,0.6551,35.1183,10.9491,1.3517,0.0,1020.0382
F8E0A046-F3A5-42B3-B60E-B880F0DD31BE,310104340004,2021-11-09T00:00:00+08:00,2025-07-14T08:04:35+08:00,2025-07-14T08:04:35+08:00,48.5395,49.6945,48.3316,47.4142,38.8,62.7,0.8997,46.3828,7.0891,4.1094,0.0,1020.8555
E801F862-0293-4739-BF8B-1901A8F52F31,310104330002,2021-11-10T00:00:00+08:00,2025-07-14T08:04:26+08:00,2025-07-14T08:04:26+08:00,59.5378,61.0275,59.1589,58.0715,53.6,74.1,1.3758,35.8189,13.4859,1.9329,0.0,1016.6284
DBF46C80-45DE-47C8-8BFB-0A38ABD85AC1,310104340004,2021-11-11T00:00:00+08:00,2025-07-14T08:04:18+08:00,2025-07-14T08:04:18+08:00,53.6707,54.7482,53.3932,52.6663,45.7,70.1,1.0362,36.445,14.475,1.7343,0.0,1017.5761
EB54C99D-8852-42F9-84CB-2D14C205D00D,310104320001,2021-11-12T00:00:00+08:00,2025-07-14T08:04:28+08:00,2025-07-14T08:04:28+08:00,46.2769,48.0118,45.7088,44.9158,40.1,67.1,0.2207,50.7487,10.1168,0.6191,0.0,1021.9385
CFA59C3F-6D55-48EA-AB4C-8ED134EC9197,310104330002,2021-11-12T00:00:00+08:00,2025-07-14T08:04:10+08:00,2025-07-14T08:04:10+08:00,61.1285,63.5121,60.7045,57.5663,49.8,78.0,0.7705,30.5981,14.6506,3.2108,0.0,1021.6408
EFDD047C-FEAB-41E7-912A-F4097E2F5026,310104330002,2021-11-14T00:00:00+08:00,2025-07-14T08:04:30+08:00,2025-07-14T08:04:30+08:00,59.3685,61.4638,58.9726,56.7388,51.4,75.6,0.6703,38.2709,16.7607,2.3889,0.0,1019.6785
D6133423-01C4-4977-AA35-A307AEF3FEF1,310104320001,2021-11-15T00:00:00+08:00,2025-07-14T08:04:15+08:00,2025-07-14T08:04:15+08:00,50.0549,52.0967,49.4103,48.0161,43.0,72.3,0.6434,42.2722,16.4531,1.5799,0.0,1020.1398
F205EA4B-D2F1-4B14-8CCA-0E07DD8DAD8E,310104330002,2021-11-15T00:00:00+08:00,2025-07-14T08:04:31+08:00,2025-07-14T08:04:31+08:00,62.3094,64.4777,61.9603,59.2368,54.3,77.1,1.0485,42.8489,16.7034,2.7043,0.0,1019.7785
DFB17342-49C7-410C-9A7B-C270A0982C9E,310104340004,2021-11-15T00:00:00+08:00,2025-07-14T08:04:21+08:00,2025-07-14T08:04:21+08:00,50.2206,51.2141,50.0324,49.2815,42.3,63.4,0.3919,55.2676,12.837,1.0803,0.0,1019.3006
E0A53CD1-5E02-40E8-9D83-DAC57A71A933,310104320001,2021-11-16T00:00:00+08:00,2025-07-14T08:04:21+08:00,2025-07-14T08:04:21+08:00,49.7028,51.6338,49.048,47.5899,42.2,71.6,0.5878,55.7059,16.464,1.5794,0.0,1021.9074
B9BD9915-4276-4AEC-8A79-81D4F2764C73,310104340004,2021-11-16T00:00:00+08:00,2025-07-14T08:03:51+08:00,2025-07-14T08:03:51+08:00,52.4281,53.9904,52.0074,51.042,46.6,67.4,0.968,51.1736,17.3577,1.5899,0.0,1020.8144
DFDFF01C-C596-4E4A-9EF2-D03AE0327DEA,310104330002,2021-11-17T00:00:00+08:00,2025-07-14T08:04:21+08:00,2025-07-14T08:04:21+08:00,55.8363,56.9106,55.513,54.9569,52.7,73.9,0.5099,79.3863,13.3244,0.3632,0.0,1021.8036
FBC2BA2F-B161-40D4-8E81-216CD659C687,310104340004,2021-11-17T00:00:00+08:00,2025-07-14T08:04:37+08:00,2025-07-14T08:04:37+08:00,50.2909,51.7681,50.1069,48.6705,41.3,64.1,0.6259,73.5668,14.5368,3.6528,0.0,1020.9336
EDE02327-EBFD-41BD-9FFF-24194AA70812,310104330002,2021-11-18T00:00:00+08:00,2025-07-14T08:04:29+08:00,2025-07-14T08:04:29+08:00,59.334,60.5539,58.978,58.1552,54.0,83.9,0.769,57.5081,16.8233,1.2511,0.0,1017.0616
D067BC7B-1B2D-421F-9C7E-A9C1895B3D3B,310104340004,2021-11-18T00:00:00+08:00,2025-07-14T08:04:10+08:00,2025-07-14T08:04:10+08:00,51.1234,53.0448,50.7279,48.9787,41.1,66.3,0.4963,66.4876,14.4249,3.729,0.0,1017.5318
B71A7ED2-319A-434E-957F-01D457D721DE,310104320001,2021-11-19T00:00:00+08:00,2025-07-14T08:03:49+08:00,2025-07-14T08:03:49+08:00,49.3084,51.637,48.5394,46.7128,42.3,72.8,0.8677,52.7006,18.1426,1.4088,0.0,1016.5315
D5403D22-D667-4A4A-A405-E9AF418B1506,310104340004,2021-11-19T00:00:00+08:00,2025-07-14T08:04:13+08:00,2025-07-14T08:04:13+08:00,50.9719,52.572,50.5664,49.4351,45.4,71.3,1.0897,51.4761,18.6358,1.1409,0.0,1015.3586
D42D2F49-304D-4C58-9D44-E47BDCD2D81E,310104320001,2021-11-20T00:00:00+08:00,2025-07-14T08:04:13+08:00,2025-07-14T08:04:13+08:00,45.0798,47.0557,44.3555,43.0898,38.9,66.0,0.5344,71.1102,14.911,0.8631,0.0,1016.8599
B5C21903-FD1B-4FE0-A50C-C4E9168F1706,310104320001,2021-11-21T00:00:00+08:00,2025-07-14T08:03:49+08:00,2025-07-14T08:03:49+08:00,41.9615,43.8083,41.1542,40.2246,37.8,65.6,0.3078,68.0744,16.035,0.9377,0.111,1015.979
B5A5ED64-592A-430B-B071-695747DC0C81,310104330002,2021-11-21T00:00:00+08:00,2025-07-14T08:03:48+08:00,2025-07-14T08:03:48+08:00,55.5266,56.4018,55.3272,54.7891,53.8,69.6,0.4222,68.4602,15.8946,0.3657,0.0667,1015.7617
D0C977C9-A6AE-4252-B856-CC6FF7BE04D6,310104330002,2021-11-22T00:00:00+08:00,2025-07-14T08:04:10+08:00,2025-07-14T08:04:10+08:00,55.0626,56.1983,54.7591,54.0712,52.7,69.3,1.1911,50.1926,8.1949,0.2808,0.0,1023.4921
DB18F8DC-4D94-476D-97D7-F06CDD224333,310104330002,2021-11-23T00:00:00+08:00,2025-07-14T08:04:18+08:00,2025-07-14T08:04:18+08:00,55.1177,56.1685,54.8243,54.2625,52.9,69.4,0.8334,41.648,4.893,0.7136,0.0,1024.7615
FF409E26-D61C-4ED2-80E3-96B7C7FFF884,310104340004,2021-11-23T00:00:00+08:00,2025-07-14T08:04:39+08:00,2025-07-14T08:04:39+08:00,54.608,55.4737,54.5463,53.6297,42.2,71.2,0.907,39.532,5.2966,1.4374,0.0,1024.0733
B1B443B8-1C1D-48B2-BC79-B08B2C17A8E2,310104320001,2021-11-24T00:00:00+08:00,2025-07-14T08:03:46+08:00,2025-07-14T08:03:46+08:00,52.2282,54.331,51.5543,50.2147,45.9,72.0,0.4379,36.0771,11.1156,1.4849,0.0,1021.3493
B4F33C6C-B78F-4B5A-BD51-CD4DE55D65B2,310104330002,2021-11-24T00:00:00+08:00,2025-07-14T08:03:48+08:00,2025-07-14T08:03:48+08:00,61.3068,63.5296,60.7556,58.634,54.4,78.8,0.6987,35.882,11.5808,2.9038,0.0,1020.9138
F7F5AAB2-6BDD-42E0-B3F5-87D1A0565093,310104340004,2021-11-24T00:00:00+08:00,2025-07-14T08:04:35+08:00,2025-07-14T08:04:35+08:00,53.4742,54.6359,53.2378,52.4349,42.1,66.7,0.7002,48.3074,6.7154,1.5063,0.0,1021.6555
E5E767FC-7BFC-434E-A942-73CCD723BF45,310104320001,2021-11-25T00:00:00+08:00,2025-07-14T08:04:25+08:00,2025-07-14T08:04:25+08:00,48.2415,49.5745,47.9158,47.0889,42.2,61.0,0.2132,64.5778,7.7886,1.2095,0.0,1019.8706
B4B65F45-E804-4DE5-A2E8-E84F216E5846,310104330002,2021-11-26T00:00:00+08:00,2025-07-14T08:03:48+08:00,2025-07-14T08:03:48+08:00,55.563,56.8023,55.2081,54.6024,53.4,68.0,0.401,71.8076,9.9655,0.4041,0.0,1023.1251
C30AEA82-7AAC-455F-85B4-D198E68F3FC2,310104320001,2021-11-27T00:00:00+08:00,2025-07-14T08:03:58+08:00,2025-07-14T08:03:58+08:00,46.9153,48.572,46.5144,45.2541,39.9,64.6,0.313,70.0294,10.86,0.4014,0.0,1029.4908
FBA524E9-B076-44B3-9927-62DB02BDD484,310104320001,2021-11-28T00:00:00+08:00,2025-07-14T08:04:37+08:00,2025-07-14T08:04:37+08:00,49.7592,51.6049,49.0741,47.6369,42.4,77.8,1.0748,56.4587,16.6111,1.7503,0.0,1027.1448
FFE92F56-4EEC-450B-B0AD-1A6BC45A8AD2,310104330002,2021-11-28T00:00:00+08:00,2025-07-14T08:04:40+08:00,2025-07-14T08:04:40+08:00,63.6487,65.8798,63.3905,60.3341,54.2,76.5,0.958,55.7981,16.8713,3.8405,0.0,1026.9673
D73274C6-2801-414B-98C3-9D058E3C28EA,310104340004,2021-11-28T00:00:00+08:00,2025-07-14T08:04:15+08:00,2025-07-14T08:04:15+08:00,48.3138,49.8703,47.8119,46.7775,42.1,74.8,0.7391,59.3424,14.2755,1.223,0.0,1027.4618
E5FC96DB-37CC-411B-8A0F-DC88AD792AC8,310104320001,2021-11-29T00:00:00+08:00,2025-07-14T08:04:25+08:00,2025-07-14T08:04:25+08:00,50.0415,52.3849,49.1149,47.5621,42.0,79.2,0.6584,71.1355,17.4835,1.8471,0.0817,1021.8731
EB359530-8419-442D-81E4-FCBCE730A3A8,310104330002,2021-11-30T00:00:00+08:00,2025-07-14T08:04:28+08:00,2025-07-14T08:04:28+08:00,62.8926,64.8321,62.5118,60.3782,53.6,81.1,2.117,45.7256,10.7138,3.6544,0.0183,1021.9167
D8B61099-D498-4A10-90F8-47C37D30B4B0,310104340004,2021-11-30T00:00:00+08:00,2025-07-14T08:04:16+08:00,2025-07-14T08:04:16+08:00,56.0441,57.7266,55.1704,54.3519,47.3,79.9,2.1633,45.0505,10.7443,2.9812,0.1,1021.1084
F0CF39A0-C876-4BC7-BB74-7DF64855C77B,310104320001,2021-12-01T00:00:00+08:00,2025-07-14T08:04:30+08:00,2025-07-14T08:04:30+08:00,54.2471,57.0793,52.5386,50.5657,42.4,79.4,0.7344,39.7003,8.0979,3.9215,0.0,1027.8574
D43A4C58-6A4E-4BF8-9A16-EEF5753AFCA2,310104320001,2021-12-03T00:00:00+08:00,2025-07-14T08:04:13+08:00,2025-07-14T08:04:13+08:00,51.653,53.2875,51.0051,49.8766,44.5,72.1,0.503,35.7126,11.5314,1.874,0.0,1023.2266
FEB87211-3C95-4D8F-A976-4479C7C2ED68,310104330002,2021-12-03T00:00:00+08:00,2025-07-14T08:04:39+08:00,2025-07-14T08:04:39+08:00,55.668,56.7865,55.3766,54.8577,53.6,69.9,0.3279,52.9681,6.1384,0.381,0.0,1022.0
FE8E3A3C-BD46-4A95-88EB-7FA4B01B1ACB,310104320001,2021-12-04T00:00:00+08:00,2025-07-14T08:04:39+08:00,2025-07-14T08:04:39+08:00,46.5512,47.8816,46.0776,45.3869,42.3,69.5,0.1372,63.3983,6.4989,1.453,0.0,1026.6446
F15552D3-2DAA-4E06-BEA0-CF6289C3FBE2,310104320001,2021-12-05T00:00:00+08:00,2025-07-14T08:04:31+08:00,2025-07-14T08:04:31+08:00,49.8449,52.3914,48.4282,47.018,43.1,71.2,0.7843,52.5024,13.3885,1.9105,0.0,1025.5548
E89FFD34-CA9E-4DA9-9290-C819D4D2F5BC,310104320001,2021-12-06T00:00:00+08:00,2025-07-14T08:04:26+08:00,2025-07-14T08:04:26+08:00,58.7117,62.9403,53.1759,49.6695,42.0,84.6,0.5247,53.7619,14.2594,6.3701,0.0,1024.7945
BBFE1E6C-1D71-477C-AE85-003D6A25FE9F,310104320001,2021-12-07T00:00:00+08:00,2025-07-14T08:03:52+08:00,2025-07-14T08:03:52+08:00,44.6345,46.1058,44.1652,43.3154,38.8,64.0,0.2326,76.1405,9.4996,1.3323,0.0,1027.1702
F4C3BE36-45EB-4834-A756-00269A882F18,310104330002,2021-12-07T00:00:00+08:00,2025-07-14T08:04:33+08:00,2025-07-14T08:04:33+08:00,59.2461,60.4615,58.9544,58.1317,54.0,74.8,1.1077,53.9685,13.1097,1.815,0.0,1027.9826
C71DC45F-2EE8-48DE-89D7-1015B234EE2F,310104340004,2021-12-07T00:00:00+08:00,2025-07-14T08:04:01+08:00,2025-07-14T08:04:01+08:00,54.5013,56.1811,53.9688,53.0624,47.5,74.1,1.3608,52.5215,13.343,1.7854,0.0,1027.2378
BAA988AE-D7E2-4998-88FA-D874B08B0153,310104330002,2021-12-08T00:00:00+08:00,2025-07-14T08:03:52+08:00,2025-07-14T08:03:52+08:00,55.3587,56.5106,55.0385,54.5108,53.4,68.9,0.4936,66.3063,11.4998,0.623,0.0,1028.2352
CE6DB084-4AAF-4486-8CEC-5C37FBF18906,310104340004,2021-12-08T00:00:00+08:00,2025-07-14T08:04:08+08:00,2025-07-14T08:04:08+08:00,49.995,51.1609,49.7427,48.825,42.1,63.4,0.8293,62.572,11.9811,2.2763,0.0,1027.5442
D3FD6D0D-4D26-45AA-B03F-8BC5F5DEEBA1,310104330002,2021-12-09T00:00:00+08:00,2025-07-14T08:04:13+08:00,2025-07-14T08:04:13+08:00,55.9631,57.2643,55.5847,54.9645,53.5,67.8,0.3285,64.7185,11.5536,0.3924,0.0,1025.4988
D987E508-871E-448F-8A15-38F903952A76,310104340004,2021-12-09T00:00:00+08:00,2025-07-14T08:04:17+08:00,2025-07-14T08:04:17+08:00,53.3077,54.4658,53.0495,52.2985,45.9,70.0,0.7293,56.1557,15.1772,1.7098,0.0,1023.7139
BBF41ECD-84FA-4261-977C-EAB9D9D1DC54,310104330002,2021-12-10T00:00:00+08:00,2025-07-14T08:03:52+08:00,2025-07-14T08:03:52+08:00,60.8736,62.5219,60.6155,58.9659,54.1,73.2,0.6311,59.7818,13.6094,2.33,0.0,1025.229
C11F356B-7052-43C0-97FE-49A7698F456E,310104340004,2021-12-10T00:00:00+08:00,2025-07-14T08:03:57+08:00,2025-07-14T08:03:57+08:00,48.9799,50.0826,48.743,47.8804,41.7,63.7,0.4671,70.704,11.1519,1.2048,0.0,1024.25
FE8AF3A9-E375-420B-93DA-23902A8A125A,310104320001,2021-12-11T00:00:00+08:00,2025-07-14T08:04:39+08:00,2025-07-14T08:04:39+08:00,50.9069,53.3267,49.4354,47.4883,41.1,79.5,0.9233,58.9181,14.2363,2.2749,0.0,1025.2661
F54D9E5A-A340-4E88-8C23-57A83CF43CCE,310104330002,2021-12-12T00:00:00+08:00,2025-07-14T08:04:33+08:00,2025-07-14T08:04:33+08:00,53.8759,55.08,53.5727,52.9258,51.5,65.8,1.3881,61.1796,11.641,0.4291,0.0,1026.4026
BC78E2D6-2FFB-4A34-9151-DD3212DFB437,310104340004,2021-12-12T00:00:00+08:00,2025-07-14T08:03:53+08:00,2025-07-14T08:03:53+08:00,50.3461,51.3615,50.1432,49.3147,41.6,66.1,1.5934,61.0489,11.6507,1.3374,0.0,1025.742
DBD5514D-E5EB-48BE-934B-82BA6B33E8A3,310104340004,2021-12-13T00:00:00+08:00,2025-07-14T08:04:18+08:00,2025-07-14T08:04:18+08:00,55.5293,56.3441,55.3464,54.778,46.0,74.8,0.9464,39.9942,9.2241,2.1301,0.0,1026.8234
DB452C67-B2CC-4362-A198-2447239A8DA1,310104320001,2021-12-14T00:00:00+08:00,2025-07-14T08:04:18+08:00,2025-07-14T08:04:18+08:00,53.2731,54.94,52.8734,51.5261,44.3,72.6,0.4911,59.9161,9.8572,3.0987,0.0,1021.095
B08356E7-6410-489B-A247-938F916B4887,310104340004,2021-12-14T00:00:00+08:00,2025-07-14T08:03:45+08:00,2025-07-14T08:03:45+08:00,53.5743,54.4798,53.4105,52.6633,45.3,67.6,0.4121,62.1486,6.9078,2.349,0.0,1021.908
E4FEE011-3BD3-4349-AE80-97121BA7C6FD,310104320001,2021-12-15T00:00:00+08:00,2025-07-14T08:04:24+08:00,2025-07-14T08:04:24+08:00,46.4723,47.5244,46.1729,45.6208,43.3,56.0,0.215,78.9451,8.0271,0.5436,0.0833,1019.932
F9AEBA2A-42F0-4D4A-A5DE-B604793531CC,310104340004,2021-12-15T00:00:00+08:00,2025-07-14T08:04:36+08:00,2025-07-14T08:04:36+08:00,50.8655,51.8366,50.6442,49.979,43.3,68.9,0.3883,73.5521,9.0889,1.4267,0.0667,1018.7178
C156C1EB-054D-40A3-8D63-CA4AAC25F2DB,310104330002,2021-12-16T00:00:00+08:00,2025-07-14T08:03:57+08:00,2025-07-14T08:03:57+08:00,60.3648,61.7168,59.9314,59.0012,53.7,80.0,0.9399,78.6897,12.0853,1.7566,0.1766,1018.4729
FDE61E21-F178-4A8F-B081-B1A561A1A7F1,310104340004,2021-12-16T00:00:00+08:00,2025-07-14T08:04:39+08:00,2025-07-14T08:04:39+08:00,48.8647,49.8852,48.6407,47.8277,40.0,63.1,0.6463,84.0404,14.0782,1.8659,0.2383,1015.3846
C077A5E3-EB69-49FD-AF02-C740517FE840,310104330002,2021-12-17T00:00:00+08:00,2025-07-14T08:03:55+08:00,2025-07-14T08:03:55+08:00,62.7312,64.7351,62.4038,60.1629,52.1,76.6,1.7561,38.5703,8.0698,3.7672,0.0,1028.9876
B4F16318-5FC9-457D-85D4-B7010AFC1D58,310104340004,2021-12-17T00:00:00+08:00,2025-07-14T08:03:48+08:00,2025-07-14T08:03:48+08:00,52.2052,53.3049,52.007,51.1218,44.3,67.6,1.2539,60.3338,8.4323,2.1344,0.0667,1025.4611
EEEB1873-EED8-49A0-8F10-ADFF2DBB0904,310104320001,2021-12-18T00:00:00+08:00,2025-07-14T08:04:29+08:00,2025-07-14T08:04:29+08:00,49.3325,50.311,49.1271,48.5116,44.5,57.1,0.4256,45.619,2.3155,0.954,0.0,1031.3428
F35004C9-3E12-4963-AC7D-E5F608622E2F,310104340004,2021-12-18T00:00:00+08:00,2025-07-14T08:04:32+08:00,2025-07-14T08:04:32+08:00,56.9475,57.7642,56.8007,56.2492,49.0,70.7,0.9593,32.4585,5.4655,1.5294,0.0,1028.1541
D2DFB766-F684-4572-A511-DF63B17F2BDB,310104340004,2021-12-19T00:00:00+08:00,2025-07-14T08:04:12+08:00,2025-07-14T08:04:12+08:00,55.0189,55.7422,54.9427,54.2135,48.9,66.7,0.4658,51.1127,4.4764,1.3364,0.0,1025.7766
F959F298-7D96-4035-999F-B3BF514F81AA,310104340004,2021-12-20T00:00:00+08:00,2025-07-14T08:04:36+08:00,2025-07-14T08:04:36+08:00,51.4583,52.3296,51.2789,50.6507,46.4,65.6,0.3688,46.9901,7.9825,1.5436,0.0,1019.7784
F35B8645-3336-49F0-A2D9-8C8FC7734481,310104320001,2021-12-21T00:00:00+08:00,2025-07-14T08:04:32+08:00,2025-07-14T08:04:32+08:00,47.5931,48.9851,47.2872,46.1443,41.7,67.8,0.1713,58.5675,8.8168,0.467,0.0,1017.8113
FEA3AF01-B67A-41E6-86F2-E3326704CAFC,310104340004,2021-12-21T00:00:00+08:00,2025-07-14T08:04:39+08:00,2025-07-14T08:04:39+08:00,54.0495,55.1577,53.7747,53.0869,47.2,69.3,0.5645,40.6036,13.5784,1.2457,0.0,1017.0316
E304B4E7-A2C7-4C2D-86D0-BCE590038858,310104320001,2021-12-22T00:00:00+08:00,2025-07-14T08:04:22+08:00,2025-07-14T08:04:22+08:00,47.0255,48.3506,46.7142,45.8068,40.6,58.5,0.1729,69.7712,7.4773,1.0271,0.0,1019.881
BE9C6184-8095-46FB-BF3A-8191BBE44F9C,310104330002,2021-12-23T00:00:00+08:00,2025-07-14T08:03:54+08:00,2025-07-14T08:03:54+08:00,62.3689,64.1282,62.1193,60.0331,54.7,80.6,0.7606,57.7287,13.5811,3.0358,0.0,1019.3299
B6F669B7-2D23-40E1-8A7E-47B41848CE01,310104340004,2021-12-23T00:00:00+08:00,2025-07-14T08:03:49+08:00,2025-07-14T08:03:49+08:00,54.4908,55.6037,54.2523,53.4545,47.6,73.3,1.0277,55.2219,13.9002,1.8582,0.0,1018.6139
F5BD68F8-2B77-4FD6-8C07-59D7B1D23DD5,310104330002,2021-12-24T00:00:00+08:00,2025-07-14T08:04:34+08:00,2025-07-14T08:04:34+08:00,63.6561,65.9929,63.195,60.4038,53.3,77.5,1.7042,68.4832,11.6897,4.2142,0.0317,1020.8353
F6BB5595-F3B8-46EF-81E4-829B34D73155,310104320001,2021-12-26T00:00:00+08:00,2025-07-14T08:04:34+08:00,2025-07-14T08:04:34+08:00,48.9194,50.0582,48.6759,47.9033,43.9,59.7,0.7776,48.4199,-1.1912,0.7443,0.0,1038.5215
D223B7BC-7B87-4038-93BF-276BD3C454F7,310104330002,2021-12-28T00:00:00+08:00,2025-07-14T08:04:11+08:00,2025-07-14T08:04:11+08:00,59.5116,60.9264,59.1416,58.131,52.8,76.9,0.5462,43.5308,4.8096,2.0702,0.0,1027.1427
D28BA3BC-8A22-4764-8091-16BE1A4168FC,310104320001,2021-12-29T00:00:00+08:00,2025-07-14T08:04:12+08:00,2025-07-14T08:04:12+08:00,52.5593,54.368,52.0265,50.7645,44.8,71.6,0.6408,36.0041,8.3256,1.7958,0.0,1025.6578
C75E64B1-5587-4A6D-9D71-9B76B12C09D5,310104330002,2021-12-29T00:00:00+08:00,2025-07-14T08:04:02+08:00,2025-07-14T08:04:02+08:00,59.0238,60.5616,58.6244,57.6201,53.0,75.9,1.0598,36.4329,8.2916,1.9525,0.0,1025.2144
C22E90B9-0700-47E7-AABF-CF953D68B69E,310104320001,2021-12-30T00:00:00+08:00,2025-07-14T08:03:57+08:00,2025-07-14T08:03:57+08:00,49.0186,49.9572,48.8137,48.2078,44.3,62.4,0.2111,50.5652,3.377,0.4726,0.0,1029.2812
D4F009C2-B992-4979-A479-68C74BD8DB5A,310104340004,2021-12-30T00:00:00+08:00,2025-07-14T08:04:13+08:00,2025-07-14T08:04:13+08:00,56.8859,57.4846,56.785,56.3815,45.4,68.4,0.8422,30.9786,7.5896,3.1486,0.0,1028.6622
DFA66471-A198-443A-A452-60A933BFC63B,310104330002,2021-12-31T00:00:00+08:00,2025-07-14T08:04:21+08:00,2025-07-14T08:04:21+08:00,56.0884,57.2412,55.6767,55.0212,53.4,71.7,0.2279,57.7452,3.5533,0.2851,0.0,1030.9921
B7427813-7199-4233-B6F5-254E3C0AC59D,310104340004,2022-01-01T00:00:00+08:00,2025-07-14T08:03:49+08:00,2025-07-14T08:03:49+08:00,53.7014,55.2151,53.2834,52.4784,47.4,70.0,1.0045,56.1953,9.3129,1.5594,0.0,1025.6377
E196A363-E064-4A6D-926A-1AD879CA86D8,310104320001,2022-01-02T00:00:00+08:00,2025-07-14T08:04:22+08:00,2025-07-14T08:04:22+08:00,53.325,55.7724,52.3478,49.8133,42.4,75.5,0.6862,51.8992,8.9557,3.7868,0.0,1027.2971
B83F4298-9201-4719-A286-4E74A269B9E8,310104320001,2022-01-03T00:00:00+08:00,2025-07-14T08:03:49+08:00,2025-07-14T08:03:49+08:00,54.6337,57.0549,52.7024,50.752,42.7,81.7,0.483,54.326,10.6318,4.2522,0.0,1024.0934
F5A6912A-1382-4A49-ACF0-EBEAF8CC67C3,310104340004,2022-01-03T00:00:00+08:00,2025-07-14T08:04:33+08:00,2025-07-14T08:04:33+08:00,54.6223,55.4466,54.5789,53.7145,44.4,65.6,0.3813,70.91,6.5684,1.7251,0.0,1024.1204
D66F2597-C22C-454B-A8DA-7CB336345B18,310104340004,2022-01-04T00:00:00+08:00,2025-07-14T08:04:15+08:00,2025-07-14T08:04:15+08:00,55.0625,56.0183,54.84,54.1965,48.9,72.1,1.5303,63.8762,11.1729,1.5228,0.0,1023.0274
F6A8FA7B-AD35-41FF-A9BB-267F72FD3F97,310104320001,2022-01-05T00:00:00+08:00,2025-07-14T08:04:34+08:00,2025-07-14T08:04:34+08:00,47.9126,49.2629,47.5098,46.4545,41.4,70.8,1.265,68.3719,10.0737,1.2979,0.0667,1021.578
E59E2F40-8DF6-4065-825A-45AA4C28E8B0,310104330002,2022-01-05T00:00:00+08:00,2025-07-14T08:04:24+08:00,2025-07-14T08:04:24+08:00,58.7364,60.1206,58.3602,57.4182,53.2,74.6,1.435,74.8268,9.3932,2.0072,0.0333,1020.4563
DF74E891-2A88-4E71-916A-080895CCD0A5,310104340004,2022-01-05T00:00:00+08:00,2025-07-14T08:04:21+08:00,2025-07-14T08:04:21+08:00,55.1207,56.1522,54.8589,54.2135,49.7,72.2,1.8679,74.19,9.3819,1.1305,0.1416,1019.8279
C0B04CEE-2202-4315-9720-ABBAD0A359A0,310104320001,2022-01-06T00:00:00+08:00,2025-07-14T08:03:55+08:00,2025-07-14T08:03:55+08:00,47.6798,49.042,47.3293,46.3846,41.4,61.8,0.7956,67.9342,6.9573,0.9278,0.0,1027.6414
D8C0EA78-828D-4B37-A352-4AE3340C1456,310104340004,2022-01-06T00:00:00+08:00,2025-07-14T08:04:16+08:00,2025-07-14T08:04:16+08:00,52.0685,52.9826,51.8924,51.1747,45.4,66.7,1.3163,66.0427,7.2738,0.9762,0.0,1026.5457
F42BF8A4-E63A-4CD8-BA33-B982454F439E,310104330002,2022-01-07T00:00:00+08:00,2025-07-14T08:04:32+08:00,2025-07-14T08:04:32+08:00,54.9101,56.3369,54.4896,53.7878,52.6,69.9,0.8338,59.8344,6.4078,0.6166,0.0,1029.0383
EDFEFC73-67A6-406A-AE8B-4A5C31C0EB48,310104340004,2022-01-07T00:00:00+08:00,2025-07-14T08:04:29+08:00,2025-07-14T08:04:29+08:00,54.5827,55.3904,54.5022,53.724,47.8,66.3,1.023,58.7368,6.5465,1.8548,0.0,1028.5587
B882EFB9-37F6-47FC-B961-9FAB9170963F,310104320001,2022-01-08T00:00:00+08:00,2025-07-14T08:03:49+08:00,2025-07-14T08:03:49+08:00,53.0345,55.017,52.375,50.9948,41.6,73.8,0.6703,52.9224,7.7358,2.5049,0.0,1025.2581
DA2EFCBD-3EDA-47CC-9828-6542A41E81ED,310104330002,2022-01-08T00:00:00+08:00,2025-07-14T08:04:17+08:00,2025-07-14T08:04:17+08:00,54.6015,56.0114,54.167,53.5049,52.3,68.5,0.5292,62.8029,6.5526,0.7283,0.0,1025.7715
BC84DEFD-2BEE-4356-97FE-B478294357B8,310104320001,2022-01-09T00:00:00+08:00,2025-07-14T08:03:53+08:00,2025-07-14T08:03:53+08:00,51.5653,54.0236,50.6507,48.7394,41.0,76.7,0.4324,55.696,7.1957,1.9913,0.1634,1022.5744
CB1595C6-6095-4DCE-A324-3DD6281C6A0B,310104340004,2022-01-09T00:00:00+08:00,2025-07-14T08:04:05+08:00,2025-07-14T08:04:05+08:00,56.0533,56.8698,55.9574,55.2529,46.5,68.2,0.7068,54.7345,7.3768,0.5598,0.0733,1021.3819
EF534FFC-8825-4DCF-8F90-62446DDE5B73,310104330002,2022-01-10T00:00:00+08:00,2025-07-14T08:04:29+08:00,2025-07-14T08:04:29+08:00,59.601,61.2669,59.1036,57.9016,53.7,78.2,0.7682,57.4149,7.4977,1.365,0.045,1020.3284
D4AAAFA6-F941-4F69-AE33-6905F3D2EEBE,310104340004,2022-01-10T00:00:00+08:00,2025-07-14T08:04:13+08:00,2025-07-14T08:04:13+08:00,55.4405,56.2378,55.3686,54.6164,42.9,66.1,0.688,63.3279,6.532,1.0051,0.0,1020.5911
CE69D8F8-D905-47AA-8369-4F8C49F7F06D,310104340004,2022-01-11T00:00:00+08:00,2025-07-14T08:04:08+08:00,2025-07-14T08:04:08+08:00,59.2985,59.8502,59.2328,58.783,50.7,68.0,1.5145,43.524,4.8526,1.7252,0.0,1025.5198
DD30B8D9-EBD6-4A1E-A9F6-E17E722EE428,310104330002,2022-01-12T00:00:00+08:00,2025-07-14T08:04:19+08:00,2025-07-14T08:04:19+08:00,57.7005,58.9012,57.5025,56.5242,53.4,72.3,0.2958,55.0404,1.5064,2.011,0.0,1024.5934
C6F3835F-7D3C-4C3F-A9CC-1A824CC4CC61,310104340004,2022-01-12T00:00:00+08:00,2025-07-14T08:04:01+08:00,2025-07-14T08:04:01+08:00,56.0594,56.5825,56.0021,55.548,48.1,67.4,0.6332,45.7243,2.6299,0.5657,0.0,1023.766
CA5713FB-4AF2-4D6F-8188-5609D17C3912,310104320001,2022-01-13T00:00:00+08:00,2025-07-14T08:04:04+08:00,2025-07-14T08:04:04+08:00,47.1523,48.3038,46.8065,46.1966,42.3,61.1,0.3674,52.9076,2.9812,1.1621,0.0,1024.493
FA95E550-8D69-4F42-A54F-B42657500163,310104330002,2022-01-13T00:00:00+08:00,2025-07-14T08:04:36+08:00,2025-07-14T08:04:36+08:00,59.1503,60.4849,58.8156,57.8611,53.5,78.3,1.3088,47.3564,4.757,1.5071,0.0,1026.6213
EB430ED7-854D-4403-800B-9904504AE26D,310104330002,2022-01-14T00:00:00+08:00,2025-07-14T08:04:28+08:00,2025-07-14T08:04:28+08:00,59.2152,61.1239,58.3754,57.0672,53.1,87.3,1.0546,48.6184,5.3504,2.1151,0.0,1024.1794
F77A4DEB-EC7D-4F8D-A8FD-122EFB682865,310104340004,2022-01-14T00:00:00+08:00,2025-07-14T08:04:35+08:00,2025-07-14T08:04:35+08:00,58.7727,59.3818,58.6706,58.2049,47.2,75.5,0.9938,46.9684,5.595,2.5845,0.0,1023.5244
C2581021-3F87-4A69-9567-96167CEF5ED9,310104320001,2022-01-15T00:00:00+08:00,2025-07-14T08:03:57+08:00,2025-07-14T08:03:57+08:00,55.3402,57.4989,54.7089,52.6834,44.1,75.9,0.392,57.8325,7.4684,3.0445,0.0,1022.9143
C7E23E4C-58BA-4E63-92E0-B07D57663637,310104340004,2022-01-15T00:00:00+08:00,2025-07-14T08:04:02+08:00,2025-07-14T08:04:02+08:00,55.4865,56.3704,55.3027,54.6881,48.1,71.2,0.7246,56.0715,7.8668,2.1022,0.0,1021.7409
DBD4C3B7-423C-488E-9C54-2A96947D57EB,310104330002,2022-01-16T00:00:00+08:00,2025-07-14T08:04:18+08:00,2025-07-14T08:04:18+08:00,57.7019,59.7746,56.8765,55.7197,52.1,77.4,0.9726,54.6845,8.7199,2.1088,0.0,1026.268
E5A19E8E-3D3F-4924-BEE7-9DF3095339A1,310104340004,2022-01-16T00:00:00+08:00,2025-07-14T08:04:24+08:00,2025-07-14T08:04:24+08:00,54.427,55.509,54.1258,53.323,45.9,76.8,1.2238,52.6366,8.9996,1.4908,0.0,1025.5934
E9F3FEDA-F79D-4039-AB7B-6F3E2A8B607E,310104320001,2022-01-17T00:00:00+08:00,2025-07-14T08:04:27+08:00,2025-07-14T08:04:27+08:00,47.2736,48.265,47.0747,46.3204,41.8,58.0,0.6886,61.0253,7.1914,0.6367,0.0,1027.1781
B7CDFAB9-084B-4D73-B806-88B86F6D7C6C,310104330002,2022-01-17T00:00:00+08:00,2025-07-14T08:03:49+08:00,2025-07-14T08:03:49+08:00,54.0291,55.3103,53.6879,53.0404,51.8,65.2,0.7753,63.4424,7.0244,0.5873,0.0,1026.5265
D6EE10F4-12C9-4194-AEC2-1E6D5B5AA7DB,310104340004,2022-01-17T00:00:00+08:00,2025-07-14T08:04:15+08:00,2025-07-14T08:04:15+08:00,54.4595,55.2716,54.3945,53.6042,45.8,65.5,0.9221,61.0674,7.3275,0.7447,0.0,1026.0092
FB1F3545-3393-4124-A5A2-53D693416804,310104320001,2022-01-18T00:00:00+08:00,2025-07-14T08:04:37+08:00,2025-07-14T08:04:37+08:00,54.6108,56.5261,54.1307,52.3416,44.4,74.0,0.8699,53.8681,8.6221,2.4935,0.0,1025.5635
DAC5E86D-FEB5-44F9-9511-938157079F3C,310104330002,2022-01-19T00:00:00+08:00,2025-07-14T08:04:18+08:00,2025-07-14T08:04:18+08:00,62.8318,65.3043,62.4202,58.7678,52.5,79.5,0.734,59.1944,10.8867,4.4873,0.0,1022.4747
AFD493E1-F8A5-488D-A231-507D18AF9D47,310104320001,2022-01-20T00:00:00+08:00,2025-07-14T08:03:45+08:00,2025-07-14T08:03:45+08:00,54.7041,56.6335,54.1944,52.481,45.7,71.4,1.2588,52.1753,6.5634,2.5795,0.0,1027.8523
DC810F83-5C46-4D72-8116-E89E21FA82A6,310104330002,2022-01-20T00:00:00+08:00,2025-07-14T08:04:19+08:00,2025-07-14T08:04:19+08:00,54.0535,55.156,53.7586,53.166,51.5,70.1,1.425,65.1129,6.27,0.2616,0.0,1025.74
DC7EF843-B270-4830-AF69-FF4DB70532DF,310104340004,2022-01-20T00:00:00+08:00,2025-07-14T08:04:19+08:00,2025-07-14T08:04:19+08:00,53.0208,53.9047,52.8643,52.1542,46.0,66.6,1.4306,63.2076,6.5404,2.0445,0.0,1024.9032
D17D5212-6348-4C84-839C-8852E002AED9,310104320001,2022-01-21T00:00:00+08:00,2025-07-14T08:04:11+08:00,2025-07-14T08:04:11+08:00,54.5783,56.9213,53.6486,51.7942,44.9,78.6,1.2905,53.7221,7.8526,2.1792,0.0,1025.8881
D05CC901-8675-4F8D-A25D-978A28DF3FC7,310104340004,2022-01-21T00:00:00+08:00,2025-07-14T08:04:10+08:00,2025-07-14T08:04:10+08:00,55.4969,56.3425,55.4403,54.6071,46.2,65.2,1.0485,56.9526,5.8087,2.1087,0.0,1025.2152
FD62B89D-96F3-4ABC-959A-D72400F5EDE5,310104320001,2022-01-22T00:00:00+08:00,2025-07-14T08:04:38+08:00,2025-07-14T08:04:38+08:00,54.9323,56.6787,53.3958,51.5512,45.5,82.9,0.771,75.4323,9.4628,1.6389,0.195,1020.5072
FBC1C04D-B79C-47AE-B6A5-F68F015E6A01,310104340004,2022-01-22T00:00:00+08:00,2025-07-14T08:04:37+08:00,2025-07-14T08:04:37+08:00,53.4152,54.558,53.2536,52.2391,46.0,67.1,0.8575,72.2586,8.5714,1.8502,0.0,1019.4933
FCD195EF-011C-4D1C-93D4-8A2F58FA6A51,310104330002,2022-01-23T00:00:00+08:00,2025-07-14T08:04:38+08:00,2025-07-14T08:04:38+08:00,53.955,54.9223,53.7437,53.2435,50.8,63.5,0.8852,83.1937,10.0729,0.3214,0.055,1015.5533
FD2302A7-45C4-4520-B32A-2DE983C992CE,310104340004,2022-01-23T00:00:00+08:00,2025-07-14T08:04:38+08:00,2025-07-14T08:04:38+08:00,50.6136,51.7548,50.3594,49.5423,44.8,65.7,1.1006,82.6618,10.3753,1.2969,0.0,1014.8036
B892CECB-6B6D-4012-8688-9070FBFF69A1,310104320001,2022-01-24T00:00:00+08:00,2025-07-14T08:03:49+08:00,2025-07-14T08:03:49+08:00,47.5591,49.1155,47.2188,45.9291,41.1,61.6,0.9987,75.7481,7.318,0.766,0.2533,1019.9816
FC214CB5-B05F-4CB0-870B-A4922301D15E,310104330002,2022-01-24T00:00:00+08:00,2025-07-14T08:04:37+08:00,2025-07-14T08:04:37+08:00,54.422,55.1017,53.8256,53.2332,49.9,85.2,1.4678,73.8717,7.6448,0.7484,0.2083,1019.1865
C7264A28-88FE-447D-95D8-A05145049CDD,310104320001,2022-01-25T00:00:00+08:00,2025-07-14T08:04:01+08:00,2025-07-14T08:04:01+08:00,47.8206,49.1343,47.5939,46.392,41.3,62.3,0.5058,68.1299,5.4048,0.3838,0.0,1021.9789
F8FAD5C2-3065-4238-8917-24234B652EB3,310104340004,2022-01-25T00:00:00+08:00,2025-07-14T08:04:35+08:00,2025-07-14T08:04:35+08:00,58.6038,59.3817,58.5056,57.9007,44.6,69.4,0.8309,60.7858,7.5582,3.4667,0.0,1021.2509
EEA5FED2-231A-4825-8200-39CBB93F1B90,310104320001,2022-01-26T00:00:00+08:00,2025-07-14T08:04:29+08:00,2025-07-14T08:04:29+08:00,54.408,57.3514,53.2613,50.8414,46.1,68.4,0.8857,70.8518,6.4282,0.3855,0.0,1024.0221
D7AB68AC-9EAC-4FB4-BC33-BE45E0B8E487,310104330002,2022-01-27T00:00:00+08:00,2025-07-14T08:04:16+08:00,2025-07-14T08:04:16+08:00,53.962,54.9492,53.7528,53.1706,51.7,65.0,1.642,78.0555,6.2835,0.2348,0.0783,1022.7854
CCF9FAD3-B55F-4675-95AB-D4186531F000,310104320001,2022-01-28T00:00:00+08:00,2025-07-14T08:04:06+08:00,2025-07-14T08:04:06+08:00,48.2958,49.5449,48.0321,47.128,42.4,57.2,0.7486,69.6503,5.1337,0.5789,0.0927,1026.7098
D488DB4E-7D94-4538-BCC8-C5B041639CE3,310104320001,2022-01-29T00:00:00+08:00,2025-07-14T08:04:13+08:00,2025-07-14T08:04:13+08:00,52.5742,54.5305,51.9551,50.7091,45.7,72.0,0.7941,68.9847,3.9308,1.456,0.355,1022.3
E24CFAD2-5CDB-4718-84BE-8FE9D7FC7263,310104330002,2022-01-29T00:00:00+08:00,2025-07-14T08:04:22+08:00,2025-07-14T08:04:22+08:00,54.5774,55.7302,54.3039,53.7148,52.3,63.2,0.8131,80.8908,2.5864,0.1636,0.1016,1022.4804
CD26DFF3-C271-4018-B3E9-56FE79EA146D,310104330002,2022-01-30T00:00:00+08:00,2025-07-14T08:04:06+08:00,2025-07-14T08:04:06+08:00,56.2339,57.3699,55.9453,55.3495,51.1,69.0,0.9362,60.9832,4.618,2.0087,0.0,1024.0596
EAF5F8E4-6C76-413A-8C1D-6972EC1ED032,310104340004,2022-01-30T00:00:00+08:00,2025-07-14T08:04:28+08:00,2025-07-14T08:04:28+08:00,58.0161,58.7528,58.0624,57.1634,53.3,62.1,0.0,0.0,0.0,0.3053,0.0,0.0
CD10EB9C-62C6-4FD2-AD10-E0520120ADF3,310104330002,2022-01-31T00:00:00+08:00,2025-07-14T08:04:06+08:00,2025-07-14T08:04:06+08:00,56.6292,59.2915,55.7508,53.4656,51.6,80.1,0.2768,70.7911,2.3287,2.9815,0.0,1025.8562
B9166E94-97D0-476D-AE45-5C1EC5B8D9AD,310104340004,2022-01-31T00:00:00+08:00,2025-07-14T08:03:51+08:00,2025-07-14T08:03:51+08:00,56.5133,57.1934,56.5085,55.7306,42.8,67.5,0.0,0.0,0.0,1.7664,0.0,0.0
F7921AC3-4617-44E8-A901-D7B41F35EA29,310104320001,2022-02-01T00:00:00+08:00,2025-07-14T08:04:35+08:00,2025-07-14T08:04:35+08:00,47.2477,48.7035,46.8425,46.0301,40.1,63.6,0.5111,53.4418,5.5838,0.6074,0.0,1027.0259
CA035F33-995F-4096-BF06-84933A985C57,310104330002,2022-02-01T00:00:00+08:00,2025-07-14T08:04:04+08:00,2025-07-14T08:04:04+08:00,54.8748,57.2162,53.5279,52.4257,47.4,83.9,1.4248,43.6238,6.6392,1.9011,0.0,1027.8753
BE0C03CB-D635-4BEF-999B-C5C4C81134F3,310104320001,2022-02-02T00:00:00+08:00,2025-07-14T08:03:54+08:00,2025-07-14T08:03:54+08:00,49.9319,52.2769,48.9731,47.6069,42.2,68.1,0.8154,66.6063,4.6254,0.6006,0.3933,1028.2362
BA6AE2F7-719B-4973-9D07-D6B82FF656FE,310104330002,2022-02-02T00:00:00+08:00,2025-07-14T08:03:51+08:00,2025-07-14T08:03:51+08:00,53.9184,55.3588,53.5053,52.7963,48.3,70.2,1.3236,65.1438,4.7771,0.2818,0.155,1027.2727
C8A91BA7-2649-4577-B204-51E4E4E672CF,310104320001,2022-02-03T00:00:00+08:00,2025-07-14T08:04:02+08:00,2025-07-14T08:04:02+08:00,50.2021,52.1615,49.4671,48.2889,43.5,72.5,0.85,68.996,4.9352,1.1123,0.2677,1025.72
FC7A77B0-46D5-4795-8307-27BABEB67795,310104330002,2022-02-03T00:00:00+08:00,2025-07-14T08:04:38+08:00,2025-07-14T08:04:38+08:00,53.1731,53.9568,53.0175,52.5958,51.5,66.6,0.9445,74.4728,3.7326,0.2706,0.0,1025.7556
D24BBD9C-E9CF-4141-A948-D7C7A40510EA,310104340004,2022-02-03T00:00:00+08:00,2025-07-14T08:04:11+08:00,2025-07-14T08:04:11+08:00,57.4624,58.3248,57.4083,56.5153,42.4,77.0,0.0,0.0,0.0,1.7818,0.0,0.0
DD5F5010-4B26-4A04-AADC-B93A50DA09DD,310104320001,2022-02-05T00:00:00+08:00,2025-07-14T08:04:19+08:00,2025-07-14T08:04:19+08:00,45.0309,46.7298,44.3295,43.7319,41.6,64.9,0.3662,66.2868,2.412,0.8665,0.0,1029.4002
E73D38C1-E927-40C8-915D-EABB0804BBA7,310104330002,2022-02-05T00:00:00+08:00,2025-07-14T08:04:25+08:00,2025-07-14T08:04:25+08:00,55.0503,57.546,53.8618,52.7687,48.9,82.0,1.1899,46.3004,5.1105,1.667,0.0,1030.3762
D3226FEE-3331-4836-AE6E-8E8759EF6C10,310104340004,2022-02-05T00:00:00+08:00,2025-07-14T08:04:12+08:00,2025-07-14T08:04:12+08:00,55.0715,55.6942,55.007,54.4589,44.0,67.1,0.0,0.0,0.0,0.8554,0.0,0.0
F10AD576-0E02-4658-9176-BB5197B13F94,310104340004,2022-02-06T00:00:00+08:00,2025-07-14T08:04:30+08:00,2025-07-14T08:04:30+08:00,56.2052,57.022,56.1468,55.4094,44.0,65.6,0.0,0.0,0.0,0.3381,0.0,0.0
BC6AF942-5F2A-4ED2-A821-280CA025CFA4,310104320001,2022-02-07T00:00:00+08:00,2025-07-14T08:03:53+08:00,2025-07-14T08:03:53+08:00,53.1219,56.1326,52.0158,49.8479,45.3,72.4,1.0289,79.274,4.3167,2.7809,0.0367,1024.2764
E0BE3372-39D7-40C5-A155-FDA96E071492,310104340004,2022-02-07T00:00:00+08:00,2025-07-14T08:04:21+08:00,2025-07-14T08:04:21+08:00,59.7058,60.2386,59.6373,59.2525,46.7,72.6,0.0,0.0,0.0,1.8787,0.0,0.0
E20BCA56-7B1B-480E-A152-25604A6A9C7D,310104320001,2022-02-08T00:00:00+08:00,2025-07-14T08:04:22+08:00,2025-07-14T08:04:22+08:00,52.8751,54.9261,52.2449,50.8291,46.1,70.5,0.866,65.1242,6.228,1.9155,0.0,1027.3532
F533BA32-9950-4908-BE3D-7715690F2E57,310104340004,2022-02-08T00:00:00+08:00,2025-07-14T08:04:33+08:00,2025-07-14T08:04:33+08:00,57.7314,58.5074,57.6431,57.006,44.9,69.7,0.0,0.0,0.0,0.9772,0.0,0.0
E813733A-B4A7-410E-BFD1-047DEE9648EF,310104330002,2022-02-09T00:00:00+08:00,2025-07-14T08:04:26+08:00,2025-07-14T08:04:26+08:00,54.8358,56.311,54.4052,53.6155,50.5,73.4,0.5188,72.4207,4.0672,1.2525,0.0,1024.5765
B7A9B6A9-1D37-4FD9-A0AA-B35BE66221E8,310104330002,2022-02-10T00:00:00+08:00,2025-07-14T08:03:49+08:00,2025-07-14T08:03:49+08:00,54.074,54.9169,53.8686,53.4901,51.5,66.1,0.4449,72.915,4.986,0.17,0.0,1023.0478
E878F33F-A90E-4124-8CDD-3552BE67BF09,310104340004,2022-02-10T00:00:00+08:00,2025-07-14T08:04:26+08:00,2025-07-14T08:04:26+08:00,56.2776,57.0487,56.2107,55.5548,43.4,65.0,0.6388,70.3358,5.1266,2.8304,0.0,1022.6192
EA5C952C-65FE-4468-8C76-4915C157D2FE,310104330002,2022-02-11T00:00:00+08:00,2025-07-14T08:04:27+08:00,2025-07-14T08:04:27+08:00,53.9733,54.8453,53.7639,53.3414,51.6,65.3,0.7542,69.2198,6.2421,0.2152,0.18,1022.2313
C929433E-3C5F-43CF-BE7C-41AB93E450D3,310104330002,2022-02-12T00:00:00+08:00,2025-07-14T08:04:04+08:00,2025-07-14T08:04:04+08:00,53.8731,54.8929,53.6335,53.1223,51.7,65.1,1.0806,71.6242,7.0928,0.2285,0.0,1020.8986
F669C18E-F3FB-4F8D-AA0F-B90787A91CDD,310104320001,2022-02-13T00:00:00+08:00,2025-07-14T08:04:34+08:00,2025-07-14T08:04:34+08:00,46.3753,47.79,45.9364,45.1766,39.9,63.5,0.4249,70.6783,7.3548,1.112,0.0,1019.7469
F445EC47-0793-4896-9B4D-E463CDFFC102,310104330002,2022-02-14T00:00:00+08:00,2025-07-14T08:04:33+08:00,2025-07-14T08:04:33+08:00,57.1109,58.6019,56.6289,55.784,52.7,79.6,0.9194,45.3645,9.6486,1.8321,0.0,1021.9583
C3991125-3E13-4305-9F83-434E826FC6E3,310104340004,2022-02-14T00:00:00+08:00,2025-07-14T08:03:58+08:00,2025-07-14T08:03:58+08:00,51.7816,53.1654,51.2836,50.5278,48.3,71.2,0.9528,43.9872,10.2574,0.7262,0.0,1023.2948
D26B7D63-86D3-443D-9248-3A7AF8FCD324,310104330002,2022-02-15T00:00:00+08:00,2025-07-14T08:04:11+08:00,2025-07-14T08:04:11+08:00,58.2518,60.3407,57.4633,56.25,53.2,81.0,0.9588,59.641,6.0408,1.6071,0.0,1023.6149
C1A9FD62-7DC1-419A-99A1-5EE2B3E90CDF,310104320001,2022-02-16T00:00:00+08:00,2025-07-14T08:03:57+08:00,2025-07-14T08:03:57+08:00,49.1563,50.3389,48.9349,48.0699,40.3,64.3,0.7782,63.277,4.7685,1.1543,0.0,1024.4815
FF19D5BA-1C3A-47D2-81DD-0C40D006E242,310104330002,2022-02-16T00:00:00+08:00,2025-07-14T08:04:39+08:00,2025-07-14T08:04:39+08:00,57.7274,59.3796,57.2279,56.1615,52.3,77.3,1.2823,57.781,6.555,1.7511,0.0,1023.8075
FFDBCD09-94BD-4B3F-AB98-9BC31EB91948,310104320001,2022-02-17T00:00:00+08:00,2025-07-14T08:04:40+08:00,2025-07-14T08:04:40+08:00,53.9942,55.8337,53.4509,52.1128,45.1,76.5,1.7167,51.84,4.3299,1.531,0.0,1026.1809
D877C012-17C7-4CAE-A713-607F8A600012,310104330002,2022-02-17T00:00:00+08:00,2025-07-14T08:04:16+08:00,2025-07-14T08:04:16+08:00,54.487,55.5343,54.2555,53.63,52.5,65.1,1.861,56.972,3.4096,0.3776,0.055,1025.7931
F86BEDF7-7421-4090-8274-84A9E8DDD8B1,310104320001,2022-02-18T00:00:00+08:00,2025-07-14T08:04:35+08:00,2025-07-14T08:04:35+08:00,48.8365,49.6697,48.7056,48.0623,43.8,56.5,0.6999,74.7228,3.7577,0.5139,0.15,1026.4088
CC1D58A4-BA13-4AB8-A0AC-6161BEE3C726,310104340004,2022-02-18T00:00:00+08:00,2025-07-14T08:04:05+08:00,2025-07-14T08:04:05+08:00,59.7299,60.3317,59.6458,59.2116,49.8,68.0,1.5143,64.8987,5.875,1.5508,0.1899,1024.8795
C972E940-B1E3-420E-B548-59538BF9AB10,310104340004,2022-02-19T00:00:00+08:00,2025-07-14T08:04:04+08:00,2025-07-14T08:04:04+08:00,57.434,58.1333,57.2836,56.8371,49.2,71.4,1.5561,55.1285,4.5123,1.4884,0.0,1027.7952
E799730F-5841-4FE0-82E5-4CC84B2031A1,310104330002,2022-02-20T00:00:00+08:00,2025-07-14T08:04:26+08:00,2025-07-14T08:04:26+08:00,55.5721,57.4023,55.0439,53.9625,52.7,73.5,0.9265,47.4218,1.4508,1.6725,0.0,1029.9389
E0BCE3D5-847B-4234-B88D-58F103068581,310104320001,2022-02-21T00:00:00+08:00,2025-07-14T08:04:21+08:00,2025-07-14T08:04:21+08:00,48.1853,49.7049,47.7006,46.8936,42.7,67.4,0.2965,44.68,2.2404,1.5527,0.0,1031.1856
FB8E7830-08E0-4D29-8C4C-00D9A22B201A,310104320001,2022-02-22T00:00:00+08:00,2025-07-14T08:04:37+08:00,2025-07-14T08:04:37+08:00,53.7065,56.2374,52.6571,51.1476,45.1,79.9,0.8471,37.8369,7.2186,2.1519,0.0,1031.8084
C5548234-858A-4BBC-9989-164EA6FD7BBD,310104330002,2022-02-22T00:00:00+08:00,2025-07-14T08:03:59+08:00,2025-07-14T08:03:59+08:00,59.9947,62.6155,59.0746,57.1116,53.1,78.2,0.7564,39.2799,7.313,3.0462,0.03,1031.3617
BDF11C72-292C-4F88-903D-17AB6B313EDC,310104340004,2022-02-22T00:00:00+08:00,2025-07-14T08:03:54+08:00,2025-07-14T08:03:54+08:00,59.2289,59.9585,59.14,58.5838,52.3,69.2,1.0897,38.4671,7.3182,1.2319,0.0533,1032.2659
F4659E86-B367-4787-9093-3196EF3C395F,310104320001,2022-02-23T00:00:00+08:00,2025-07-14T08:04:33+08:00,2025-07-14T08:04:33+08:00,53.8387,56.1016,53.0031,51.4961,44.3,73.9,1.1168,44.9022,5.5092,2.2887,0.0,1033.0676
F09E2EEA-6E20-40F7-B5F6-97F784E620E8,310104340004,2022-02-23T00:00:00+08:00,2025-07-14T08:04:30+08:00,2025-07-14T08:04:30+08:00,59.0095,59.7367,58.904,58.3551,49.0,72.7,1.6056,44.9783,5.6021,1.8547,0.0,1033.4631
F5B68C4A-BCA3-461B-9302-3B0CA8B15995,310104330002,2022-02-24T00:00:00+08:00,2025-07-14T08:04:33+08:00,2025-07-14T08:04:33+08:00,58.1221,59.4372,57.8032,56.9172,53.3,71.3,0.889,43.0284,6.4055,1.434,0.0,1031.6888
C7769D48-4993-4750-ACE2-4E76EC62CF14,310104330002,2022-02-25T00:00:00+08:00,2025-07-14T08:04:02+08:00,2025-07-14T08:04:02+08:00,58.9267,60.2603,58.5834,57.5278,53.1,81.3,1.4229,50.9344,8.3282,1.5918,0.0,1026.894
D317160D-56BB-4E45-85B5-872A3F012D9B,310104320001,2022-02-26T00:00:00+08:00,2025-07-14T08:04:12+08:00,2025-07-14T08:04:12+08:00,53.414,56.2634,52.0938,49.3072,42.9,81.8,0.5559,42.7125,13.5884,2.8507,0.0,1021.127
F9978942-1C66-459B-885A-4C729C32AFEA,310104340004,2022-02-26T00:00:00+08:00,2025-07-14T08:04:36+08:00,2025-07-14T08:04:36+08:00,51.4474,52.6998,51.1782,50.2138,44.6,66.9,0.8792,64.3592,7.788,2.4104,0.0,1023.2551
D18FE6B7-283F-4829-A5A5-9302D2000F57,310104330002,2022-02-27T00:00:00+08:00,2025-07-14T08:04:11+08:00,2025-07-14T08:04:11+08:00,58.2675,59.8465,57.8712,56.7237,52.9,74.9,1.162,47.5234,11.5527,1.4283,0.0,1022.2201
BFA9FBDD-A557-4836-8755-2BA326833C8D,310104340004,2022-02-27T00:00:00+08:00,2025-07-14T08:03:55+08:00,2025-07-14T08:03:55+08:00,50.9209,52.4054,50.5022,49.6053,42.3,66.6,1.2888,52.5755,8.3814,1.659,0.0,1023.117
D56EB2C8-354F-4069-B83E-F4C1D75FE23B,310104320001,2022-03-01T00:00:00+08:00,2025-07-14T08:04:13+08:00,2025-07-14T08:04:13+08:00,47.3053,50.9362,45.2772,43.0713,39.2,68.1,0.5938,70.3749,12.6271,3.2496,0.09,1016.5778
D0F9D8EA-310A-4024-AA40-8656A69FE19C,310104330002,2022-03-01T00:00:00+08:00,2025-07-14T08:04:11+08:00,2025-07-14T08:04:11+08:00,59.7405,63.3886,58.2181,53.891,52.4,79.7,1.0246,70.308,12.5689,4.7925,0.0183,1016.248
DF2A3CD5-9B7C-4D58-8D42-B33CF5F53C10,310104320001,2022-03-02T00:00:00+08:00,2025-07-14T08:04:20+08:00,2025-07-14T08:04:20+08:00,52.7481,55.192,51.8731,49.8225,43.1,74.3,0.7016,38.5787,12.506,2.8631,0.0,1020.7947
BBF21AA2-3977-4839-852D-54E7808CFA75,310104340004,2022-03-02T00:00:00+08:00,2025-07-14T08:03:52+08:00,2025-07-14T08:03:52+08:00,54.0519,55.7348,53.5573,52.5998,47.5,74.5,1.0221,39.6794,12.3457,0.8447,0.0,1021.2302
EBC63330-537C-44C0-88B2-9AAB7224585E,310104330002,2022-03-03T00:00:00+08:00,2025-07-14T08:04:28+08:00,2025-07-14T08:04:28+08:00,58.9846,60.5034,58.5293,57.4246,53.0,77.9,1.464,51.2543,14.1775,1.6015,0.0,1016.5138
FDCFE131-BE9E-4F46-BDF7-D089088019AD,310104330002,2022-03-04T00:00:00+08:00,2025-07-14T08:04:38+08:00,2025-07-14T08:04:38+08:00,54.6339,55.6214,54.3718,53.877,52.5,69.2,0.6541,69.9686,11.6732,0.5077,0.035,1013.7525
CC25AFAC-F897-4D86-8EE6-6D5B51A10C87,310104340004,2022-03-04T00:00:00+08:00,2025-07-14T08:04:05+08:00,2025-07-14T08:04:05+08:00,51.74,52.9271,51.5025,50.4576,46.4,75.2,0.6803,68.696,11.99,0.2715,0.0117,1014.7697
DD0EEB4B-4C67-46AB-A9AD-D8E03B2A4441,310104320001,2022-03-05T00:00:00+08:00,2025-07-14T08:04:19+08:00,2025-07-14T08:04:19+08:00,48.5496,51.1834,47.3766,45.9398,41.4,65.2,0.6029,73.7995,11.1934,2.3082,0.0,1016.239
B1F9487D-85A5-4DCD-A861-E1EC4C89CF6B,310104330002,2022-03-06T00:00:00+08:00,2025-07-14T08:03:46+08:00,2025-07-14T08:03:46+08:00,57.3642,58.8819,56.9182,55.8423,51.7,75.4,0.819,40.4501,9.8366,1.6208,0.0,1022.4095
B9D9AFC4-3C26-4201-9358-E91050010530,310104340004,2022-03-06T00:00:00+08:00,2025-07-14T08:03:51+08:00,2025-07-14T08:03:51+08:00,52.8628,54.3894,52.5048,51.3811,44.7,69.7,1.3253,39.1674,9.6002,0.5591,0.0,1023.3465
EA64F7A2-1EF7-4CF5-832B-3ED8E3540888,310104320001,2022-03-08T00:00:00+08:00,2025-07-14T08:04:27+08:00,2025-07-14T08:04:27+08:00,50.5771,54.5638,48.4564,44.3706,41.1,72.1,0.3481,61.5336,9.2125,4.8081,0.0,1018.9628
E90D472C-2DE5-49C8-93E3-D87496EF089F,310104340004,2022-03-09T00:00:00+08:00,2025-07-14T08:04:27+08:00,2025-07-14T08:04:27+08:00,51.0543,52.5851,50.7431,49.574,43.6,65.2,0.9215,58.1073,10.8335,1.6978,0.0,1018.6638
C0958249-08E0-4978-8EA8-1212408C0B40,310104320001,2022-03-10T00:00:00+08:00,2025-07-14T08:03:55+08:00,2025-07-14T08:03:55+08:00,46.5763,48.3204,46.0572,44.984,40.8,67.1,1.0118,61.7997,13.0421,1.3772,0.0,1015.8568
EC5284D4-5011-408E-9440-0A007763EC5F,310104330002,2022-03-10T00:00:00+08:00,2025-07-14T08:04:28+08:00,2025-07-14T08:04:28+08:00,55.0422,56.1113,54.7678,54.0819,52.5,74.1,1.5613,65.3544,12.5464,0.6158,0.0,1015.6158
D74443FC-239E-4EA7-B3AE-6DF6CE3C5213,310104340004,2022-03-10T00:00:00+08:00,2025-07-14T08:04:15+08:00,2025-07-14T08:04:15+08:00,53.8352,55.3787,53.4541,52.4456,47.3,69.8,1.3916,54.7018,17.7433,1.0658,0.0,1015.1594
F7C0E41D-24A7-4D84-9D20-4EACB63BE297,310104320001,2022-03-11T00:00:00+08:00,2025-07-14T08:04:35+08:00,2025-07-14T08:04:35+08:00,45.7513,48.1517,44.748,43.1493,39.8,66.4,0.3071,72.5272,15.0722,2.4028,0.0,1013.317
E7C8C561-0EE2-4B13-80E7-49D7A3A0F301,310104330002,2022-03-11T00:00:00+08:00,2025-07-14T08:04:26+08:00,2025-07-14T08:04:26+08:00,56.4594,59.0725,55.4189,54.1952,52.9,74.7,0.393,73.62,14.7042,2.244,0.0,1012.6088
E7C66D90-3DB6-4C35-AE33-76B60179A511,310104340004,2022-03-11T00:00:00+08:00,2025-07-14T08:04:26+08:00,2025-07-14T08:04:26+08:00,51.3539,53.3901,50.7375,49.4731,44.2,68.3,0.8969,49.8164,21.0943,1.7618,0.0,1014.1338
ED632780-24B1-4123-8A72-567C4FDDFC62,310104320001,2022-03-12T00:00:00+08:00,2025-07-14T08:04:28+08:00,2025-07-14T08:04:28+08:00,45.2232,47.7224,44.2779,42.5289,38.9,64.0,0.5273,77.3676,16.1082,2.743,0.0,1013.105
EE4AF602-680A-4045-B646-2E94B76C02B4,310104320001,2022-03-13T00:00:00+08:00,2025-07-14T08:04:29+08:00,2025-07-14T08:04:29+08:00,45.6316,48.5237,44.4038,42.4787,39.9,66.4,0.9688,68.3435,18.5245,2.8049,0.0,1009.1825
BEF40D47-4B82-4DCC-A24D-32630A22B979,310104320001,2022-03-14T00:00:00+08:00,2025-07-14T08:03:54+08:00,2025-07-14T08:03:54+08:00,44.658,46.8746,43.9564,42.4839,39.1,57.5,0.6048,71.6392,15.8717,2.3813,0.0,1011.8325
BAAF6316-C0E4-44D3-9E17-8C09E9E1DD23,310104330002,2022-03-14T00:00:00+08:00,2025-07-14T08:03:52+08:00,2025-07-14T08:03:52+08:00,58.0918,61.4521,56.5329,53.8333,51.3,76.4,0.5458,72.6639,15.3381,4.0236,0.0,1011.5896
B311CB81-D64A-47D8-BF11-262A5FBFED2C,310104320001,2022-03-15T00:00:00+08:00,2025-07-14T08:03:47+08:00,2025-07-14T08:03:47+08:00,55.3889,57.6787,54.7763,52.2015,41.9,76.4,1.1681,45.7708,17.0103,4.7137,0.0,1012.4623
BA27D434-BC4B-475F-BE72-08E63543609C,310104340004,2022-03-15T00:00:00+08:00,2025-07-14T08:03:51+08:00,2025-07-14T08:03:51+08:00,50.634,52.3872,50.1988,48.8292,43.6,71.4,1.1294,46.0253,17.3156,1.1075,0.0,1013.1407
BCC9B401-1480-4878-8D2A-3EEFBB9DE4A2,310104330002,2022-03-17T00:00:00+08:00,2025-07-14T08:03:53+08:00,2025-07-14T08:03:53+08:00,55.0514,56.484,54.5641,53.7724,51.8,68.7,1.489,80.058,13.4139,0.5864,0.1067,1005.8688
CD75A759-6D68-4A9E-81BD-02ADB44261CE,310104320001,2022-03-18T00:00:00+08:00,2025-07-14T08:04:06+08:00,2025-07-14T08:04:06+08:00,55.2099,58.5926,53.7,50.9471,43.6,72.5,0.6051,69.3544,9.7046,4.1951,0.0,1012.0653
DF6F5DF6-C6C0-4959-AD3B-3FEF105EC84F,310104330002,2022-03-19T00:00:00+08:00,2025-07-14T08:04:21+08:00,2025-07-14T08:04:21+08:00,56.0962,57.5787,55.7068,54.754,50.8,70.1,1.4079,62.8366,10.4914,1.4459,0.0,1014.1474
F29BA262-9BFA-4CC3-9C39-3ED3A7D7E52F,310104340004,2022-03-19T00:00:00+08:00,2025-07-14T08:04:32+08:00,2025-07-14T08:04:32+08:00,50.3903,51.3485,50.2046,49.4326,45.9,66.3,1.0584,66.0215,10.1955,1.1995,0.0,1013.0091
DB16CA1F-3BAC-4A34-B669-8A012D3B1954,310104330002,2022-03-20T00:00:00+08:00,2025-07-14T08:04:18+08:00,2025-07-14T08:04:18+08:00,53.3501,54.084,53.1887,52.7106,51.0,68.8,0.7552,62.5838,7.7872,0.2905,0.0,1017.0992
CA596060-327B-4B6F-B15C-4A7709F3F873,310104340004,2022-03-20T00:00:00+08:00,2025-07-14T08:04:04+08:00,2025-07-14T08:04:04+08:00,50.6895,51.5553,50.5245,49.7927,46.4,65.2,1.0992,61.896,7.7807,0.9368,0.0,1018.1305
D4E75B07-67FC-402E-A174-039A3E8234E6,310104320001,2022-03-21T00:00:00+08:00,2025-07-14T08:04:13+08:00,2025-07-14T08:04:13+08:00,53.7489,56.0332,52.9666,51.5013,47.1,70.7,1.5143,82.4342,8.2073,0.9584,0.0833,1019.8824
F79A623B-EE83-42E3-90E3-DF9DE0B96C0F,310104330002,2022-03-22T00:00:00+08:00,2025-07-14T08:04:35+08:00,2025-07-14T08:04:35+08:00,56.5903,57.7723,56.2487,55.5309,52.1,77.4,1.3864,58.8173,9.6377,1.6321,0.0,1021.499
D59B8CDB-AAA4-47EC-A129-DC253E4F7EC1,310104340004,2022-03-22T00:00:00+08:00,2025-07-14T08:04:13+08:00,2025-07-14T08:04:13+08:00,54.0857,55.045,53.8066,53.1574,49.6,72.4,1.4875,57.1983,9.7303,0.9158,0.0,1022.5488
FB8A491B-4085-40B3-BE3D-D2878B26D40B,310104330002,2022-03-23T00:00:00+08:00,2025-07-14T08:04:37+08:00,2025-07-14T08:04:37+08:00,56.5559,57.8861,56.166,55.2668,52.2,78.8,0.9034,43.0296,12.0778,1.2031,0.0,1018.5686
B10C6996-F84A-4FA3-8106-BCCA3807759C,310104320001,2022-03-24T00:00:00+08:00,2025-07-14T08:03:46+08:00,2025-07-14T08:03:46+08:00,50.7774,52.0221,50.477,49.6732,44.6,66.6,0.708,64.2351,9.3238,1.221,0.0,1016.313
D6362EFE-D960-409C-AFB7-05F14017C2A6,310104330002,2022-03-24T00:00:00+08:00,2025-07-14T08:04:15+08:00,2025-07-14T08:04:15+08:00,56.2867,57.6995,55.8822,55.0393,52.4,69.9,1.0114,65.3688,9.4781,0.6774,0.0,1016.1001
CCBA768A-0A15-4DE0-A4EF-5282CBC9D33E,310104320001,2022-03-26T00:00:00+08:00,2025-07-14T08:04:06+08:00,2025-07-14T08:04:06+08:00,53.7902,55.9642,53.1248,51.0938,40.8,74.1,0.8039,49.3663,15.2413,3.6555,0.0,1014.0481
E91D174A-31BF-43BA-9D67-0A125DBA4944,310104330002,2022-03-26T00:00:00+08:00,2025-07-14T08:04:27+08:00,2025-07-14T08:04:27+08:00,54.756,56.5426,54.1736,52.947,51.0,77.1,1.2588,63.4328,14.5205,2.1136,0.0,1009.5206
CBF7E2A9-273E-410A-A4FE-40705041A017,310104320001,2022-03-27T00:00:00+08:00,2025-07-14T08:04:05+08:00,2025-07-14T08:04:05+08:00,49.109,52.051,47.8118,46.0122,41.8,72.3,0.5318,48.8952,12.2134,3.0902,0.0,1018.4448
DF6805B2-1F6D-4E91-B391-844C200471FE,310104330002,2022-03-27T00:00:00+08:00,2025-07-14T08:04:21+08:00,2025-07-14T08:04:21+08:00,56.9545,58.0573,56.3428,55.4861,51.3,88.5,1.08,38.3694,15.5965,1.7073,0.0,1018.7547
EB5C565C-8A44-4C5A-8C06-F1598DAC7ED9,310104330002,2022-03-28T00:00:00+08:00,2025-07-14T08:04:28+08:00,2025-07-14T08:04:28+08:00,53.8036,55.0158,53.446,52.8798,51.4,69.3,0.9823,61.607,10.1598,0.464,0.0,1022.6996
FFAE0DCA-0A2A-4B2F-81DD-EA7DE7C7882A,310104340004,2022-03-28T00:00:00+08:00,2025-07-14T08:04:40+08:00,2025-07-14T08:04:40+08:00,50.6306,52.5263,50.0711,48.834,42.7,72.4,1.304,44.1299,12.4476,0.9636,0.0,1024.431
EE63A052-5457-4AA6-892D-BC17428128E8,310104320001,2022-03-29T00:00:00+08:00,2025-07-14T08:04:29+08:00,2025-07-14T08:04:29+08:00,48.3996,49.7127,48.118,47.1657,42.2,66.3,0.6095,63.1937,9.9841,1.5048,0.0,1021.5536
FDA4AFFB-1441-46F0-B670-D999233A9A5B,310104330002,2022-03-29T00:00:00+08:00,2025-07-14T08:04:38+08:00,2025-07-14T08:04:38+08:00,57.2557,58.7241,56.7554,55.7016,52.0,85.9,1.466,45.8795,15.2671,1.5955,0.0,1019.2995
C847A763-E961-49CD-9613-2542CE4327BA,310104320001,2022-03-30T00:00:00+08:00,2025-07-14T08:04:02+08:00,2025-07-14T08:04:02+08:00,46.6656,48.5477,46.1151,44.8273,40.2,62.9,0.8938,74.5665,14.074,2.5449,0.0,1017.5023
C3FED30F-67D6-4F1B-B6D9-8F753BE49C12,310104340004,2022-03-30T00:00:00+08:00,2025-07-14T08:03:58+08:00,2025-07-14T08:03:58+08:00,46.6497,47.8825,46.321,45.3807,39.9,64.4,1.2264,73.9504,14.3042,1.6109,0.0,1018.2304
BA861761-DBBD-4943-A290-E22510D4A379,310104330002,2022-03-31T00:00:00+08:00,2025-07-14T08:03:52+08:00,2025-07-14T08:03:52+08:00,56.4319,58.0286,55.873,55.008,50.9,77.9,1.8513,60.9351,12.4807,1.9616,0.0733,1025.7184
F93366A1-13DB-42D6-A808-584ED43179E4,310104320001,2022-04-01T00:00:00+08:00,2025-07-14T08:04:36+08:00,2025-07-14T08:04:36+08:00,49.0123,50.5326,48.461,47.377,41.9,68.1,0.8076,52.0737,8.8288,1.1312,0.0,1029.2983
D82A929A-5C5C-4B4C-97B5-98644E807D84,310104340004,2022-04-01T00:00:00+08:00,2025-07-14T08:04:16+08:00,2025-07-14T08:04:16+08:00,49.3448,51.6006,48.5118,47.3134,41.8,66.2,1.6658,40.5705,12.0304,1.3075,0.0,1030.405
F1AABF08-43ED-4469-87FA-28720678DA93,310104320001,2022-04-02T00:00:00+08:00,2025-07-14T08:04:31+08:00,2025-07-14T08:04:31+08:00,48.9373,50.6722,48.4644,47.2989,43.2,66.4,0.4755,63.632,8.0809,2.279,0.0,1028.4131
E3B115C4-EB7A-4BA2-A3FA-768C5F168F76,310104330002,2022-04-02T00:00:00+08:00,2025-07-14T08:04:22+08:00,2025-07-14T08:04:22+08:00,54.6828,56.2102,54.1043,53.5971,50.2,74.3,0.8586,39.0553,12.763,1.9301,0.0,1027.2274
E4275053-3BD7-44D9-946C-A8397D034E24,310104340004,2022-04-02T00:00:00+08:00,2025-07-14T08:04:22+08:00,2025-07-14T08:04:22+08:00,48.7573,50.4468,48.2627,47.1039,37.4,65.6,1.2127,38.0125,12.8611,2.2753,0.0,1028.0712
FC11AE6C-EC5C-4DB7-B032-C2FCA0C84417,310104320001,2022-04-03T00:00:00+08:00,2025-07-14T08:04:37+08:00,2025-07-14T08:04:37+08:00,50.3668,52.9608,49.6037,47.3559,42.3,72.6,0.4307,60.4327,8.5537,3.0527,0.0,1027.5922
C4778B53-2D9E-4E7E-B869-01AB28B87E94,310104330002,2022-04-03T00:00:00+08:00,2025-07-14T08:03:59+08:00,2025-07-14T08:03:59+08:00,53.1323,54.2327,52.8275,52.3399,51.3,74.4,0.4454,60.0749,8.8646,0.879,0.0,1027.1853
B3FD3D4A-CE28-4EA2-B8E3-FEA25F47A65F,310104320001,2022-04-06T00:00:00+08:00,2025-07-14T08:03:47+08:00,2025-07-14T08:03:47+08:00,48.6324,52.0465,46.5461,44.2096,38.1,73.7,0.6768,40.4555,20.2533,3.3824,0.0,1019.0899
EAB280AE-B122-4933-A369-3C7935AD1A0F,310104330002,2022-04-06T00:00:00+08:00,2025-07-14T08:04:28+08:00,2025-07-14T08:04:28+08:00,55.2214,57.2466,54.6644,53.2297,51.4,77.1,0.3406,74.6467,12.1024,2.551,0.0,1018.7024
BACFBD87-5DEB-461E-AF31-65093C50FD22,310104330002,2022-04-07T00:00:00+08:00,2025-07-14T08:03:52+08:00,2025-07-14T08:03:52+08:00,57.6911,61.6098,55.3587,52.7134,51.1,77.6,0.3303,70.0932,14.9725,4.2352,0.0,1017.4173
F43201EC-DD2A-41F8-8161-E065DF52C5FD,310104320001,2022-04-08T00:00:00+08:00,2025-07-14T08:04:32+08:00,2025-07-14T08:04:32+08:00,50.2968,54.4977,47.1689,43.8512,38.3,70.6,1.164,32.2142,22.7862,4.3757,0.0,1016.1358
B246BD2A-FFD7-4CAA-AB0B-34025A37A524,310104340004,2022-04-09T00:00:00+08:00,2025-07-14T08:03:46+08:00,2025-07-14T08:03:46+08:00,47.1254,49.8994,45.8217,44.2222,36.4,70.6,1.3005,37.1353,23.2096,3.0504,0.0,1012.726
C74B6329-01A7-424A-A4E6-34BE2918F731,310104320001,2022-04-11T00:00:00+08:00,2025-07-14T08:04:01+08:00,2025-07-14T08:04:01+08:00,49.3727,52.835,46.887,42.0731,37.7,80.6,0.6036,70.1261,19.4049,6.0491,0.0,1009.1872
ECEB1905-675C-4B02-A9E8-4407D72D5964,310104340004,2022-04-11T00:00:00+08:00,2025-07-14T08:04:28+08:00,2025-07-14T08:04:28+08:00,44.136,47.361,42.7465,40.7619,35.3,70.4,1.074,38.6957,27.9054,2.652,0.0,1008.9191
F92EACF6-16D7-40F0-B550-48F693B623BC,310104320001,2022-04-12T00:00:00+08:00,2025-07-14T08:04:36+08:00,2025-07-14T08:04:36+08:00,47.5823,50.9501,46.0195,42.5841,37.3,71.5,0.5617,69.5278,20.4228,4.5527,0.0,1007.9156
F92B37E2-BD56-4696-AB94-2174D349D025,310104320001,2022-04-13T00:00:00+08:00,2025-07-14T08:04:36+08:00,2025-07-14T08:04:36+08:00,47.6673,51.1911,46.2797,42.7023,36.7,65.2,1.052,76.5292,15.9914,4.4116,0.0,1008.1459
C8714585-09F2-4C6A-8502-6F0652A0FE82,310104340004,2022-04-13T00:00:00+08:00,2025-07-14T08:04:02+08:00,2025-07-14T08:04:02+08:00,45.5989,48.3748,44.1454,42.7988,35.2,66.7,1.862,78.0753,15.2298,2.0946,0.235,1009.6617
C05FB28C-380C-459C-90D0-EF1A851E8410,310104320001,2022-04-14T00:00:00+08:00,2025-07-14T08:03:55+08:00,2025-07-14T08:03:55+08:00,50.7528,54.5417,48.1726,45.3728,40.7,76.0,0.8451,83.2999,14.0667,3.0144,0.0,1014.112
F7DAD49A-9CD1-4E4D-A3AC-9F0DEAC0EDD4,310104330002,2022-04-14T00:00:00+08:00,2025-07-14T08:04:35+08:00,2025-07-14T08:04:35+08:00,55.8271,56.9186,55.4456,54.9518,50.6,77.4,1.3628,80.1835,14.4533,2.127,0.0,1013.5923
DAE89C1D-C379-4DA0-8B48-21D0BD082500,310104340004,2022-04-14T00:00:00+08:00,2025-07-14T08:04:18+08:00,2025-07-14T08:04:18+08:00,44.8681,46.8913,43.9803,42.7854,37.7,69.1,1.379,80.5618,14.4096,1.1592,0.0,1014.7977
F8C0C5D7-1E4E-4B42-8191-9F0EC2AD13AD,310104340004,2022-04-15T00:00:00+08:00,2025-07-14T08:04:35+08:00,2025-07-14T08:04:35+08:00,41.3829,43.0565,40.6566,39.6318,33.9,64.9,1.4609,68.0324,13.196,1.5972,0.0,1018.8091
F49EA52E-09FD-4CDA-A481-AFE3D680D6FA,310104320001,2022-04-16T00:00:00+08:00,2025-07-14T08:04:33+08:00,2025-07-14T08:04:33+08:00,47.1099,50.0869,45.8406,43.7065,37.3,71.4,0.6781,49.8306,12.6572,4.0735,0.0,1020.1796
CC405076-9CE8-4F59-B11A-A28EE6C9E4FF,310104330002,2022-04-17T00:00:00+08:00,2025-07-14T08:04:06+08:00,2025-07-14T08:04:06+08:00,52.9635,53.8541,52.7262,52.2453,51.0,70.8,0.6102,55.1748,12.6231,1.1198,0.0,1018.7098
ED3B66D2-BC69-44B0-ACFA-3D1138F2B432,310104340004,2022-04-17T00:00:00+08:00,2025-07-14T08:04:28+08:00,2025-07-14T08:04:28+08:00,41.9505,44.1901,41.0065,40.1339,33.0,70.4,0.6818,47.6937,12.9658,2.5633,0.0,1019.7348
B2EB655E-4E24-4449-A10E-A476BAD63321,310104330002,2022-04-19T00:00:00+08:00,2025-07-14T08:03:47+08:00,2025-07-14T08:03:47+08:00,55.4274,56.7909,54.8543,54.3149,50.9,77.4,0.9211,46.2697,18.9605,1.8005,0.0,1017.2237
DC812C65-412A-4CF0-BB93-3F447BED06F1,310104340004,2022-04-19T00:00:00+08:00,2025-07-14T08:04:19+08:00,2025-07-14T08:04:19+08:00,43.562,45.8629,42.5715,41.2674,37.1,66.7,0.9728,43.7437,19.5525,1.591,0.0,1018.0575
E33FF74F-D60A-49EC-983C-32F174314C25,310104320001,2022-04-20T00:00:00+08:00,2025-07-14T08:04:22+08:00,2025-07-14T08:04:22+08:00,47.1179,50.1944,45.5068,43.7413,39.1,75.0,0.9707,42.2013,21.0154,2.0681,0.0,1013.5524
CA12E9C5-2701-47A4-A145-9E8AF2AB6592,310104330002,2022-04-20T00:00:00+08:00,2025-07-14T08:04:04+08:00,2025-07-14T08:04:04+08:00,53.6846,54.4636,53.4908,53.0483,50.7,67.5,0.7791,58.0425,14.6804,1.4983,0.0,1015.2055
F4618C46-0D31-45A5-A04B-024460AE312F,310104340004,2022-04-22T00:00:00+08:00,2025-07-14T08:04:33+08:00,2025-07-14T08:04:33+08:00,43.7095,46.1641,42.5565,41.0836,36.8,70.3,0.9924,48.4805,25.1994,1.8045,0.0,1009.9207
E71DA9DB-A580-4CFF-8E28-83D8230FF134,310104320001,2022-04-23T00:00:00+08:00,2025-07-14T08:04:25+08:00,2025-07-14T08:04:25+08:00,39.3886,40.4511,39.1086,38.5074,37.4,50.5,0.6454,78.4266,17.743,0.123,0.0,1009.8248
F330D2B9-B941-4153-9396-BB8B3854940A,310104320001,2022-04-24T00:00:00+08:00,2025-07-14T08:04:32+08:00,2025-07-14T08:04:32+08:00,48.8552,52.5911,46.4998,43.6943,38.5,75.1,0.8819,68.1891,20.2925,2.7034,0.0,1009.464
DFABE50A-580B-4A39-A77D-0DA60851FD43,310104340004,2022-04-24T00:00:00+08:00,2025-07-14T08:04:21+08:00,2025-07-14T08:04:21+08:00,39.7157,40.9779,39.1985,38.1097,33.8,63.7,0.6546,78.3715,17.5204,2.2365,0.0,1009.9646
DC1F305F-8C49-438B-BFB5-5CF1A4D93CE4,310104330002,2022-04-25T00:00:00+08:00,2025-07-14T08:04:18+08:00,2025-07-14T08:04:18+08:00,55.5175,56.4687,55.1097,54.6663,48.4,77.8,1.7234,73.9259,22.5711,1.8607,0.0,1002.7371
F93446E1-1EAB-4565-B46F-1C86D37127C8,310104320001,2022-04-26T00:00:00+08:00,2025-07-14T08:04:36+08:00,2025-07-14T08:04:36+08:00,50.3193,53.2622,48.6802,43.435,37.2,84.3,0.4943,81.1997,20.5729,6.3837,0.0,1003.4411
BD7B9DC7-C9CF-4406-9780-AD1F4B01F91F,310104340004,2022-04-26T00:00:00+08:00,2025-07-14T08:03:53+08:00,2025-07-14T08:03:53+08:00,40.7896,43.4763,39.6793,38.3336,34.7,64.3,1.4965,76.8308,21.268,1.9539,0.0,1004.4854
FA9906B9-EC43-428B-BAF7-4FB202588AC9,310104320001,2022-04-27T00:00:00+08:00,2025-07-14T08:04:36+08:00,2025-07-14T08:04:36+08:00,49.5994,53.0124,48.5103,43.917,36.6,69.6,0.8027,70.4776,16.4598,5.9565,0.0,1013.004
CF8A30B5-28F5-483E-8FEE-D0AEBDAD6801,310104330002,2022-04-27T00:00:00+08:00,2025-07-14T08:04:10+08:00,2025-07-14T08:04:10+08:00,55.6355,57.4516,54.9434,54.3128,50.1,75.4,1.2836,42.1019,19.688,2.1225,0.0,1014.5218
E8E4F961-0507-42A9-AFD1-2B0F12DC21C6,310104320001,2022-04-28T00:00:00+08:00,2025-07-14T08:04:26+08:00,2025-07-14T08:04:26+08:00,49.5008,53.0799,47.8901,43.5937,36.3,73.5,0.8965,61.2114,15.9144,5.6431,0.0,1013.8588
C8FD6387-8263-4C99-868D-F21662281A27,310104330002,2022-04-28T00:00:00+08:00,2025-07-14T08:04:04+08:00,2025-07-14T08:04:04+08:00,59.7339,64.3399,55.9715,53.5864,50.3,78.5,0.6798,57.337,16.0672,5.7496,0.0,1013.5997
E649FC93-9666-4AA0-8309-15CC0E6A1DD7,310104340004,2022-04-28T00:00:00+08:00,2025-07-14T08:04:25+08:00,2025-07-14T08:04:25+08:00,44.3186,46.9266,43.0689,41.4548,38.0,66.0,1.2066,66.3717,18.7267,1.3258,0.0,1012.7636
C2A6F929-9FDA-4546-AFCE-CEA42AB13209,310104320001,2022-04-29T00:00:00+08:00,2025-07-14T08:03:58+08:00,2025-07-14T08:03:58+08:00,47.966,51.2799,46.7475,43.5289,37.3,67.7,0.8292,75.6994,12.7062,3.8068,0.0,1015.6091
DAC558CB-802E-4458-BAE5-8C32FD2EFAAC,310104330002,2022-05-01T00:00:00+08:00,2025-07-14T08:04:18+08:00,2025-07-14T08:04:18+08:00,57.9831,62.0653,54.898,52.599,51.1,80.2,0.4446,61.2716,13.6397,4.774,0.0,1017.8088
D619E28B-2C79-4840-97F7-BB00FF2309E9,310104320001,2022-05-02T00:00:00+08:00,2025-07-14T08:04:15+08:00,2025-07-14T08:04:15+08:00,46.3662,49.2187,45.217,43.1593,37.7,65.8,0.1939,63.4707,13.8254,3.2774,0.0,1016.7801
D1DEE858-DFDA-414D-97EA-BECEA61CE812,310104330002,2022-05-02T00:00:00+08:00,2025-07-14T08:04:11+08:00,2025-07-14T08:04:11+08:00,54.4391,55.5542,54.0543,53.6037,50.5,77.1,0.8053,35.552,21.9813,1.9587,0.0,1016.0452
E390962F-DA86-44B7-BBCD-C4368E290B92,310104340004,2022-05-02T00:00:00+08:00,2025-07-14T08:04:22+08:00,2025-07-14T08:04:22+08:00,42.958,45.1024,42.242,40.8423,35.1,63.3,1.077,35.8959,21.9756,1.3108,0.0,1016.9172
E202876A-B757-4778-8B4E-4AC409849ACC,310104340004,2022-05-03T00:00:00+08:00,2025-07-14T08:04:22+08:00,2025-07-14T08:04:22+08:00,40.7503,44.4262,38.4909,37.344,32.6,66.5,0.4872,48.7444,17.8885,2.8711,0.0,1018.25
E17BBD2B-D84B-490B-81D4-3110AAECACCA,310104340004,2022-05-04T00:00:00+08:00,2025-07-14T08:04:22+08:00,2025-07-14T08:04:22+08:00,41.7252,44.436,40.3246,39.2533,36.0,61.7,0.7364,63.3502,16.8252,2.1852,0.0,1017.5787
D18F88D8-FDD7-4913-AD71-0505DC853CCD,310104320001,2022-05-05T00:00:00+08:00,2025-07-14T08:04:11+08:00,2025-07-14T08:04:11+08:00,47.8819,50.4787,46.6941,45.2044,41.4,69.7,1.2064,47.5388,23.0896,1.6709,0.0,1013.525
EBF3C470-FC41-4B0B-A98B-E93A055D7804,310104330002,2022-05-05T00:00:00+08:00,2025-07-14T08:04:28+08:00,2025-07-14T08:04:28+08:00,55.1382,56.4123,54.6759,54.1511,49.6,79.5,1.766,49.6409,22.7583,1.6302,0.0,1013.3561
EA78AC8B-425E-442C-B404-5247557781F5,310104320001,2022-05-06T00:00:00+08:00,2025-07-14T08:04:27+08:00,2025-07-14T08:04:27+08:00,47.5212,50.5769,46.3566,43.4535,38.2,67.5,0.7792,76.3535,18.9953,3.8008,0.0,1012.274
D3269F12-E32A-46D1-B09E-BB46D32FB05A,310104330002,2022-05-06T00:00:00+08:00,2025-07-14T08:04:12+08:00,2025-07-14T08:04:12+08:00,54.8553,57.9315,53.5258,52.3729,50.6,79.5,0.7587,78.71,18.5049,2.6188,0.0,1012.0899
DDB08B16-A6F0-4E7A-A4A4-78EDC9A3E594,310104340004,2022-05-06T00:00:00+08:00,2025-07-14T08:04:20+08:00,2025-07-14T08:04:20+08:00,43.7586,46.3461,42.6713,41.2017,37.5,66.4,1.2592,48.8008,25.6101,1.269,0.0,1012.4852
D8FF0DD1-1E0D-425F-B083-DEB352204E5A,310104320001,2022-05-07T00:00:00+08:00,2025-07-14T08:04:17+08:00,2025-07-14T08:04:17+08:00,47.8447,50.96,45.8767,43.4136,41.2,77.4,0.8102,78.2136,18.9004,4.0065,0.0,1014.28
CBFE86F1-B7D9-41E6-9C4B-FB216E27A362,310104330002,2022-05-07T00:00:00+08:00,2025-07-14T08:04:05+08:00,2025-07-14T08:04:05+08:00,54.6935,55.7207,54.3633,53.8603,49.8,72.0,1.2641,62.7946,22.4848,1.4812,0.0,1015.3647
FA74B8FE-F831-4BF0-921C-BFD3A904B6CC,310104330002,2022-05-08T00:00:00+08:00,2025-07-14T08:04:36+08:00,2025-07-14T08:04:36+08:00,55.8691,59.4958,53.8007,52.223,50.0,75.8,0.821,66.28,18.2745,3.6112,0.0,1016.2594
CACF2B2F-BDFF-4F2F-AF38-442A4BDB05F6,310104320001,2022-05-10T00:00:00+08:00,2025-07-14T08:04:05+08:00,2025-07-14T08:04:05+08:00,49.3966,53.7209,45.5866,40.2234,36.4,80.2,0.8083,69.3594,17.383,7.1347,0.0527,1012.8957
DD9160C4-0D2B-4413-8F78-3ED3D6EE8BCD,310104330002,2022-05-11T00:00:00+08:00,2025-07-14T08:04:19+08:00,2025-07-14T08:04:19+08:00,55.8917,59.7677,53.2283,51.9876,50.2,78.8,0.7166,73.9457,18.5088,3.7738,0.0,1010.7906
B165E3D3-1C17-44B9-A6D8-CD3892C82EF0,310104320001,2022-05-12T00:00:00+08:00,2025-07-14T08:03:46+08:00,2025-07-14T08:03:46+08:00,48.5754,51.8336,46.6679,44.8165,39.8,75.5,0.6419,79.1081,18.4017,0.9553,0.0767,1010.1222
D3DA050D-AFBE-48E7-A0D0-B10083A3C174,310104320001,2022-05-13T00:00:00+08:00,2025-07-14T08:04:12+08:00,2025-07-14T08:04:12+08:00,47.2669,50.309,45.8787,44.0206,36.8,66.7,0.7523,72.2826,16.1662,3.0391,0.2017,1010.0099
BF577B97-7330-4F1F-9DAE-4B4B61BD03DE,310104340004,2022-05-13T00:00:00+08:00,2025-07-14T08:03:55+08:00,2025-07-14T08:03:55+08:00,37.2806,38.605,36.9539,36.0523,33.8,50.4,0.9175,67.4089,16.0289,0.3161,0.0867,1012.4048
F3BDA7E3-CF2F-4479-87B4-A80202055BAD,310104320001,2022-05-14T00:00:00+08:00,2025-07-14T08:04:32+08:00,2025-07-14T08:04:32+08:00,46.8879,49.7095,45.3861,43.5954,40.7,71.7,0.9316,40.9456,19.7127,1.2871,0.0,1015.6992
EA114195-1052-420A-BEA8-F3A33491A64F,310104320001,2022-05-15T00:00:00+08:00,2025-07-14T08:04:27+08:00,2025-07-14T08:04:27+08:00,44.2897,47.6763,42.2115,39.4417,34.1,71.5,0.2468,52.2051,16.6431,5.0614,0.1683,1016.322
B6B1AC16-E7BA-4094-8933-838C58A66AC4,310104330002,2022-05-15T00:00:00+08:00,2025-07-14T08:03:49+08:00,2025-07-14T08:03:49+08:00,54.2776,56.3285,53.4261,52.8894,50.4,78.4,0.6813,32.6782,20.6082,1.9804,0.0,1015.4264
C5B0B1B7-41B3-4D1B-9884-6B0A0F343975,310104340004,2022-05-15T00:00:00+08:00,2025-07-14T08:03:59+08:00,2025-07-14T08:03:59+08:00,43.1238,45.969,41.795,40.2097,34.3,67.8,0.8776,32.1615,20.5795,1.5503,0.0,1016.2922
C261B79E-A50B-42E9-99C5-E6FF533AA30A,310104320001,2022-05-16T00:00:00+08:00,2025-07-14T08:03:57+08:00,2025-07-14T08:03:57+08:00,47.1496,50.1854,45.5685,43.5431,37.3,69.6,0.706,35.6801,22.5922,1.295,0.0,1013.2761
F166FE07-E63E-4252-9A0C-9B20C8D0E7F2,310104340004,2022-05-16T00:00:00+08:00,2025-07-14T08:04:31+08:00,2025-07-14T08:04:31+08:00,39.0957,42.1858,36.9815,35.7047,31.8,61.8,0.4811,48.9434,18.0389,2.7685,0.0,1014.9284
C0EBD1F7-701C-42E5-AC9F-47C6DB5342B9,310104330002,2022-05-17T00:00:00+08:00,2025-07-14T08:03:57+08:00,2025-07-14T08:03:57+08:00,53.9053,55.8934,53.0347,52.3869,47.9,80.2,1.4675,33.9891,24.4371,1.371,0.0,1013.7562
ECD53AC5-D5B0-495C-9B3F-69AB7DC41CDB,310104340004,2022-05-18T00:00:00+08:00,2025-07-14T08:04:28+08:00,2025-07-14T08:04:28+08:00,39.5287,41.7592,38.5498,37.5946,34.3,62.1,0.7217,42.2173,19.3758,1.5185,0.0,1016.6504
E0491FDD-6888-4E0F-9CAB-145914C87225,310104320001,2022-05-19T00:00:00+08:00,2025-07-14T08:04:21+08:00,2025-07-14T08:04:21+08:00,46.8877,50.221,45.2785,42.746,36.4,66.7,0.8096,48.1608,19.3056,3.8049,0.1917,1015.6011
E5DD8BF5-62E4-41A1-968A-E039F5B6427F,310104320001,2022-05-21T00:00:00+08:00,2025-07-14T08:04:25+08:00,2025-07-14T08:04:25+08:00,47.3435,49.6926,46.2918,45.047,40.4,68.7,0.7531,56.2643,23.0645,1.3625,0.0,1009.9343
F52E65A1-9D9E-4D2D-89EA-0E9B425288B4,310104340004,2022-05-21T00:00:00+08:00,2025-07-14T08:04:33+08:00,2025-07-14T08:04:33+08:00,44.7155,47.6075,43.3062,41.3145,34.3,67.9,1.0336,53.7954,23.5927,2.3733,0.0,1010.643
EED85C51-CCF7-4472-86E5-35F9837EEF89,310104320001,2022-05-22T00:00:00+08:00,2025-07-14T08:04:29+08:00,2025-07-14T08:04:29+08:00,47.5114,49.7067,46.5203,45.2132,40.1,72.3,1.1345,41.9107,24.4186,1.768,0.0,1008.9198
ED756D2C-76F2-4B79-AA2E-90BEBCEEAE21,310104330002,2022-05-23T00:00:00+08:00,2025-07-14T08:04:28+08:00,2025-07-14T08:04:28+08:00,52.3518,53.0913,52.248,51.6581,47.0,67.7,1.5565,62.8143,20.0491,0.5364,0.0,1009.134
D01D1E62-82B6-42DD-8B11-9347CDC72888,310104340004,2022-05-23T00:00:00+08:00,2025-07-14T08:04:10+08:00,2025-07-14T08:04:10+08:00,39.8534,41.9791,38.9153,37.4947,34.5,61.1,1.1516,61.2573,20.2006,1.0607,0.0,1009.8108
D4DD8CD3-62AE-4D28-8E10-90D5A7AE8B35,310104320001,2022-05-24T00:00:00+08:00,2025-07-14T08:04:13+08:00,2025-07-14T08:04:13+08:00,45.2223,48.2782,43.8405,41.2185,36.5,67.8,0.7342,77.199,18.494,3.4818,0.0,1011.7652
C9FA235C-9BB4-4A84-833C-8B01A6B203AF,310104330002,2022-05-24T00:00:00+08:00,2025-07-14T08:04:04+08:00,2025-07-14T08:04:04+08:00,52.4479,53.3278,52.2453,51.7342,50.1,71.4,0.8259,76.8123,18.5329,0.5844,0.0,1011.2768
CC2BDC74-6A57-483B-A2CF-A8C90064D102,310104340004,2022-05-24T00:00:00+08:00,2025-07-14T08:04:05+08:00,2025-07-14T08:04:05+08:00,39.2024,41.4549,38.2808,37.217,33.5,60.7,1.0993,76.1866,18.5772,1.5972,0.0,1012.3041
CA662B78-BA98-4373-8AA4-069C796A67E0,310104320001,2022-05-25T00:00:00+08:00,2025-07-14T08:04:04+08:00,2025-07-14T08:04:04+08:00,47.3248,49.856,46.0485,44.5114,38.3,67.6,0.7391,62.5895,22.5436,1.0856,0.0,1008.8694
B2ABB0C0-7295-4402-AC9B-EA2F1225E754,310104340004,2022-05-25T00:00:00+08:00,2025-07-14T08:03:47+08:00,2025-07-14T08:03:47+08:00,45.2931,48.54,43.8765,42.0593,36.7,65.0,0.898,59.7794,23.2293,2.1319,0.0,1009.7207
FB05016C-71A2-4BEC-A29B-1F30A2C76D35,310104320001,2022-05-26T00:00:00+08:00,2025-07-14T08:04:37+08:00,2025-07-14T08:04:37+08:00,47.1776,49.7625,45.6866,44.1226,38.4,74.6,0.5107,67.5889,21.4569,1.6224,0.0367,1006.2425
F3801BBB-8066-4781-BFD3-9BB0F1212962,310104330002,2022-05-26T00:00:00+08:00,2025-07-14T08:04:32+08:00,2025-07-14T08:04:32+08:00,52.9379,54.0114,52.6052,52.1373,50.7,72.5,0.4953,70.0037,19.5968,0.6732,0.0,1006.5755
DA964A22-4B0A-47E2-AEA0-F6981E6F67B2,310104320001,2022-05-27T00:00:00+08:00,2025-07-14T08:04:17+08:00,2025-07-14T08:04:17+08:00,45.8725,49.146,44.0712,42.1044,37.0,69.6,0.3434,74.6818,19.3511,3.8416,0.0,1005.1661
FD12198C-5661-47B7-891A-BAB6747A5004,310104330002,2022-05-27T00:00:00+08:00,2025-07-14T08:04:38+08:00,2025-07-14T08:04:38+08:00,53.9879,55.7509,53.2764,52.7248,49.9,75.2,1.0174,55.3785,25.0249,1.4436,0.0,1004.7217
DA3F676C-1FA2-4033-AAEC-8E081A9F7381,310104340004,2022-05-27T00:00:00+08:00,2025-07-14T08:04:17+08:00,2025-07-14T08:04:17+08:00,41.0794,44.0946,39.4559,37.9714,34.3,61.2,0.4595,72.5341,19.7996,2.3711,0.0,1005.8944
C8149FE3-6E63-4CFE-BADF-4C3C59DC3418,310104330002,2022-05-28T00:00:00+08:00,2025-07-14T08:04:02+08:00,2025-07-14T08:04:02+08:00,54.1376,55.4504,53.7274,53.1259,48.3,71.6,1.7996,69.0363,21.4861,1.0007,0.2184,1003.9963
C678ECED-4B4A-4102-8E72-124668F08079,310104340004,2022-05-28T00:00:00+08:00,2025-07-14T08:04:01+08:00,2025-07-14T08:04:01+08:00,42.4161,45.4872,40.623,38.8444,35.5,62.2,0.9322,66.8376,21.523,2.6548,0.055,1004.4416
B5FB042D-0D36-4A71-88E7-5A719EAD89CB,310104320001,2022-05-29T00:00:00+08:00,2025-07-14T08:03:49+08:00,2025-07-14T08:03:49+08:00,47.4377,49.861,46.3788,45.0997,40.4,67.9,0.38,80.5546,23.264,1.1691,0.0233,1000.0925
B894C63F-2E2F-4CE5-972F-830E33411405,310104330002,2022-05-29T00:00:00+08:00,2025-07-14T08:03:49+08:00,2025-07-14T08:03:49+08:00,54.5,56.4014,53.6025,52.8331,51.2,76.7,0.6787,81.7954,23.3173,1.5817,0.02,999.6028
BA39EDF0-EF95-4C56-B172-78853A17B66F,310104340004,2022-05-29T00:00:00+08:00,2025-07-14T08:03:51+08:00,2025-07-14T08:03:51+08:00,46.6553,50.2465,44.7961,42.2587,36.9,67.2,1.1972,81.0086,23.331,2.5533,0.1216,1000.7726
D91E4BC1-EC1C-47EA-9C2D-801880B682FA,310104320001,2022-05-31T00:00:00+08:00,2025-07-14T08:04:17+08:00,2025-07-14T08:04:17+08:00,45.8439,48.5157,45.0461,42.6831,37.8,65.1,0.5163,47.9225,19.8852,3.5215,0.0,1007.6032
E93C647B-108D-4F80-97F9-E0E90E4D29AB,310104330002,2022-05-31T00:00:00+08:00,2025-07-14T08:04:27+08:00,2025-07-14T08:04:27+08:00,52.4271,53.1793,52.2918,51.8346,50.4,62.7,0.752,50.6577,20.0478,0.5194,0.0,1007.1856
FD6D8B85-2E53-423B-A03A-2F80153D1AF1,310104340004,2022-05-31T00:00:00+08:00,2025-07-14T08:04:38+08:00,2025-07-14T08:04:38+08:00,47.3037,49.7688,46.2168,44.4215,39.1,67.4,1.511,32.8009,25.7462,1.5106,0.0,1008.2658
F5268C76-224C-4654-854B-B59FA184BFE2,310104330002,2022-06-01T00:00:00+08:00,2025-07-14T08:04:33+08:00,2025-07-14T08:04:33+08:00,52.5652,53.4928,52.3611,51.8424,50.5,65.7,1.0996,79.485,22.2104,0.5091,0.0,1003.7406
D4E32F74-827E-4EA8-9ECF-D6B045BD103C,310104320001,2022-06-02T00:00:00+08:00,2025-07-14T08:04:13+08:00,2025-07-14T08:04:13+08:00,47.0924,49.7798,46.02,44.1125,38.8,73.6,0.7195,80.8126,23.0301,3.1261,0.0,1004.3522
CCDA2487-EB0B-48D3-BB9D-89A9948A61BC,310104340004,2022-06-02T00:00:00+08:00,2025-07-14T08:04:06+08:00,2025-07-14T08:04:06+08:00,51.1142,52.4737,50.8296,49.7595,41.1,67.9,1.2348,66.731,25.9752,2.0037,0.0,1005.2333
F259E489-5C86-430B-A667-1EA366034CC7,310104340004,2022-06-03T00:00:00+08:00,2025-07-14T08:04:31+08:00,2025-07-14T08:04:31+08:00,47.1724,48.5437,44.8291,43.1377,38.3,82.8,1.3674,77.5805,22.3715,3.6903,0.0,1005.5608
F85F7CC9-3E2C-4A64-949F-684CE2067B0E,310104330002,2022-06-04T00:00:00+08:00,2025-07-14T08:04:35+08:00,2025-07-14T08:04:35+08:00,54.3105,55.8826,53.8124,53.0011,51.1,72.8,1.235,73.432,26.0577,0.6091,0.0,1001.7384
C489F46A-7867-4507-A86C-544073C1552F,310104340004,2022-06-04T00:00:00+08:00,2025-07-14T08:03:59+08:00,2025-07-14T08:03:59+08:00,50.3946,51.7073,50.1553,49.0698,43.9,62.7,1.0348,70.9328,26.787,1.3153,0.0467,1002.538
D805EAB4-1892-44D9-966C-3FAD00568F96,310104320001,2022-06-05T00:00:00+08:00,2025-07-14T08:04:16+08:00,2025-07-14T08:04:16+08:00,44.5272,45.4766,44.2665,43.7132,39.7,61.6,0.3812,79.7603,24.1297,0.7195,0.0417,998.3847
E5527315-AD00-4A0F-8DB7-912B4A962D82,310104330002,2022-06-06T00:00:00+08:00,2025-07-14T08:04:24+08:00,2025-07-14T08:04:24+08:00,55.9727,57.1729,55.5912,54.8587,52.5,75.6,1.2307,52.0136,28.0511,1.1711,0.0,1000.5071
DFD9F9B6-559B-47F6-947D-D21C7FDF55F2,310104320001,2022-06-07T00:00:00+08:00,2025-07-14T08:04:21+08:00,2025-07-14T08:04:21+08:00,46.4507,48.7102,45.0519,43.914,38.8,76.1,0.5922,68.4925,23.0964,2.4517,0.0,1004.1658
FC60F3A3-F82B-49B4-92C0-03A9C8D1BC81,310104330002,2022-06-07T00:00:00+08:00,2025-07-14T08:04:38+08:00,2025-07-14T08:04:38+08:00,55.833,56.9873,55.501,54.7667,51.7,74.5,1.3656,46.7175,25.9684,1.3351,0.0,1006.0889
CA60DDAC-4104-4B48-AB68-BA20811FE5C0,310104340004,2022-06-07T00:00:00+08:00,2025-07-14T08:04:04+08:00,2025-07-14T08:04:04+08:00,45.5094,47.5354,44.9811,43.4969,38.3,59.7,0.9378,66.8799,23.694,2.4577,0.0,1004.5736
D8D2C8CB-94C1-486C-9894-26DC7A954B29,310104320001,2022-06-08T00:00:00+08:00,2025-07-14T08:04:16+08:00,2025-07-14T08:04:16+08:00,51.8254,53.9718,51.2277,49.0539,41.3,69.3,1.0081,48.2437,24.9628,3.0932,0.0,1008.1128
B92AC534-3810-419F-A316-598751E17E8E,310104340004,2022-06-08T00:00:00+08:00,2025-07-14T08:03:51+08:00,2025-07-14T08:03:51+08:00,45.1648,47.3129,44.3725,42.9066,37.8,64.4,0.8685,69.5308,20.3668,2.3698,0.0,1008.8714
E78B3404-E137-46AB-BB91-AE641BA7721C,310104340004,2022-06-09T00:00:00+08:00,2025-07-14T08:04:26+08:00,2025-07-14T08:04:26+08:00,51.085,52.4193,50.8002,49.9433,42.7,65.4,1.4928,58.6736,25.7936,1.6764,0.0,1008.9336
E800FE0D-202C-4E67-A669-FFE40A1F1F1B,310104340004,2022-06-10T00:00:00+08:00,2025-07-14T08:04:26+08:00,2025-07-14T08:04:26+08:00,50.1675,51.7765,49.7509,48.6903,42.6,70.8,1.0574,71.0325,21.8748,1.8831,0.4366,1009.2825
F1BF8BC5-E403-430F-BB23-892F3485884B,310104330002,2022-06-11T00:00:00+08:00,2025-07-14T08:04:31+08:00,2025-07-14T08:04:31+08:00,54.6799,56.1437,54.2311,53.3544,51.2,72.8,1.0904,56.9605,24.7471,0.7383,0.0,1009.9814
E4B943A2-491C-42B6-BDBA-2EACA6E3F1BD,310104340004,2022-06-11T00:00:00+08:00,2025-07-14T08:04:24+08:00,2025-07-14T08:04:24+08:00,43.2228,45.1776,42.6817,41.2961,35.0,62.4,0.89,76.7996,20.9919,3.2968,0.0,1009.6469
D8740E34-36E5-4C31-B64A-45CA21099E30,310104330002,2022-06-12T00:00:00+08:00,2025-07-14T08:04:16+08:00,2025-07-14T08:04:16+08:00,53.1157,53.9859,52.9227,52.4322,51.3,66.1,0.6103,78.346,20.9686,0.5613,0.035,1008.7311
D97EF7C6-3480-4351-8AE7-B8CB6434C29C,310104340004,2022-06-12T00:00:00+08:00,2025-07-14T08:04:17+08:00,2025-07-14T08:04:17+08:00,47.741,49.5248,47.2922,46.0152,40.2,64.7,0.9396,74.3119,21.496,1.2801,0.135,1009.1456
CD5F6902-C40A-41A3-9436-A826F406FFBB,310104320001,2022-06-13T00:00:00+08:00,2025-07-14T08:04:06+08:00,2025-07-14T08:04:06+08:00,56.3251,59.0213,55.3974,52.0846,40.3,80.1,0.4123,82.9841,21.4396,5.388,0.0333,1003.5271
D03CFD87-E14F-4A20-845B-1502A6150053,310104340004,2022-06-13T00:00:00+08:00,2025-07-14T08:04:10+08:00,2025-07-14T08:04:10+08:00,46.1963,48.0204,45.8117,44.6879,39.8,53.6,0.4118,83.6598,21.1572,1.0181,0.0,1005.0
D60B4A36-8D25-426F-94E7-675F5FFCEAA1,310104320001,2022-06-14T00:00:00+08:00,2025-07-14T08:04:15+08:00,2025-07-14T08:04:15+08:00,45.1883,46.1058,44.9056,44.4354,43.4,56.3,0.2931,71.3108,23.7392,0.3231,0.0,1005.3665
FBA2C5F4-EB56-4752-9E66-3B7CDEC6EECE,310104340004,2022-06-14T00:00:00+08:00,2025-07-14T08:04:37+08:00,2025-07-14T08:04:37+08:00,44.5004,46.5488,43.8698,42.5695,35.7,58.0,0.4716,80.9866,21.8851,2.6621,0.0,1005.0798
BD1BF899-5DE4-40C8-A718-84EA93E85330,310104340004,2022-06-15T00:00:00+08:00,2025-07-14T08:03:53+08:00,2025-07-14T08:03:53+08:00,45.6212,47.6092,45.1764,43.6151,38.1,62.2,0.4591,74.522,23.9487,2.7564,0.0,1006.6188
DDFC92C0-C564-4259-A024-45A41DE08EA9,310104330002,2022-06-16T00:00:00+08:00,2025-07-14T08:04:20+08:00,2025-07-14T08:04:20+08:00,53.6449,54.5369,53.4337,52.9477,51.6,67.9,0.7642,75.9412,23.827,0.6524,0.0,1006.1108
B528FE19-72B3-4B85-A00F-ACB1911A6357,310104340004,2022-06-16T00:00:00+08:00,2025-07-14T08:03:48+08:00,2025-07-14T08:03:48+08:00,46.7975,48.6992,46.4353,44.7751,39.8,60.0,0.6364,74.0359,24.0756,1.7878,0.0,1006.778
E5FC6325-942B-447B-9B05-855E220B40A2,310104320001,2022-06-17T00:00:00+08:00,2025-07-14T08:04:25+08:00,2025-07-14T08:04:25+08:00,59.3128,62.8163,58.039,53.6596,44.6,82.0,1.0391,54.438,30.0994,5.6385,0.0,1004.1038
FE3A9A53-6C46-4AE7-87A4-58B0E0C03E64,310104320001,2022-06-19T00:00:00+08:00,2025-07-14T08:04:39+08:00,2025-07-14T08:04:39+08:00,54.1041,57.7414,52.001,49.6504,43.9,74.8,0.4558,66.9656,28.2393,3.552,0.0067,1002.1295
F3DBFE2C-E665-43C2-98AF-BFD7CD2DFFC4,310104330002,2022-06-19T00:00:00+08:00,2025-07-14T08:04:32+08:00,2025-07-14T08:04:32+08:00,53.1836,54.1485,52.9496,52.4448,51.3,67.4,0.6349,77.0711,25.0889,0.7368,0.015,1002.0433
EC615789-2CAB-4C9A-BA6D-F5412CDF01C9,310104340004,2022-06-19T00:00:00+08:00,2025-07-14T08:04:28+08:00,2025-07-14T08:04:28+08:00,47.1195,48.1295,46.9751,46.192,40.5,59.7,0.631,76.6662,25.2584,1.016,0.0,1003.0
E2B58A0D-B773-4F1E-9D4B-A3680DDCC17A,310104340004,2022-06-20T00:00:00+08:00,2025-07-14T08:04:22+08:00,2025-07-14T08:04:22+08:00,51.2974,52.5372,51.0153,50.1894,42.2,69.6,1.4363,59.9319,28.6894,1.8138,0.0,1000.2474
FA77425B-4BED-4CF5-BC6B-4138C80B70A9,310104330002,2022-06-21T00:00:00+08:00,2025-07-14T08:04:36+08:00,2025-07-14T08:04:36+08:00,53.657,54.8072,53.3417,52.8119,51.8,68.9,0.5565,76.8024,25.2414,0.8513,0.0,1001.2762
CF456215-BBA7-4C86-BAD2-59BAAD9F72F2,310104320001,2022-06-22T00:00:00+08:00,2025-07-14T08:04:08+08:00,2025-07-14T08:04:08+08:00,54.8984,57.1323,54.2957,52.0317,44.9,72.9,0.7987,54.4943,32.1218,3.7253,0.05,1003.5672
B195A278-78CF-4FD4-8211-5A5E2A0D59BD,310104340004,2022-06-22T00:00:00+08:00,2025-07-14T08:03:46+08:00,2025-07-14T08:03:46+08:00,48.5473,50.0285,48.4339,46.7511,41.1,59.8,1.4524,74.6501,26.3114,1.4979,0.0,1004.2925
D9C38B9E-C257-40CC-B935-76906D54A5EA,310104320001,2022-06-23T00:00:00+08:00,2025-07-14T08:04:17+08:00,2025-07-14T08:04:17+08:00,55.1861,57.5745,54.4337,51.996,44.8,79.3,0.7814,45.8385,33.9494,3.6721,0.0,1001.9131
BDE083FD-A691-439F-AECD-5016CF0A44BD,310104340004,2022-06-23T00:00:00+08:00,2025-07-14T08:03:54+08:00,2025-07-14T08:03:54+08:00,54.2653,55.2586,54.042,53.4384,45.5,68.7,2.6737,44.5255,34.2867,3.0173,0.0,1002.546
B6B122E4-082F-4C1D-9F47-2A364573B3EF,310104320001,2022-06-24T00:00:00+08:00,2025-07-14T08:03:49+08:00,2025-07-14T08:03:49+08:00,53.423,56.1529,52.552,50.3034,44.4,72.1,0.4778,71.7293,26.4292,3.624,0.2616,1002.4813
B882ED9B-5BFF-4377-BF20-DFAE7F4105A2,310104330002,2022-06-24T00:00:00+08:00,2025-07-14T08:03:49+08:00,2025-07-14T08:03:49+08:00,53.1726,53.9645,53.0092,52.563,50.9,64.4,0.8422,58.4663,29.8851,0.4127,0.025,1000.8656
EB9309FD-BE5F-465C-815A-40C5D0DEEB1D,310104340004,2022-06-24T00:00:00+08:00,2025-07-14T08:04:28+08:00,2025-07-14T08:04:28+08:00,51.3994,52.4275,51.2026,50.4447,44.4,67.3,0.9845,65.5738,27.1871,1.6033,0.1798,1003.3656
DF4DB04A-8B93-4BD6-AC7C-603AEC09C5D8,310104320001,2022-06-25T00:00:00+08:00,2025-07-14T08:04:21+08:00,2025-07-14T08:04:21+08:00,47.7279,49.8634,46.2844,45.4384,43.1,74.4,0.6011,76.1174,26.1926,2.3985,0.0,1002.9877
B7CB71CF-F60A-4B44-8F64-2E720932C8DF,310104330002,2022-06-25T00:00:00+08:00,2025-07-14T08:03:49+08:00,2025-07-14T08:03:49+08:00,53.9967,55.0059,53.7115,53.167,51.9,71.0,1.0474,75.6343,26.1844,0.7703,0.0167,1002.8011
B312FB14-183F-409F-823B-94E060F4F886,310104320001,2022-06-26T00:00:00+08:00,2025-07-14T08:03:47+08:00,2025-07-14T08:03:47+08:00,55.142,58.3878,53.4948,51.0088,44.9,76.3,1.2289,56.8619,31.5994,3.5084,0.0,1004.6851
DAE3556C-F8B9-46ED-B5DE-438182FD9363,310104330002,2022-06-26T00:00:00+08:00,2025-07-14T08:04:18+08:00,2025-07-14T08:04:18+08:00,56.1453,57.6748,55.7511,54.6363,51.9,72.3,1.9645,56.5591,31.4347,1.1912,0.0,1004.6583
D58888C0-84FB-4DB1-B57A-A2ED9576E974,310104340004,2022-06-26T00:00:00+08:00,2025-07-14T08:04:13+08:00,2025-07-14T08:04:13+08:00,51.3273,53.2581,50.7223,49.7007,44.6,68.0,1.7391,55.3571,31.9781,0.8062,0.0,1005.4924
CE0E8184-ED5B-44C0-B4F3-08FCE4E6FB17,310104330002,2022-06-27T00:00:00+08:00,2025-07-14T08:04:08+08:00,2025-07-14T08:04:08+08:00,54.4369,55.7791,54.1068,53.2049,47.1,69.4,2.0286,62.409,28.2421,1.2434,0.0,1003.0657
C2C43389-F3E7-43C9-99C3-3B57EC774811,310104340004,2022-06-27T00:00:00+08:00,2025-07-14T08:03:58+08:00,2025-07-14T08:03:58+08:00,55.8819,56.8904,55.6267,55.0074,45.9,70.3,2.2568,51.2951,32.2112,2.7291,0.0,1003.116
CA1BAEB2-2673-4C09-B0DE-6283E176B2D4,310104320001,2022-06-28T00:00:00+08:00,2025-07-14T08:04:04+08:00,2025-07-14T08:04:04+08:00,54.5413,56.7979,53.7626,51.8571,44.9,73.6,1.326,58.9912,30.9026,3.0573,0.0,1000.0768
DAB76AB1-E56B-4513-A30D-1B7B083E5FD3,310104320001,2022-06-29T00:00:00+08:00,2025-07-14T08:04:18+08:00,2025-07-14T08:04:18+08:00,55.3639,57.8435,54.3053,51.7907,45.2,79.0,0.9933,64.8007,30.5307,4.2964,0.0,1001.9972
BAD071F8-8AC2-469F-9AC5-BA96269C0551,310104330002,2022-06-29T00:00:00+08:00,2025-07-14T08:03:52+08:00,2025-07-14T08:03:52+08:00,54.4015,55.7152,54.0535,53.2769,51.3,75.8,1.6929,70.5705,28.0735,1.2329,0.0,1001.0
B21E27CA-23E3-47E5-B7BB-056B6F00C30D,310104340004,2022-06-30T00:00:00+08:00,2025-07-14T08:03:46+08:00,2025-07-14T08:03:46+08:00,49.3099,50.4689,49.0318,48.3477,44.9,64.2,1.0874,74.8628,27.4826,1.1297,0.0,1005.7454
DEC15388-24EF-435A-9CE6-07053EB2E0AD,310104320001,2022-07-01T00:00:00+08:00,2025-07-14T08:04:20+08:00,2025-07-14T08:04:20+08:00,55.1078,57.4394,54.4508,52.0201,45.0,69.8,1.5179,61.8419,29.5065,3.4736,0.0,1008.7501
CF61FE61-5532-4635-8031-204433DCCD25,310104320001,2022-07-02T00:00:00+08:00,2025-07-14T08:04:10+08:00,2025-07-14T08:04:10+08:00,56.3766,59.2724,55.3603,51.8111,42.7,75.5,1.266,62.9468,29.4035,4.3804,0.0,1007.2993
BC61AB5C-4D5F-4742-82DA-3B86A1575613,310104330002,2022-07-02T00:00:00+08:00,2025-07-14T08:03:53+08:00,2025-07-14T08:03:53+08:00,56.9415,58.764,56.239,55.0229,52.0,76.0,1.6396,61.5277,29.5516,1.2392,0.0,1007.091
CDC6E7E7-C724-4E7B-91B2-885087D0F754,310104340004,2022-07-02T00:00:00+08:00,2025-07-14T08:04:06+08:00,2025-07-14T08:04:06+08:00,52.1962,53.7678,51.7001,50.8182,45.1,68.2,1.6815,60.3852,29.9953,1.4403,0.0,1007.8986
FE4B6EA4-8867-4D5B-81D5-DD58BFFF87C3,310104320001,2022-07-04T00:00:00+08:00,2025-07-14T08:04:39+08:00,2025-07-14T08:04:39+08:00,57.5324,59.8909,56.9839,54.3985,44.6,71.7,1.1562,58.0908,30.7737,4.2889,0.0,1001.4366
E79DEF1D-AAC9-4615-BD8F-D2F999C3E58B,310104340004,2022-07-04T00:00:00+08:00,2025-07-14T08:04:26+08:00,2025-07-14T08:04:26+08:00,48.5119,49.5456,48.3073,47.6967,43.6,59.6,0.9507,76.0093,26.8311,1.0063,0.0,1002.6454
D447FE07-46E7-4A62-A71B-AA6D413F8FD1,310104330002,2022-07-05T00:00:00+08:00,2025-07-14T08:04:13+08:00,2025-07-14T08:04:13+08:00,53.968,55.4019,53.5008,52.918,51.2,72.3,1.0197,75.3055,27.8116,1.1348,0.0,1000.7012
BDD1B354-0734-4C4E-9FE9-D788B0A18101,310104340004,2022-07-05T00:00:00+08:00,2025-07-14T08:03:54+08:00,2025-07-14T08:03:54+08:00,55.3221,56.1874,55.1855,54.6256,47.9,67.6,1.4208,55.4024,33.4461,2.5918,0.0,1000.3761
C6F95812-A32D-4FF5-ABA2-437B8A0AD9A0,310104320001,2022-07-06T00:00:00+08:00,2025-07-14T08:04:01+08:00,2025-07-14T08:04:01+08:00,50.0285,51.9655,49.3549,48.5238,44.0,74.4,1.0725,70.2257,29.5052,2.2255,0.0,1000.1654
E271808E-F2F3-4770-A35C-E5504840780E,310104330002,2022-07-06T00:00:00+08:00,2025-07-14T08:04:22+08:00,2025-07-14T08:04:22+08:00,53.8262,54.8476,53.5862,52.9361,51.0,70.6,1.7912,69.1134,29.5094,0.9778,0.0,1000.0762
D17A34BC-9D2E-4B97-8EDC-E7C62FEF55DE,310104320001,2022-07-07T00:00:00+08:00,2025-07-14T08:04:11+08:00,2025-07-14T08:04:11+08:00,51.6659,54.0546,50.9932,49.6984,44.8,76.3,0.5289,66.5848,30.8062,3.3075,0.0,1002.9645
F0C5EDB9-AEEE-4BC8-87E0-0900E66C8D53,310104340004,2022-07-07T00:00:00+08:00,2025-07-14T08:04:30+08:00,2025-07-14T08:04:30+08:00,50.116,52.0249,49.4479,48.6427,43.9,74.8,1.2549,66.4711,30.9082,1.3777,0.0,1003.6473
BDB33E7D-8A6B-4860-94B7-3EEF050F0B9E,310104320001,2022-07-08T00:00:00+08:00,2025-07-14T08:03:54+08:00,2025-07-14T08:03:54+08:00,60.3846,63.3419,59.4767,55.4404,45.8,78.9,0.6711,44.4853,35.9758,3.7973,0.0,1002.8435
EA027F3F-0079-4CAE-B2B6-C9285FD5D5D4,310104340004,2022-07-08T00:00:00+08:00,2025-07-14T08:04:27+08:00,2025-07-14T08:04:27+08:00,48.7902,49.7746,48.5885,48.0317,45.0,59.7,0.7145,68.3013,30.7708,0.9491,0.0,1004.0338
C9FC27B8-3EF9-4CA1-87AB-C2CCE1414B60,310104320001,2022-07-09T00:00:00+08:00,2025-07-14T08:04:04+08:00,2025-07-14T08:04:04+08:00,50.6734,51.9985,50.2965,49.5534,44.5,64.8,0.4425,60.2635,31.5974,2.6014,0.0,1001.8609
D67CF67E-4F0A-4DF4-AB76-1291483FD27B,310104340004,2022-07-09T00:00:00+08:00,2025-07-14T08:04:15+08:00,2025-07-14T08:04:15+08:00,49.2941,50.319,49.035,48.4879,46.0,66.9,0.7564,59.2052,31.7623,0.8674,0.0,1002.4397
F48A6B87-2D67-4F0E-A697-22984BD2D2C5,310104320001,2022-07-10T00:00:00+08:00,2025-07-14T08:04:33+08:00,2025-07-14T08:04:33+08:00,60.48,63.7497,59.0801,54.761,45.7,70.7,0.717,44.7525,36.6675,4.4516,0.0,1001.3168
EB956296-3EEA-4629-BD68-CF084376502B,310104330002,2022-07-10T00:00:00+08:00,2025-07-14T08:04:28+08:00,2025-07-14T08:04:28+08:00,56.1109,57.8243,55.6417,54.3576,51.8,74.7,1.1641,44.8567,36.6003,0.9946,0.0,1001.2976
D32FA312-7531-4D48-B8E5-AE62ACCE2B28,310104320001,2022-07-11T00:00:00+08:00,2025-07-14T08:04:12+08:00,2025-07-14T08:04:12+08:00,61.6793,64.3657,61.0393,57.1618,44.2,79.3,0.8302,54.368,33.2724,5.6907,0.0,1003.8208
CDB66EFD-9A96-4C7C-BA83-2BECF6909D32,310104330002,2022-07-12T00:00:00+08:00,2025-07-14T08:04:06+08:00,2025-07-14T08:04:06+08:00,54.026,55.2201,53.7097,53.0815,51.6,70.7,0.9684,64.0182,30.3132,1.1599,0.0,1003.2307
AF70B889-7C47-4678-83AE-7712557C7E00,310104320001,2022-07-13T00:00:00+08:00,2025-07-14T08:03:45+08:00,2025-07-14T08:03:45+08:00,62.3807,65.4436,61.5064,56.7087,46.0,78.1,0.7012,44.2258,37.1356,4.357,0.0,1001.424
E5461512-A0EC-45B5-A612-26871D98FED2,310104330002,2022-07-13T00:00:00+08:00,2025-07-14T08:04:24+08:00,2025-07-14T08:04:24+08:00,56.7494,58.1692,56.3858,55.4022,51.6,73.9,1.0911,46.2062,36.8198,1.8497,0.0,1001.4001
B803C4DD-A0BD-46EA-B458-5419D8DEE75B,310104320001,2022-07-14T00:00:00+08:00,2025-07-14T08:03:49+08:00,2025-07-14T08:03:49+08:00,50.4209,51.7661,50.0832,49.3392,45.7,66.0,0.4568,62.6144,32.4563,2.1805,0.0,1000.6546
EF0B646F-4597-4574-A45D-06BEB611C168,310104340004,2022-07-15T00:00:00+08:00,2025-07-14T08:04:29+08:00,2025-07-14T08:04:29+08:00,49.9125,51.1985,49.565,48.7503,44.8,66.7,0.7174,64.387,31.9382,0.8754,0.0,1000.1799
CB46F83E-4072-4F19-B8E8-CCE874954DA2,310104340004,2022-07-16T00:00:00+08:00,2025-07-14T08:04:05+08:00,2025-07-14T08:04:05+08:00,48.6899,49.8085,48.4637,47.7584,43.3,62.8,0.6213,75.2526,28.802,1.2349,0.0,999.8104
ED2EAB31-8000-4278-A1EA-E813AA57EF40,310104340004,2022-07-17T00:00:00+08:00,2025-07-14T08:04:28+08:00,2025-07-14T08:04:28+08:00,48.935,50.0833,48.6878,47.9475,44.0,63.8,0.7545,76.2386,28.2798,0.7069,0.0,999.6678
D3B7C46C-7176-4783-A032-03D6BCCF6448,310104330002,2022-07-18T00:00:00+08:00,2025-07-14T08:04:12+08:00,2025-07-14T08:04:12+08:00,58.7576,60.7287,58.2574,56.4288,52.0,78.0,1.0022,63.4258,30.3101,2.3073,0.2067,998.8694
B38FA40D-BC32-4939-9319-6556E22F3EC9,310104340004,2022-07-18T00:00:00+08:00,2025-07-14T08:03:47+08:00,2025-07-14T08:03:47+08:00,55.2473,56.383,55.0292,54.2266,45.7,71.1,1.4452,61.3189,30.6637,2.5757,0.0766,999.6872
EF39EACD-0CD3-42EA-8AAF-C26D86FE8646,310104340004,2022-07-19T00:00:00+08:00,2025-07-14T08:04:29+08:00,2025-07-14T08:04:29+08:00,54.9757,56.3867,54.6951,53.6278,45.5,76.6,0.9394,66.8456,29.9073,1.7535,0.035,1004.0905
D89A71B0-4624-4D14-A895-3257E8FF6364,310104320001,2022-07-22T00:00:00+08:00,2025-07-14T08:04:16+08:00,2025-07-14T08:04:16+08:00,68.0771,70.8493,67.362,63.073,45.0,81.2,0.7345,55.8105,32.5628,7.0163,0.0,1006.3803
F6FA014D-05C7-43C3-A51C-73901F970D74,310104330002,2022-07-22T00:00:00+08:00,2025-07-14T08:04:34+08:00,2025-07-14T08:04:34+08:00,53.8881,54.948,53.6201,53.009,51.6,70.0,0.6455,76.7077,28.2725,1.0873,0.0,1007.3907
DC060970-07CE-4F5D-AFCB-AE88AF8BC2D1,310104320001,2022-07-23T00:00:00+08:00,2025-07-14T08:04:18+08:00,2025-07-14T08:04:18+08:00,52.166,55.3744,50.3258,47.692,43.2,75.9,0.7064,74.0794,29.6617,4.846,0.0,1003.5421
D5A84781-D210-4B58-B6DD-3E5FEB8D983B,310104340004,2022-07-23T00:00:00+08:00,2025-07-14T08:04:13+08:00,2025-07-14T08:04:13+08:00,55.0563,56.0999,54.8655,54.098,48.1,69.1,1.5052,43.2917,36.7285,1.8581,0.0,1002.6207
EFC1015E-69FA-4628-B16E-53349727C84D,310104320001,2022-07-25T00:00:00+08:00,2025-07-14T08:04:30+08:00,2025-07-14T08:04:30+08:00,65.5092,68.0813,65.0726,61.2434,45.1,74.9,1.1293,58.4911,31.8616,6.4905,0.0,1006.3852
AFDAA631-95C5-4885-BD55-5042C356DEC2,310104330002,2022-07-25T00:00:00+08:00,2025-07-14T08:03:45+08:00,2025-07-14T08:03:45+08:00,54.0501,55.1349,53.802,53.1542,51.3,66.5,0.7756,72.1095,28.05,1.138,0.0,1005.9782
FDBA2971-C234-43C3-9BBF-294A3B436BC8,310104320001,2022-07-26T00:00:00+08:00,2025-07-14T08:04:38+08:00,2025-07-14T08:04:38+08:00,47.7734,49.2876,47.2468,46.2291,43.6,75.6,0.5699,68.7076,28.5199,1.9017,0.0,1004.9335
D83F7F9B-13B5-4B0A-A27E-48F190E80ECB,310104320001,2022-07-28T00:00:00+08:00,2025-07-14T08:04:16+08:00,2025-07-14T08:04:16+08:00,65.9471,68.6329,65.3823,61.5434,45.1,75.4,1.2229,50.753,33.3547,4.9507,0.0,1004.4169
D0093A17-EC46-444C-ABFF-B2804FEE826A,310104330002,2022-07-28T00:00:00+08:00,2025-07-14T08:04:10+08:00,2025-07-14T08:04:10+08:00,56.5579,57.5143,56.2889,55.8235,52.0,73.6,0.7297,65.2186,28.6668,2.8835,0.0,1004.31
B69BD6CA-655D-4592-925A-49028067899F,310104340004,2022-07-28T00:00:00+08:00,2025-07-14T08:03:49+08:00,2025-07-14T08:03:49+08:00,50.0988,51.2938,49.769,49.0473,46.5,68.9,0.801,64.3659,29.0548,0.9275,0.0,1005.1542
CE76C089-E33E-4DF7-B565-B8D8ECBE5C39,310104320001,2022-07-29T00:00:00+08:00,2025-07-14T08:04:08+08:00,2025-07-14T08:04:08+08:00,48.0208,49.6924,47.5637,46.5392,43.3,62.0,1.1023,73.1229,28.7655,1.3216,0.0217,1005.7257
E4C19C00-4B1B-415A-B124-619C2AD8FFA4,310104330002,2022-07-29T00:00:00+08:00,2025-07-14T08:04:24+08:00,2025-07-14T08:04:24+08:00,62.071,63.5207,61.7062,60.73,58.7,72.3,1.4532,58.0029,31.4884,1.2494,0.0,1005.2016
F63ADA63-745F-430B-AE9F-4CCB8BCFB72C,310104330002,2022-07-30T00:00:00+08:00,2025-07-14T08:04:34+08:00,2025-07-14T08:04:34+08:00,59.1164,61.0321,58.5834,57.0224,31.9,71.3,0.5093,69.4049,29.9217,6.6431,0.1083,1002.0457
E5E82098-A5FD-4650-9D56-4B002B0D6234,310104340004,2022-07-30T00:00:00+08:00,2025-07-14T08:04:25+08:00,2025-07-14T08:04:25+08:00,52.5096,53.972,52.2497,51.181,45.3,69.3,0.8418,62.3844,30.9944,1.366,0.0333,1002.8613
F792C798-63FD-4497-97AA-848420C050BE,310104320001,2022-07-31T00:00:00+08:00,2025-07-14T08:04:35+08:00,2025-07-14T08:04:35+08:00,65.7703,68.5036,65.2634,61.2318,41.5,73.1,0.6869,55.6168,32.2401,6.3887,0.0,1000.3916
F0313AC6-00C9-400A-8691-1862516B3AE6,310104330002,2022-07-31T00:00:00+08:00,2025-07-14T08:04:30+08:00,2025-07-14T08:04:30+08:00,57.9557,60.3437,57.1442,55.282,51.5,72.1,1.1358,52.4394,32.6994,1.8977,0.0,1000.2151
CD368FDF-113A-4CD7-A8EA-385724615A94,310104340004,2022-07-31T00:00:00+08:00,2025-07-14T08:04:06+08:00,2025-07-14T08:04:06+08:00,49.3346,50.1708,48.7809,48.0956,44.1,77.4,0.7236,68.7289,28.6594,1.1979,0.0,1001.5289
F3358D58-EBDA-462D-AEF7-0A801071B293,310104320001,2022-08-01T00:00:00+08:00,2025-07-14T08:04:32+08:00,2025-07-14T08:04:32+08:00,64.5672,67.2704,64.0577,60.1713,42.6,76.7,0.7081,54.7743,32.8976,5.3475,0.0,1003.7706
F697D8FE-2521-4F86-BC84-2874F1898AD0,310104330002,2022-08-01T00:00:00+08:00,2025-07-14T08:04:34+08:00,2025-07-14T08:04:34+08:00,58.2312,60.2487,57.5909,56.0776,51.4,77.5,1.1452,54.9653,32.7698,2.112,0.0,1003.7714
CBDD8DAF-86BC-45EE-AFC2-93F741468D20,310104340004,2022-08-01T00:00:00+08:00,2025-07-14T08:04:05+08:00,2025-07-14T08:04:05+08:00,55.564,56.526,55.3797,54.8286,47.5,67.4,1.2687,52.4166,33.298,1.8114,0.0,1004.433
E64664B4-D6BB-4FAE-ACA2-F25DAFF33349,310104320001,2022-08-02T00:00:00+08:00,2025-07-14T08:04:25+08:00,2025-07-14T08:04:25+08:00,47.3087,49.2435,46.7005,45.6046,41.8,61.5,0.7961,75.4845,29.4108,1.794,0.0,1006.1076
DE080AB6-A4F7-451D-B59C-3CB675595574,310104330002,2022-08-02T00:00:00+08:00,2025-07-14T08:04:20+08:00,2025-07-14T08:04:20+08:00,58.4895,60.8896,57.6179,56.0088,51.6,78.4,1.706,59.7141,32.4858,2.1645,0.0,1006.6984
DB8ABCF6-39EF-4372-A16D-74D5E1185431,310104340004,2022-08-02T00:00:00+08:00,2025-07-14T08:04:18+08:00,2025-07-14T08:04:18+08:00,56.1355,57.306,55.8979,55.2241,48.5,70.3,1.3658,57.762,33.2158,2.352,0.0,1007.3818
E41E575F-2035-4C2B-88D1-EEF1D1379149,310104340004,2022-08-03T00:00:00+08:00,2025-07-14T08:04:22+08:00,2025-07-14T08:04:22+08:00,56.0028,56.8142,55.8887,55.3009,47.6,66.1,1.5535,54.714,33.1791,2.5671,0.0,1007.5754
BA43C6B7-36D5-43DA-A5FF-45ECA3E24AEF,310104330002,2022-08-04T00:00:00+08:00,2025-07-14T08:03:51+08:00,2025-07-14T08:03:51+08:00,53.9651,55.3899,53.5565,52.7637,47.7,66.1,1.8098,67.2646,29.7721,1.2847,0.0,1006.7093
B7CCFD4F-73F1-45BE-A3FC-00BB483CE897,310104340004,2022-08-04T00:00:00+08:00,2025-07-14T08:03:49+08:00,2025-07-14T08:03:49+08:00,56.5373,57.4625,56.3957,55.7396,47.8,69.1,1.8589,50.6482,34.089,2.855,0.0,1007.1423
DFE97D3A-DA81-456E-9257-AEB6044FF8E8,310104320001,2022-08-05T00:00:00+08:00,2025-07-14T08:04:21+08:00,2025-07-14T08:04:21+08:00,61.2192,64.3686,60.2405,55.5062,45.3,74.1,0.8591,47.2277,35.9667,5.5203,0.0,1004.2949
B8D2C251-282C-46E6-9118-33CC24CFD0E7,310104340004,2022-08-05T00:00:00+08:00,2025-07-14T08:03:49+08:00,2025-07-14T08:03:49+08:00,56.8106,57.5687,56.7027,56.199,47.9,69.0,1.5331,47.2403,35.9171,3.0556,0.0,1004.88
D39C437A-9756-41AA-AA3D-697DCFA9C2F5,310104320001,2022-08-06T00:00:00+08:00,2025-07-14T08:04:12+08:00,2025-07-14T08:04:12+08:00,61.1428,64.1793,60.4943,55.238,44.7,74.5,0.4923,64.2854,31.5052,6.1407,0.0217,1004.6738
C389748C-66BF-495C-96AB-3828C74B2F9F,310104320001,2022-08-07T00:00:00+08:00,2025-07-14T08:03:58+08:00,2025-07-14T08:03:58+08:00,62.0797,65.2513,61.0318,55.8774,45.8,85.4,1.101,49.7225,33.3674,5.8492,0.0,1004.6397
D25B5D81-AFA6-41FC-944A-E87C287F247E,310104340004,2022-08-07T00:00:00+08:00,2025-07-14T08:04:11+08:00,2025-07-14T08:04:11+08:00,52.7724,54.6431,52.2293,51.2019,47.7,74.1,1.969,48.4392,33.6652,1.232,0.0,1005.1279
DA0513DA-4384-41CB-9E0B-10B44AEDE3AB,310104320001,2022-08-08T00:00:00+08:00,2025-07-14T08:04:17+08:00,2025-07-14T08:04:17+08:00,47.1453,48.7503,46.6853,45.8727,43.1,60.7,0.8876,65.4653,29.9571,1.0159,0.0,1005.563
D18912BE-5863-4E88-BF8A-5B0DCDE5F946,310104330002,2022-08-08T00:00:00+08:00,2025-07-14T08:04:11+08:00,2025-07-14T08:04:11+08:00,54.2144,55.3878,53.9153,53.1785,51.1,67.8,1.9593,63.7347,29.9404,1.0514,0.0,1005.3906
F96D17B1-3725-4F6B-93A6-C9DD8A4281B8,310104320001,2022-08-10T00:00:00+08:00,2025-07-14T08:04:36+08:00,2025-07-14T08:04:36+08:00,57.1722,59.7808,56.2636,53.4109,43.3,80.0,0.9884,48.3912,34.8924,4.7568,0.0,1004.6783
FDD4E4B4-DBF7-4956-92A8-089BE7DE28E2,310104330002,2022-08-10T00:00:00+08:00,2025-07-14T08:04:38+08:00,2025-07-14T08:04:38+08:00,53.6896,54.9158,53.3741,52.7047,51.2,71.8,1.4866,68.1868,30.0216,1.2738,0.0,1004.6828
DDC7B747-6CD5-42DC-99BF-A4EA0C71ABBF,310104320001,2022-08-11T00:00:00+08:00,2025-07-14T08:04:20+08:00,2025-07-14T08:04:20+08:00,45.7686,47.0782,45.4215,44.7311,41.4,61.7,0.6882,68.5753,30.8408,1.5592,0.0,1004.4479
ED7F930D-BADD-46B3-AF5D-55D5DB8D8FC6,310104330002,2022-08-11T00:00:00+08:00,2025-07-14T08:04:28+08:00,2025-07-14T08:04:28+08:00,53.7076,55.0944,53.2929,52.6348,51.3,69.5,0.9424,70.7189,30.3903,0.9966,0.0,1004.3832
B7C8ED69-B700-482C-8E4C-6938EAE16C02,310104320001,2022-08-12T00:00:00+08:00,2025-07-14T08:03:49+08:00,2025-07-14T08:03:49+08:00,47.3413,48.3005,47.0821,46.6507,43.1,61.2,0.5581,65.4239,31.1837,0.4124,0.0,1004.6074
DE534BD2-4853-4DFE-BB7B-D4A941F57C79,310104330002,2022-08-12T00:00:00+08:00,2025-07-14T08:04:20+08:00,2025-07-14T08:04:20+08:00,53.8448,55.0622,53.4739,52.7939,51.2,71.4,0.5967,71.2851,30.2878,1.1479,0.0,1004.4818
CF1E03F2-9BD8-45E3-9FEB-1EB7118051BF,310104340004,2022-08-12T00:00:00+08:00,2025-07-14T08:04:08+08:00,2025-07-14T08:04:08+08:00,55.9088,56.8184,55.2439,54.6789,46.3,90.8,0.873,55.9684,33.3399,3.4905,0.0684,1005.0995
BEC9028F-0BAA-4104-832A-AB10BAB7F3EF,310104340004,2022-08-13T00:00:00+08:00,2025-07-14T08:03:54+08:00,2025-07-14T08:03:54+08:00,50.1311,51.306,49.8753,49.1813,45.9,67.2,0.6693,70.1102,30.1708,0.7189,0.0,1004.306
DD0E7118-78D4-4C5E-ADF2-15160047E504,310104320001,2022-08-15T00:00:00+08:00,2025-07-14T08:04:19+08:00,2025-07-14T08:04:19+08:00,54.1618,56.4557,53.2904,51.5956,46.6,75.8,1.0779,47.3157,35.2125,1.9356,0.0,1001.9027
E86D6D81-4B81-42C7-9334-6BFECAA45CA1,310104330002,2022-08-15T00:00:00+08:00,2025-07-14T08:04:26+08:00,2025-07-14T08:04:26+08:00,53.9732,55.1464,53.6866,52.9444,51.0,67.8,1.8734,65.2782,30.2994,1.1394,0.0,1002.3857
CAF162F8-1A70-40C9-9EF3-D35CBFD3D195,310104340004,2022-08-15T00:00:00+08:00,2025-07-14T08:04:05+08:00,2025-07-14T08:04:05+08:00,57.2897,58.1932,57.1257,56.5859,48.7,69.5,1.823,46.7628,35.3174,2.8271,0.0,1002.6077
FBA19E4C-DBA4-4642-BC8E-0DB9D4B523AF,310104320001,2022-08-16T00:00:00+08:00,2025-07-14T08:04:37+08:00,2025-07-14T08:04:37+08:00,52.5769,53.9166,52.1063,51.016,45.4,75.1,0.7382,50.5144,34.4946,1.9017,0.0,1002.6106
C20B5CEC-4288-44A6-A6B8-22D797C01084,310104330002,2022-08-17T00:00:00+08:00,2025-07-14T08:03:57+08:00,2025-07-14T08:03:57+08:00,54.3123,55.6257,53.8839,53.181,51.8,71.3,0.5162,69.1883,28.7733,1.4618,0.0,1004.3832
D486B85B-07D2-4856-966C-80101E549D1D,310104320001,2022-08-18T00:00:00+08:00,2025-07-14T08:04:13+08:00,2025-07-14T08:04:13+08:00,52.7474,54.3654,52.355,51.094,45.2,71.0,1.0537,58.0058,32.7768,2.3094,0.0,1004.3315
E6D6F939-F0E1-4F8E-90FA-BAB74495F9CD,310104340004,2022-08-18T00:00:00+08:00,2025-07-14T08:04:25+08:00,2025-07-14T08:04:25+08:00,55.5818,56.4967,55.4142,54.8801,48.5,68.0,1.2635,56.3417,33.2928,2.5085,0.0,1005.0337
DBC00C9A-B734-45A3-B2F1-E42CB2D9EB4B,310104330002,2022-08-19T00:00:00+08:00,2025-07-14T08:04:18+08:00,2025-07-14T08:04:18+08:00,54.5696,56.2407,54.0123,53.1522,51.1,72.6,1.4276,70.5925,30.1584,1.522,0.0,1002.1735
E00E840D-0437-41FD-8DE5-C4F2D0E180ED,310104340004,2022-08-19T00:00:00+08:00,2025-07-14T08:04:21+08:00,2025-07-14T08:04:21+08:00,57.6091,58.391,57.4981,56.952,50.7,68.3,1.8274,45.2175,36.6327,2.3521,0.0,1002.3298
E18FE7F5-4D61-44E2-849F-A3B0705BF4A6,310104320001,2022-08-21T00:00:00+08:00,2025-07-14T08:04:22+08:00,2025-07-14T08:04:22+08:00,53.5113,55.6778,52.9427,50.9958,44.3,69.2,0.7803,69.0572,30.2977,2.906,0.0333,1004.3319
AF69F619-4E82-4795-A473-4A4DF23EE7F7,310104330002,2022-08-21T00:00:00+08:00,2025-07-14T08:03:45+08:00,2025-07-14T08:03:45+08:00,53.9158,54.9609,53.6649,53.0867,51.2,65.9,0.7128,76.9541,28.2381,1.1039,0.0,1003.8407
E1EEEA2A-D9DB-4F92-BCF5-E3ACE8554A1A,310104340004,2022-08-22T00:00:00+08:00,2025-07-14T08:04:22+08:00,2025-07-14T08:04:22+08:00,56.895,57.589,56.7816,56.3624,45.6,67.9,1.1093,45.9736,36.2252,3.1904,0.0,1002.5836
F9BA3A11-7BE9-4D43-ABCA-5A0E24F3748D,310104320001,2022-08-23T00:00:00+08:00,2025-07-14T08:04:36+08:00,2025-07-14T08:04:36+08:00,53.1366,54.7688,52.6465,51.4326,45.8,72.8,0.687,55.0072,34.2182,1.97,0.0583,1004.3881
E363BD1D-6D5F-4162-8166-B768626BD255,310104340004,2022-08-23T00:00:00+08:00,2025-07-14T08:04:22+08:00,2025-07-14T08:04:22+08:00,56.919,57.6023,56.8268,56.3687,47.3,67.7,1.1898,51.3024,34.9026,3.4217,0.045,1005.1097
CCDCDFAD-B5B5-45BF-8B19-7B1787FD6CC3,310104320001,2022-08-24T00:00:00+08:00,2025-07-14T08:04:06+08:00,2025-07-14T08:04:06+08:00,51.5847,53.2212,51.1594,49.8693,44.5,69.0,0.8971,63.9212,28.0292,2.1346,0.0,1008.112
E7023D7D-5AB2-474D-A9A3-D46E437A6C0E,310104330002,2022-08-24T00:00:00+08:00,2025-07-14T08:04:25+08:00,2025-07-14T08:04:25+08:00,57.8133,59.2509,57.4001,56.3098,52.4,76.9,1.0552,62.4247,28.4479,1.5487,0.0,1007.8649
B2A5CBB2-F643-4080-B000-0F252B5E6C9F,310104340004,2022-08-24T00:00:00+08:00,2025-07-14T08:03:47+08:00,2025-07-14T08:03:47+08:00,49.9136,51.0189,49.699,48.9727,43.1,63.5,1.3358,70.2564,27.5188,0.8391,0.0,1008.1975
EC16305E-FF6E-4700-B4CD-019286130F12,310104340004,2022-08-25T00:00:00+08:00,2025-07-14T08:04:28+08:00,2025-07-14T08:04:28+08:00,48.5151,50.241,48.2593,46.3179,41.4,60.6,1.0593,69.576,27.1528,1.6938,0.0,1007.3794
E1F3D544-048B-4426-9820-24F7136CF209,310104320001,2022-08-26T00:00:00+08:00,2025-07-14T08:04:22+08:00,2025-07-14T08:04:22+08:00,45.7584,47.2765,45.4878,44.0647,40.5,63.2,0.4238,70.2941,27.4225,2.5389,0.0,1006.9018
C2C29496-8215-4D76-9FE0-014E861482D2,310104330002,2022-08-26T00:00:00+08:00,2025-07-14T08:03:58+08:00,2025-07-14T08:03:58+08:00,58.362,59.8382,57.9188,56.9033,52.5,83.0,0.9069,63.1338,28.3265,1.4016,0.0,1007.1613
C1D9CA24-E96E-4D8F-9E80-5FE5C3A03D01,310104340004,2022-08-26T00:00:00+08:00,2025-07-14T08:03:57+08:00,2025-07-14T08:03:57+08:00,49.5509,50.986,49.6622,47.447,41.6,57.2,0.8992,69.0176,27.7037,0.9433,0.0,1007.5
E79A5EEE-FF4A-4C3C-B455-F17F14BB0533,310104330002,2022-08-27T00:00:00+08:00,2025-07-14T08:04:26+08:00,2025-07-14T08:04:26+08:00,54.2569,55.5929,53.9323,53.1905,51.9,66.4,0.6382,70.8913,26.6841,0.951,0.05,1008.1407
ECD0A4DA-AC72-4B07-A2E0-A946920220A6,310104340004,2022-08-27T00:00:00+08:00,2025-07-14T08:04:28+08:00,2025-07-14T08:04:28+08:00,52.1511,53.5181,51.8331,50.9258,48.0,68.4,1.4676,64.1901,26.9246,0.6501,0.235,1009.8377
FEE29EA0-901C-41B3-95CD-639D7CEBA202,310104330002,2022-08-28T00:00:00+08:00,2025-07-14T08:04:39+08:00,2025-07-14T08:04:39+08:00,54.4207,55.7704,54.0782,53.2382,51.6,70.5,0.8104,64.9856,25.6562,0.8354,0.0,1010.2518
D245CA86-3BDB-4A5F-AF30-6F8EFDED1528,310104340004,2022-08-28T00:00:00+08:00,2025-07-14T08:04:11+08:00,2025-07-14T08:04:11+08:00,51.5018,52.9493,51.1285,50.2512,46.0,66.5,1.3727,52.625,27.8122,0.6273,0.0,1011.2544
E824C428-B091-44F7-9FFB-0A85E46DA147,310104320001,2022-08-29T00:00:00+08:00,2025-07-14T08:04:26+08:00,2025-07-14T08:04:26+08:00,55.0988,57.2473,54.4469,52.6322,43.9,76.3,1.0148,59.3968,30.7275,3.1514,0.0,1009.1157
B734E00D-365E-4BB3-924B-B91DA9C01224,310104340004,2022-08-29T00:00:00+08:00,2025-07-14T08:03:49+08:00,2025-07-14T08:03:49+08:00,50.2858,51.1752,50.1289,49.583,47.5,61.3,0.9246,71.0588,26.3243,0.9653,0.0,1010.155
E676B32E-3098-425F-B9AD-5043B07B3D24,310104320001,2022-08-31T00:00:00+08:00,2025-07-14T08:04:25+08:00,2025-07-14T08:04:25+08:00,45.9047,47.5848,45.4093,44.4152,41.1,63.6,0.7182,72.8768,25.4983,0.9457,0.0,1008.867
FCB9234A-7BA4-47F5-991E-5B8FE0572FA8,310104320001,2022-09-01T00:00:00+08:00,2025-07-14T08:04:38+08:00,2025-07-14T08:04:38+08:00,52.3218,54.0213,51.9064,50.4838,42.8,73.4,1.1788,50.0669,26.8056,2.3286,0.0,1011.7433
F0F08B34-7196-4668-9E85-70D9EA3B0881,310104330002,2022-09-01T00:00:00+08:00,2025-07-14T08:04:30+08:00,2025-07-14T08:04:30+08:00,53.8046,54.8699,53.5268,52.9438,51.5,66.1,1.403,62.0788,24.7117,0.6882,0.0,1010.5693
FBD9BB90-F8B7-4CB8-9391-3223567B1D8B,310104340004,2022-09-01T00:00:00+08:00,2025-07-14T08:04:37+08:00,2025-07-14T08:04:37+08:00,53.5028,55.3333,52.8088,51.6709,45.7,75.8,2.1673,46.7309,27.5209,1.1067,0.0,1012.1217
E75541F4-4F7A-4B49-9639-E991EA6EA704,310104320001,2022-09-02T00:00:00+08:00,2025-07-14T08:04:25+08:00,2025-07-14T08:04:25+08:00,45.7285,47.3049,45.2546,44.4361,40.3,66.4,0.8951,71.602,24.4405,2.1217,0.0,1009.2713
FB015328-0417-46BD-94F0-080AD5F48BE0,310104330002,2022-09-02T00:00:00+08:00,2025-07-14T08:04:37+08:00,2025-07-14T08:04:37+08:00,58.4351,59.9392,57.9815,56.9509,52.4,80.2,2.2298,62.6086,26.211,1.1459,0.035,1008.1493
E01AA03D-BED6-4684-9DB2-7013782916E6,310104320001,2022-09-05T00:00:00+08:00,2025-07-14T08:04:21+08:00,2025-07-14T08:04:21+08:00,52.8794,55.2089,52.1252,50.2078,43.1,78.7,1.0663,80.3783,22.8345,3.0272,0.2267,999.4567
BB9736A4-DF09-4C72-8CD9-87DE6010A76A,310104340004,2022-09-06T00:00:00+08:00,2025-07-14T08:03:52+08:00,2025-07-14T08:03:52+08:00,52.7022,53.7518,52.6058,51.5813,45.7,63.8,0.7711,64.6846,24.3782,0.7513,0.0,1011.5775
E4E7FDD1-B065-4E1F-97A2-B3B5DA002F88,310104320001,2022-09-21T00:00:00+08:00,2025-07-14T08:04:24+08:00,2025-07-14T08:04:24+08:00,44.942,47.1658,44.0632,42.9878,41.1,57.0,0.3208,62.1825,20.9226,0.6279,0.0,1014.0
DD5181BD-59B7-4A6B-91CB-59E5D4E904B3,310104330002,2022-09-21T00:00:00+08:00,2025-07-14T08:04:19+08:00,2025-07-14T08:04:19+08:00,57.0123,58.9985,56.4059,54.9359,51.8,77.0,0.5615,51.8174,22.9679,2.0987,0.0,1013.467
FCDDC116-3B8E-4DD1-AE19-341AC766CC0E,310104340004,2022-09-23T00:00:00+08:00,2025-07-14T08:04:38+08:00,2025-07-14T08:04:38+08:00,52.4224,53.7917,52.0531,51.0669,44.4,75.5,1.686,49.768,24.6664,1.3746,0.0,1015.5635
F98090EF-7BB2-4F2D-AFD1-7727B3B3BDAC,310104330002,2022-09-24T00:00:00+08:00,2025-07-14T08:04:36+08:00,2025-07-14T08:04:36+08:00,58.1847,59.7761,57.7572,56.629,51.9,72.4,1.2438,47.136,22.7738,1.9747,0.0,1016.2916
F3342452-72FC-43FD-ACDC-DA01870E6B80,310104340004,2022-09-24T00:00:00+08:00,2025-07-14T08:04:32+08:00,2025-07-14T08:04:32+08:00,51.4596,53.3321,50.9808,49.5258,43.3,66.9,1.5814,46.1855,22.9049,1.3333,0.0,1017.0688
FC4A12AC-2959-4FB3-964A-FEF2AB1B6B02,310104320001,2022-09-25T00:00:00+08:00,2025-07-14T08:04:38+08:00,2025-07-14T08:04:38+08:00,52.9837,54.7967,52.6913,50.6023,42.5,72.1,0.6887,51.775,23.5922,3.1864,0.0,1014.4993
C2AE2835-FE02-4FAE-9697-09F443D26E7A,310104330002,2022-09-25T00:00:00+08:00,2025-07-14T08:03:58+08:00,2025-07-14T08:03:58+08:00,57.8864,59.8739,57.2477,55.8305,51.9,75.2,0.9837,49.9567,23.9838,1.1022,0.0,1014.2854
CD003904-C570-4E10-B2CC-F74C22888A0F,310104320001,2022-09-26T00:00:00+08:00,2025-07-14T08:04:06+08:00,2025-07-14T08:04:06+08:00,50.8931,52.7487,50.3366,48.9555,42.4,66.8,0.7561,58.8224,23.8854,2.0319,0.1083,1014.4659
CF47AF97-AE67-4CF4-8D34-8380703E06DD,310104330002,2022-09-26T00:00:00+08:00,2025-07-14T08:04:08+08:00,2025-07-14T08:04:08+08:00,54.4981,56.1148,53.8988,53.0907,51.6,74.5,0.4105,72.4739,21.0635,1.2824,0.005,1014.0121
C4CBA06C-FA00-4BA2-9394-92920952B972,310104320001,2022-09-27T00:00:00+08:00,2025-07-14T08:03:59+08:00,2025-07-14T08:03:59+08:00,44.1095,45.8329,43.4631,42.5827,39.9,63.1,0.5486,72.5506,22.2008,1.8083,0.0,1013.7314
D78F79BB-23F5-418C-8F03-81CD99345B86,310104340004,2022-09-27T00:00:00+08:00,2025-07-14T08:04:16+08:00,2025-07-14T08:04:16+08:00,52.4074,53.7474,52.1231,51.1665,44.3,69.9,1.3877,50.503,24.7855,1.849,0.0,1013.8459
DBD803C0-D7D9-49F6-B40B-52DD84CBAB25,310104320001,2022-09-29T00:00:00+08:00,2025-07-14T08:04:18+08:00,2025-07-14T08:04:18+08:00,53.5588,55.9886,52.9808,49.9809,42.4,75.5,0.6548,65.5147,23.9261,3.1963,0.0,1012.8529
CC59BF0F-AE1F-4B57-83D0-0E81667F8B98,310104330002,2022-09-29T00:00:00+08:00,2025-07-14T08:04:06+08:00,2025-07-14T08:04:06+08:00,53.4476,54.3797,53.2171,52.7453,51.5,65.3,0.6394,74.7875,21.243,0.6854,0.1184,1012.5755
DF18988F-6DED-4A7F-9F5F-97E2DEA0229D,310104340004,2022-09-29T00:00:00+08:00,2025-07-14T08:04:20+08:00,2025-07-14T08:04:20+08:00,52.0298,53.4408,51.7307,50.7503,43.8,66.0,1.063,62.6226,24.5226,1.5089,0.0967,1013.5818
E7AD3D7B-6B64-4C1B-B35F-DE37427D9E06,310104330002,2022-10-01T00:00:00+08:00,2025-07-14T08:04:26+08:00,2025-07-14T08:04:26+08:00,53.2291,54.2308,53.0318,52.3882,50.9,65.7,0.6739,82.9894,24.0569,0.6683,0.0,1011.946
D05AE225-8FCC-4F78-B38A-2D869B1BFE30,310104320001,2022-10-02T00:00:00+08:00,2025-07-14T08:04:10+08:00,2025-07-14T08:04:10+08:00,46.0413,47.4897,45.6743,44.6403,41.4,58.9,0.9726,75.0962,25.5762,1.578,0.0,1011.0003
ECF3AB87-0C2C-452C-991A-DDF5787CE276,310104330002,2022-10-02T00:00:00+08:00,2025-07-14T08:04:28+08:00,2025-07-14T08:04:28+08:00,53.3292,54.4173,53.0856,52.3795,50.7,66.6,1.5667,73.8798,25.7326,0.7658,0.0,1010.7691
EA7FCF39-8E35-4D93-A17B-7CCA2BD2118A,310104340004,2022-10-02T00:00:00+08:00,2025-07-14T08:04:27+08:00,2025-07-14T08:04:27+08:00,50.4051,51.317,50.2651,49.6397,41.6,60.7,1.2132,73.6208,25.7911,0.4314,0.0,1011.586
EB3183D0-73C7-4DFC-ADD8-0005D7D2DF89,310104330002,2022-10-03T00:00:00+08:00,2025-07-14T08:04:28+08:00,2025-07-14T08:04:28+08:00,56.9919,59.3809,56.1529,54.5011,50.4,72.0,1.3225,56.8612,31.055,1.3116,0.0,1010.2494
F8443014-7901-471B-ABCF-73FAAD1B8EC7,310104320001,2022-10-04T00:00:00+08:00,2025-07-14T08:04:35+08:00,2025-07-14T08:04:35+08:00,48.5971,50.0093,48.202,47.1935,41.2,68.6,0.8608,68.6963,24.9051,0.6369,0.0,1012.8962
C696CA08-0509-4C03-BAB0-CFD45238B3CD,310104330002,2022-10-04T00:00:00+08:00,2025-07-14T08:04:01+08:00,2025-07-14T08:04:01+08:00,52.6548,53.6333,52.4696,51.8371,50.1,64.6,1.1702,67.5937,25.0434,0.5497,0.0,1012.5011
F263B253-B173-41F8-BF78-661380982C6B,310104320001,2022-10-05T00:00:00+08:00,2025-07-14T08:04:31+08:00,2025-07-14T08:04:31+08:00,44.7777,46.6962,44.1359,42.8181,39.1,62.2,0.8787,61.1496,17.7716,0.6882,0.0,1021.2022
B8D7FE7F-E6D9-4F40-BCF4-50CA76CBFA18,310104340004,2022-10-05T00:00:00+08:00,2025-07-14T08:03:49+08:00,2025-07-14T08:03:49+08:00,45.9735,47.8113,45.407,44.119,38.6,58.9,1.4646,59.3044,18.051,1.6538,0.0,1021.7346
D943B347-6DAF-4534-B380-7FB24649B694,310104320001,2022-10-06T00:00:00+08:00,2025-07-14T08:04:17+08:00,2025-07-14T08:04:17+08:00,52.502,55.219,51.2998,48.224,41.5,80.8,0.7613,74.9224,16.3159,3.1732,0.0,1020.603
F6D6F0CB-3B14-4E7A-915A-84E571363EE5,310104330002,2022-10-06T00:00:00+08:00,2025-07-14T08:04:34+08:00,2025-07-14T08:04:34+08:00,58.4308,60.6108,57.0728,55.3769,51.0,81.3,1.4383,72.7017,16.7385,2.8342,0.05,1020.0969
C2449FC6-CD61-438A-B27D-99DA2E30B9F1,310104340004,2022-10-06T00:00:00+08:00,2025-07-14T08:03:57+08:00,2025-07-14T08:03:57+08:00,45.7849,47.0628,45.5636,44.4438,38.1,62.5,1.3541,71.5109,15.8986,2.0869,0.035,1021.5862
DE01EF5F-C5DD-4A3F-A4A3-B994C63EA49D,310104320001,2022-10-07T00:00:00+08:00,2025-07-14T08:04:20+08:00,2025-07-14T08:04:20+08:00,56.7426,60.8424,53.4379,49.7486,41.5,79.2,0.6571,61.9985,17.1645,5.3738,0.0283,1022.1671
B3609446-7FF9-4B5E-A50A-C2D3D5384E4D,310104340004,2022-10-08T00:00:00+08:00,2025-07-14T08:03:47+08:00,2025-07-14T08:03:47+08:00,46.3686,48.1272,45.8147,44.6992,38.3,62.3,0.7043,64.5978,16.7347,1.5717,0.2134,1022.1685
CA11AE48-D41A-47D0-9292-7DD97C9A9F15,310104330002,2022-10-09T00:00:00+08:00,2025-07-14T08:04:04+08:00,2025-07-14T08:04:04+08:00,58.3198,59.9499,57.7509,56.7979,52.4,82.2,1.1896,53.5333,18.6627,1.695,0.0117,1019.6745
B2CC657C-0A1C-45B2-952E-1045CC388729,310104340004,2022-10-09T00:00:00+08:00,2025-07-14T08:03:47+08:00,2025-07-14T08:03:47+08:00,46.3612,48.0525,45.913,44.5882,37.1,62.6,0.7764,68.6433,15.2467,2.7099,0.0083,1021.2521
DBC21C37-81B2-41B6-9289-CF1103F6BCA7,310104320001,2022-10-10T00:00:00+08:00,2025-07-14T08:04:18+08:00,2025-07-14T08:04:18+08:00,57.8234,60.2213,55.1244,52.0344,42.8,83.9,0.8108,31.5906,16.0464,5.4076,0.0,1023.6854
D77B21D5-DAE9-47E4-BDFF-BAE63498F0B8,310104330002,2022-10-10T00:00:00+08:00,2025-07-14T08:04:16+08:00,2025-07-14T08:04:16+08:00,61.4714,63.7181,60.9084,57.9129,52.0,89.4,1.4578,29.7911,16.0544,4.0872,0.0,1023.1824
F224BF49-C0C4-42D0-B55F-2FE644AD7CC9,310104340004,2022-10-10T00:00:00+08:00,2025-07-14T08:04:31+08:00,2025-07-14T08:04:31+08:00,51.1798,53.0027,50.5112,49.2764,44.7,70.6,1.5853,29.831,16.0257,0.9583,0.0,1023.9934
E10BC6C3-0741-4462-8862-B701CDC5C0E5,310104320001,2022-10-11T00:00:00+08:00,2025-07-14T08:04:22+08:00,2025-07-14T08:04:22+08:00,57.1367,60.2393,56.0522,50.7335,41.9,82.6,0.6534,42.2075,17.3407,5.2565,0.0,1023.9965
F0215343-EAAF-4237-A7B0-2538644E0222,310104340004,2022-10-11T00:00:00+08:00,2025-07-14T08:04:30+08:00,2025-07-14T08:04:30+08:00,47.6906,49.7482,46.5041,45.2165,38.2,73.7,0.7238,43.4125,13.8139,2.7701,0.0,1024.3999
C4328206-58B4-452B-A370-3E3EF77FB5A6,310104330002,2022-10-12T00:00:00+08:00,2025-07-14T08:03:59+08:00,2025-07-14T08:03:59+08:00,53.6979,54.5907,53.45,53.0152,51.5,71.1,0.422,60.4472,15.507,0.6069,0.0,1022.9534
FBF03A6E-1680-4407-AB7A-A1CBB1CFDB10,310104320001,2022-10-13T00:00:00+08:00,2025-07-14T08:04:37+08:00,2025-07-14T08:04:37+08:00,46.1108,47.7205,44.3841,43.2038,39.4,77.1,0.2923,68.6288,15.1231,3.1192,0.0,1021.5284
C9302BDC-42CC-4E79-B1E8-E4A6D5AAC3DB,310104330002,2022-10-13T00:00:00+08:00,2025-07-14T08:04:04+08:00,2025-07-14T08:04:04+08:00,53.9667,55.1401,53.6194,53.1538,51.9,75.2,0.4914,63.303,16.0884,0.8215,0.0,1020.8988
F72A66F0-D630-4F68-8A4D-5F7AB0A12671,310104340004,2022-10-13T00:00:00+08:00,2025-07-14T08:04:34+08:00,2025-07-14T08:04:34+08:00,46.079,48.0955,45.3601,44.1168,37.1,63.0,0.7156,59.594,16.8996,2.1208,0.0,1021.8709
CE4588E7-5256-48C5-8BD5-F24DC4D27E39,310104320001,2022-10-14T00:00:00+08:00,2025-07-14T08:04:08+08:00,2025-07-14T08:04:08+08:00,44.5353,46.6641,43.6124,42.6554,39.9,62.7,0.2135,78.705,15.687,0.8796,0.0,1018.2127
B5F80CDE-0736-45B0-AE94-842F5D22DAE2,310104320001,2022-10-15T00:00:00+08:00,2025-07-14T08:03:49+08:00,2025-07-14T08:03:49+08:00,53.4247,56.2792,52.4786,49.6613,41.3,72.0,0.6586,60.5109,20.4511,4.0678,0.0,1017.3643
F41A245F-3B95-408F-9742-233AB4A032BD,310104330002,2022-10-16T00:00:00+08:00,2025-07-14T08:04:32+08:00,2025-07-14T08:04:32+08:00,52.8238,53.6978,52.605,52.1055,51.0,68.9,0.5166,71.0918,17.8641,0.5598,0.0,1017.2464
FBBB6009-E99B-4AAC-AE86-5B3684578F84,310104330002,2022-10-17T00:00:00+08:00,2025-07-14T08:04:37+08:00,2025-07-14T08:04:37+08:00,59.098,60.6748,58.5865,57.4706,52.8,74.2,2.2728,45.2409,18.7614,1.4416,0.0,1022.0493
E61B3942-4F2B-4E19-8267-15898A119659,310104340004,2022-10-17T00:00:00+08:00,2025-07-14T08:04:25+08:00,2025-07-14T08:04:25+08:00,45.1615,46.9397,44.5847,43.3887,36.0,68.4,1.2497,61.9877,17.4853,2.3039,0.0,1021.223
BDD1307C-E2AE-4D96-B24B-0717DD69A7F6,310104320001,2022-10-18T00:00:00+08:00,2025-07-14T08:03:54+08:00,2025-07-14T08:03:54+08:00,54.6001,55.907,51.8057,49.6313,41.3,80.6,0.8408,41.7984,16.7725,4.4401,0.0,1024.4838
F03AF48A-FF5D-493A-AB5D-8C2B0A40CDAB,310104330002,2022-10-18T00:00:00+08:00,2025-07-14T08:04:30+08:00,2025-07-14T08:04:30+08:00,53.6904,54.7602,53.4242,52.8395,51.4,67.7,0.8575,43.073,14.5444,0.6886,0.0,1023.4236
C5B28A80-DD23-4417-9C72-F53F52DD22FB,310104340004,2022-10-18T00:00:00+08:00,2025-07-14T08:03:59+08:00,2025-07-14T08:03:59+08:00,46.3613,48.9079,45.4169,43.8774,38.4,66.4,1.1359,42.3828,14.7764,1.8049,0.0,1024.2507
EC407447-6C2C-4DEC-B154-266DF25F312B,310104320001,2022-10-19T00:00:00+08:00,2025-07-14T08:04:28+08:00,2025-07-14T08:04:28+08:00,54.0386,56.3557,53.1252,50.6671,40.9,86.1,0.8287,43.831,17.3703,4.2357,0.0,1025.7156
C91EEE76-9291-4433-A0F8-9B5C20108B73,310104320001,2022-10-20T00:00:00+08:00,2025-07-14T08:04:04+08:00,2025-07-14T08:04:04+08:00,44.2382,45.7987,43.6451,42.9556,38.7,63.8,0.2037,69.5858,13.7022,0.8055,0.0,1024.2357
BF65101A-87A7-43E8-B3F2-FF0AB70DE775,310104330002,2022-10-21T00:00:00+08:00,2025-07-14T08:03:55+08:00,2025-07-14T08:03:55+08:00,59.034,60.7269,58.4162,57.2147,52.1,78.1,1.003,56.4402,22.4068,2.5405,0.0,1020.2308
BA070187-3763-48B9-B243-6F3B96AF3873,310104320001,2022-10-22T00:00:00+08:00,2025-07-14T08:03:51+08:00,2025-07-14T08:03:51+08:00,53.4735,57.4158,50.4415,47.2883,38.9,80.9,0.6269,64.7762,22.7455,4.4577,0.0,1019.264
C6075509-B0B6-4422-9C54-B3CD3A39F423,310104340004,2022-10-22T00:00:00+08:00,2025-07-14T08:04:01+08:00,2025-07-14T08:04:01+08:00,46.0977,48.3149,45.3286,43.9834,36.8,67.5,0.5469,79.513,19.8183,2.0576,0.0,1019.8851
B3645649-72BA-490C-92C3-DDC72AECA959,310104320001,2022-10-23T00:00:00+08:00,2025-07-14T08:03:47+08:00,2025-07-14T08:03:47+08:00,43.425,45.8244,42.3266,41.1638,36.5,66.9,0.6874,68.8323,18.039,2.5808,0.0,1020.8735
E87407FF-2386-4482-B8BF-484E13B52910,310104330002,2022-10-23T00:00:00+08:00,2025-07-14T08:04:26+08:00,2025-07-14T08:04:26+08:00,58.7644,60.6286,58.211,56.727,52.0,80.5,1.6301,48.9689,20.0466,2.0796,0.0,1020.9882
DA7D510F-ECB2-4F51-B6FA-D573E7B6D7EA,310104330002,2022-10-24T00:00:00+08:00,2025-07-14T08:04:17+08:00,2025-07-14T08:04:17+08:00,53.9017,55.0383,53.6091,53.0025,50.8,69.5,0.9931,54.5018,16.1289,0.8305,0.0,1022.512
F46850C6-EB0D-47BE-BD14-31C4FE81B777,310104320001,2022-10-25T00:00:00+08:00,2025-07-14T08:04:33+08:00,2025-07-14T08:04:33+08:00,43.3418,45.1246,42.3239,41.3783,37.7,68.7,0.4464,54.7564,15.5711,2.454,0.0,1024.2813
C4911CB1-D2E8-435D-B086-8660D4E8692F,310104330002,2022-10-25T00:00:00+08:00,2025-07-14T08:03:59+08:00,2025-07-14T08:03:59+08:00,54.4615,55.6526,54.1175,53.4547,51.5,70.4,0.7359,53.8748,15.8932,1.216,0.0,1023.7857
F9C08CDE-D3A4-4D8A-9B32-79034578E5CE,310104340004,2022-10-25T00:00:00+08:00,2025-07-14T08:04:36+08:00,2025-07-14T08:04:36+08:00,45.6668,47.3436,45.2235,44.0108,36.9,63.0,0.944,51.1946,16.2433,2.4086,0.0,1024.7025
F47B0648-D0FD-4476-BF78-B5F0D844BB21,310104330002,2022-10-26T00:00:00+08:00,2025-07-14T08:04:33+08:00,2025-07-14T08:04:33+08:00,54.1053,55.1935,53.814,53.2837,51.7,68.9,0.4046,61.9039,16.4244,0.9295,0.0,1021.8605
F1186545-1A1B-4BF3-8D29-76002364D03E,310104340004,2022-10-26T00:00:00+08:00,2025-07-14T08:04:31+08:00,2025-07-14T08:04:31+08:00,46.243,47.6579,45.9713,44.8816,40.3,60.4,0.5539,59.1859,16.706,1.8004,0.1583,1022.6331
F2BB3762-0D0E-436F-82BA-E1A6552222D4,310104320001,2022-10-27T00:00:00+08:00,2025-07-14T08:04:32+08:00,2025-07-14T08:04:32+08:00,45.0215,47.1617,44.1139,42.9351,39.5,61.2,0.7503,73.7802,17.6886,1.1553,0.07,1022.5
F68A97C5-8E5E-431C-9CC0-E63D48756567,310104320001,2022-10-28T00:00:00+08:00,2025-07-14T08:04:34+08:00,2025-07-14T08:04:34+08:00,43.7903,45.7384,43.1025,42.1036,38.2,56.9,0.775,66.8225,16.5875,1.4784,0.2417,1023.8037
B35F9805-5543-46CB-A751-F92F1D7C29E8,310104330002,2022-10-28T00:00:00+08:00,2025-07-14T08:03:47+08:00,2025-07-14T08:03:47+08:00,54.3045,55.3819,54.0836,53.3854,51.2,65.0,1.3331,65.2461,16.9259,0.8917,0.0134,1023.292
F4848312-8EBF-4F48-96C6-05C26518AABF,310104340004,2022-10-28T00:00:00+08:00,2025-07-14T08:04:33+08:00,2025-07-14T08:04:33+08:00,49.9344,51.2989,49.5251,48.6584,45.6,70.8,1.3594,63.4393,17.0589,0.8412,0.2181,1024.1925
DEDDA0E1-D535-480E-B9BD-2869A773E289,310104320001,2022-10-29T00:00:00+08:00,2025-07-14T08:04:20+08:00,2025-07-14T08:04:20+08:00,43.8202,46.034,42.9596,41.9494,38.2,65.2,0.561,66.0104,15.7504,1.3764,0.0,1023.337
D20EAA47-E596-491B-B00A-050BA90E57C6,310104340004,2022-10-30T00:00:00+08:00,2025-07-14T08:04:11+08:00,2025-07-14T08:04:11+08:00,46.1362,47.6319,45.7144,44.6559,38.6,60.3,1.0083,70.1007,17.3298,1.4591,0.0,1021.4809
EA6B63AA-F246-4CBD-8180-321E3ED3E2F0,310104330002,2022-10-31T00:00:00+08:00,2025-07-14T08:04:27+08:00,2025-07-14T08:04:27+08:00,53.4738,54.389,53.2752,52.7409,51.4,65.7,0.8985,70.6097,17.7002,0.7675,0.0,1020.1178
F3428A6A-59C0-4977-8EBC-C43121A97ADF,310104320001,2022-11-02T00:00:00+08:00,2025-07-14T08:04:32+08:00,2025-07-14T08:04:32+08:00,43.8717,45.7768,43.1948,41.9533,37.7,61.0,0.5155,69.1902,15.4108,2.2648,0.0,1019.7054
DA00DD3F-3832-49B1-8EAA-46749363908D,310104330002,2022-11-02T00:00:00+08:00,2025-07-14T08:04:17+08:00,2025-07-14T08:04:17+08:00,54.0903,55.0248,53.8582,53.3123,51.5,68.9,0.7052,68.4676,15.8216,0.7024,0.0,1019.3262
ED111FBD-61B2-46CE-8BC8-F56AE3B979CF,310104320001,2022-11-03T00:00:00+08:00,2025-07-14T08:04:28+08:00,2025-07-14T08:04:28+08:00,43.4639,45.6237,42.659,41.5416,37.0,63.3,0.2014,71.0076,13.8068,1.4796,0.0,1018.7144
CD08D5DA-B7D3-4BD3-ADB5-A17F58937F5B,310104340004,2022-11-03T00:00:00+08:00,2025-07-14T08:04:06+08:00,2025-07-14T08:04:06+08:00,51.1491,53.5763,50.0235,48.6688,43.0,79.9,1.2773,50.5117,18.162,1.1833,0.0517,1019.321
B4CBE531-C000-4D5C-AB22-2C8E47C29118,310104320001,2022-11-04T00:00:00+08:00,2025-07-14T08:03:48+08:00,2025-07-14T08:03:48+08:00,44.1194,46.0725,43.0281,41.8124,37.4,69.7,0.5495,62.1731,14.7617,1.9229,0.0,1023.1909
C16FBE86-68A0-4204-95B2-91FAF1736B79,310104330002,2022-11-05T00:00:00+08:00,2025-07-14T08:03:57+08:00,2025-07-14T08:03:57+08:00,59.2493,61.1648,58.7325,57.1755,52.5,74.9,0.8668,44.819,16.0051,1.8409,0.0,1025.4486
C3F929B0-88BD-4967-841D-E361CE3C6376,310104340004,2022-11-05T00:00:00+08:00,2025-07-14T08:03:58+08:00,2025-07-14T08:03:58+08:00,45.1477,47.0591,44.5768,43.3481,36.0,65.7,0.7452,53.9867,13.0451,1.7346,0.0,1026.0046
D1CAB7CE-D2DC-4AD2-9D5A-9F02A4CD0BD5,310104340004,2022-11-07T00:00:00+08:00,2025-07-14T08:04:11+08:00,2025-07-14T08:04:11+08:00,51.5052,53.2486,51.0754,49.8552,45.6,68.2,0.948,54.2801,19.2234,1.0663,0.0327,1021.0369
CD403EF2-6ADB-4ABB-83D3-E7B5109BD67C,310104320001,2022-11-08T00:00:00+08:00,2025-07-14T08:04:06+08:00,2025-07-14T08:04:06+08:00,55.3252,57.8466,53.7984,50.861,41.9,84.3,0.8917,57.384,18.9763,4.6555,0.0,1022.1462
CA9D74D3-6EC7-49A5-83F9-FF329AB0B0D3,310104340004,2022-11-08T00:00:00+08:00,2025-07-14T08:04:04+08:00,2025-07-14T08:04:04+08:00,50.9758,52.9627,50.3696,49.0482,45.1,73.2,1.1165,54.1242,19.6081,0.9056,0.0,1022.7828
C1E0AF3D-CD0F-4020-AD8F-0F64FB57CBA4,310104320001,2022-11-09T00:00:00+08:00,2025-07-14T08:03:57+08:00,2025-07-14T08:03:57+08:00,54.207,57.3343,52.9487,48.3926,41.6,78.6,0.8142,69.3583,20.4856,4.4306,0.0,1019.7245
C74E4F5F-6844-4962-BC30-E791A5AB9870,310104330002,2022-11-09T00:00:00+08:00,2025-07-14T08:04:01+08:00,2025-07-14T08:04:01+08:00,54.4223,55.4944,54.152,53.6122,51.9,67.5,0.4192,77.5344,16.478,0.8973,0.0,1020.1917
DC0EC05E-41EB-4436-96A0-17EA82D633A6,310104340004,2022-11-09T00:00:00+08:00,2025-07-14T08:04:18+08:00,2025-07-14T08:04:18+08:00,47.0749,48.4633,46.7931,45.7913,41.1,62.4,0.6356,75.1194,17.2738,1.7781,0.0,1021.0507
C254E841-CE6A-4959-B451-DF7CCB99DB2B,310104320001,2022-11-10T00:00:00+08:00,2025-07-14T08:03:57+08:00,2025-07-14T08:03:57+08:00,57.4288,60.3334,56.3617,51.9558,40.2,82.8,0.7946,67.8478,22.2035,5.8714,0.0,1018.763
E0C0B048-5AEA-497F-B1B8-9F0EDC9B6B4E,310104340004,2022-11-10T00:00:00+08:00,2025-07-14T08:04:21+08:00,2025-07-14T08:04:21+08:00,51.0838,53.2869,50.3163,48.7446,42.1,79.0,0.9943,67.109,22.4568,1.7543,0.0,1019.3088
E07E47C4-7819-46F6-B106-69FB8440DA6B,310104320001,2022-11-13T00:00:00+08:00,2025-07-14T08:04:21+08:00,2025-07-14T08:04:21+08:00,53.9657,56.9884,52.422,48.7982,40.4,83.0,0.8343,65.3195,14.3876,3.8994,0.0,1021.8465
C5B983AB-7A9A-493D-BFB1-833608B54E72,310104330002,2022-11-13T00:00:00+08:00,2025-07-14T08:04:01+08:00,2025-07-14T08:04:01+08:00,58.4226,60.0556,57.898,56.7914,50.4,77.2,1.0525,64.38,14.7032,1.9453,0.0133,1021.4068
C7C01D8B-9F3C-4FEB-9892-C61060E22D36,310104340004,2022-11-13T00:00:00+08:00,2025-07-14T08:04:02+08:00,2025-07-14T08:04:02+08:00,51.6694,53.7528,51.0717,49.5975,43.2,68.9,1.1896,64.1368,14.6279,1.525,0.0033,1022.2987
DBC792DB-A988-46A0-A059-6D4F02C3495E,310104330002,2022-11-14T00:00:00+08:00,2025-07-14T08:04:18+08:00,2025-07-14T08:04:18+08:00,60.0425,61.7495,59.6183,58.2929,52.7,74.5,0.7323,57.9334,12.5688,2.0911,0.0,1020.5559
FF7D224C-BB81-4735-9DDA-CE11304105A0,310104340004,2022-11-14T00:00:00+08:00,2025-07-14T08:04:40+08:00,2025-07-14T08:04:40+08:00,50.7413,52.706,50.1673,48.8539,43.9,71.0,0.8725,58.6716,12.476,1.245,0.0,1021.4489
D0D06045-CD52-4A8E-90D1-DBAD06019519,310104320001,2022-11-15T00:00:00+08:00,2025-07-14T08:04:10+08:00,2025-07-14T08:04:10+08:00,51.3317,53.7347,50.1903,48.2399,41.3,76.5,0.4397,50.0454,13.7849,1.7553,0.0,1019.659
C8CA8501-2CBD-4161-8504-B3E78DD4FAB0,310104340004,2022-11-15T00:00:00+08:00,2025-07-14T08:04:02+08:00,2025-07-14T08:04:02+08:00,50.5535,52.5192,50.0284,48.789,43.8,67.3,0.7973,45.7212,14.4285,1.1541,0.0,1020.1268
B13D9D49-1F3C-46E6-815F-08280DAA0B8E,310104320001,2022-11-16T00:00:00+08:00,2025-07-14T08:03:46+08:00,2025-07-14T08:03:46+08:00,45.0338,46.4525,44.4915,43.8294,38.8,64.5,0.2773,77.8466,9.6814,0.99,0.0915,1019.8868
D3698BFB-A27E-49D4-9193-CC7A8FC1AC15,310104340004,2022-11-16T00:00:00+08:00,2025-07-14T08:04:12+08:00,2025-07-14T08:04:12+08:00,50.7059,52.3743,50.2483,49.1154,44.2,71.3,0.9877,46.0603,16.1491,0.9887,0.0,1020.4119
B9C14ACE-51C8-48A1-BA6B-1C8841B8818E,310104330002,2022-11-17T00:00:00+08:00,2025-07-14T08:03:51+08:00,2025-07-14T08:03:51+08:00,54.2087,55.0907,54.0282,53.4952,52.0,62.3,0.6281,82.7692,15.3428,0.4962,0.0617,1017.4333
DD2EE4FA-5E16-4B3C-99A3-A385E35FBCDE,310104340004,2022-11-17T00:00:00+08:00,2025-07-14T08:04:19+08:00,2025-07-14T08:04:19+08:00,55.1076,57.8385,53.5544,52.1641,46.9,79.2,1.6401,82.1152,15.602,2.1717,0.41,1018.147
C325010C-C79D-4243-A3C1-C896186F74C9,310104330002,2022-11-18T00:00:00+08:00,2025-07-14T08:03:58+08:00,2025-07-14T08:03:58+08:00,54.3486,55.4797,54.0466,53.5078,52.4,70.9,0.4993,77.7358,17.0308,0.6332,0.065,1018.554
E2DB5922-E7FE-48B1-A560-2A31CA235387,310104340004,2022-11-18T00:00:00+08:00,2025-07-14T08:04:22+08:00,2025-07-14T08:04:22+08:00,47.3044,48.5427,47.0388,46.129,41.5,60.3,1.0432,74.6132,17.478,2.0356,0.01,1019.8872
F13C785F-32D7-474C-8597-4E159ABC63B2,310104320001,2022-11-19T00:00:00+08:00,2025-07-14T08:04:31+08:00,2025-07-14T08:04:31+08:00,43.8388,46.1426,42.7991,41.8083,38.7,62.9,0.4134,77.3236,17.8618,1.5552,0.0,1017.8456
DA3C1DE1-5846-4279-9352-8B6DC0D7FA24,310104330002,2022-11-19T00:00:00+08:00,2025-07-14T08:04:17+08:00,2025-07-14T08:04:17+08:00,58.7855,60.8125,58.1107,56.7799,52.0,78.6,0.7067,76.4162,18.9852,2.448,0.0317,1016.4933
C82C227D-9A43-4990-9854-0A2E720D4459,310104320001,2022-11-20T00:00:00+08:00,2025-07-14T08:04:02+08:00,2025-07-14T08:04:02+08:00,43.5104,45.8255,42.6125,41.5163,38.3,66.3,0.3982,75.5136,16.371,0.7486,0.0,1017.2474
E4A20D21-B343-42D7-A4C3-B1E15851A4B6,310104340004,2022-11-20T00:00:00+08:00,2025-07-14T08:04:24+08:00,2025-07-14T08:04:24+08:00,43.4306,46.0858,42.3408,40.7684,34.9,66.9,0.9116,75.3517,16.5109,2.8459,0.0,1017.105
EAD3DEE3-964C-446C-B613-1EB3DA89302B,310104320001,2022-11-21T00:00:00+08:00,2025-07-14T08:04:28+08:00,2025-07-14T08:04:28+08:00,53.091,56.3503,51.4815,48.4644,41.2,79.5,0.6448,65.9598,18.787,4.1093,0.0,1017.7518
C7F136F5-0D41-4CB2-95E0-045111C854CD,310104330002,2022-11-21T00:00:00+08:00,2025-07-14T08:04:02+08:00,2025-07-14T08:04:02+08:00,60.2352,62.3141,59.4852,58.051,52.7,85.1,0.74,65.3694,18.6459,2.6674,0.0,1017.2892
E667F5B8-9688-48F4-A869-EAF9F2EF6225,310104330002,2022-11-22T00:00:00+08:00,2025-07-14T08:04:25+08:00,2025-07-14T08:04:25+08:00,54.0267,54.8602,53.8359,53.3335,51.8,64.5,0.8531,77.2664,16.6523,0.4604,0.05,1015.1588
F4AA1E62-6A2B-407D-A852-47711EF0419D,310104340004,2022-11-22T00:00:00+08:00,2025-07-14T08:04:33+08:00,2025-07-14T08:04:33+08:00,51.5725,52.9173,51.2356,50.2527,45.6,76.8,1.4676,73.7427,17.5913,1.5141,0.0,1014.0191
EA9E3D78-09B0-4B86-9B27-0A4728B2791C,310104330002,2022-11-24T00:00:00+08:00,2025-07-14T08:04:28+08:00,2025-07-14T08:04:28+08:00,58.9039,60.6955,58.2657,57.0952,53.1,77.2,0.5694,58.2271,16.5993,2.1243,0.0,1019.2422
FD824C75-C663-47DE-84AB-7D30FFC7B639,310104340004,2022-11-24T00:00:00+08:00,2025-07-14T08:04:38+08:00,2025-07-14T08:04:38+08:00,52.178,53.9154,51.8896,50.1206,43.7,68.8,0.7802,55.4141,17.0946,1.9507,0.0,1020.1202
E669328E-51E1-4356-994E-79E941A6A024,310104320001,2022-11-25T00:00:00+08:00,2025-07-14T08:04:25+08:00,2025-07-14T08:04:25+08:00,51.8877,54.3135,51.0179,48.8405,41.1,76.7,0.5643,63.4612,18.3472,3.1811,0.0,1014.8846
D15C2000-3FF7-46AE-A74A-C1D6B33C39B7,310104330002,2022-11-25T00:00:00+08:00,2025-07-14T08:04:11+08:00,2025-07-14T08:04:11+08:00,54.4836,55.3371,54.2755,53.8262,52.6,66.3,0.3466,71.9697,14.8237,0.4725,0.0,1017.0685
DA915266-4457-4375-9E2D-F3308FAA1AC1,310104340004,2022-11-26T00:00:00+08:00,2025-07-14T08:04:17+08:00,2025-07-14T08:04:17+08:00,45.943,47.4192,45.6377,44.5956,38.1,62.7,0.4488,76.3968,15.9272,2.9719,0.0,1016.1193
AF9434BD-B5A4-4DCB-9738-4CB12BA3999C,310104330002,2022-11-27T00:00:00+08:00,2025-07-14T08:03:45+08:00,2025-07-14T08:03:45+08:00,54.2342,55.0794,53.9301,53.4376,51.7,75.3,0.4043,82.2711,14.5895,0.6691,0.0,1014.9984
B167577A-9462-4ADE-BE8B-17DA7AE30C8B,310104330002,2022-11-28T00:00:00+08:00,2025-07-14T08:03:46+08:00,2025-07-14T08:03:46+08:00,53.7283,54.7652,53.4869,52.8758,51.2,68.7,1.2919,77.0423,18.6753,0.6032,0.0,1011.2246
BBA797D6-9A6B-41D9-9A56-FF8B78551596,310104320001,2022-11-29T00:00:00+08:00,2025-07-14T08:03:52+08:00,2025-07-14T08:03:52+08:00,54.223,56.7916,53.0798,51.1667,47.7,76.1,1.3378,75.9374,12.3319,0.7208,0.1599,1019.1057
FA17C3F5-CA8F-4491-8433-048FD9D43344,310104330002,2022-11-29T00:00:00+08:00,2025-07-14T08:04:36+08:00,2025-07-14T08:04:36+08:00,59.6157,61.1909,59.1838,57.9449,53.7,80.0,1.9688,73.6217,13.1981,1.2648,0.1233,1017.8915
C2C2E822-4279-4D96-944A-132D5492F3ED,310104340004,2022-11-29T00:00:00+08:00,2025-07-14T08:03:58+08:00,2025-07-14T08:03:58+08:00,57.6683,59.2881,57.1014,55.9089,51.1,80.6,2.4005,72.5296,12.7248,0.9335,0.0834,1019.4327
D238197A-300A-41EE-B1A2-582021F776CF,310104320001,2022-11-30T00:00:00+08:00,2025-07-14T08:04:11+08:00,2025-07-14T08:04:11+08:00,50.3055,52.0513,49.7675,48.7012,42.6,67.3,0.9879,72.3826,5.389,2.0467,0.2717,1031.3176
D1314BA7-AA0D-4375-9858-5354A348FA35,310104330002,2022-11-30T00:00:00+08:00,2025-07-14T08:04:11+08:00,2025-07-14T08:04:11+08:00,55.1684,56.0595,54.9629,54.2986,52.9,73.1,1.5804,70.3589,6.0234,0.3557,0.1733,1030.2159
D6EC94A3-A69C-4BBA-B221-0436E5CA425E,310104340004,2022-11-30T00:00:00+08:00,2025-07-14T08:04:15+08:00,2025-07-14T08:04:15+08:00,59.309,60.0434,59.1709,58.6617,46.9,74.2,1.3028,68.8367,3.8491,2.7938,0.3618,1033.7386
B181081F-22FC-4FD9-B24F-A6FCBC327964,310104340004,2022-12-01T00:00:00+08:00,2025-07-14T08:03:46+08:00,2025-07-14T08:03:46+08:00,57.7396,58.3832,57.6685,57.1307,49.0,67.8,1.0886,60.4173,3.3884,2.1718,0.3233,1032.5189
C09C4E6E-281E-43E8-A47D-699AACC6946A,310104330002,2022-12-02T00:00:00+08:00,2025-07-14T08:03:55+08:00,2025-07-14T08:03:55+08:00,59.035,60.5062,58.5877,57.627,53.0,78.7,0.6073,51.864,7.2805,2.1373,0.0,1026.3763
BB3671C0-94C9-4DA7-925C-D62D67324F6D,310104340004,2022-12-02T00:00:00+08:00,2025-07-14T08:03:52+08:00,2025-07-14T08:03:52+08:00,58.5884,59.1173,58.5374,58.0714,47.6,69.7,0.805,51.3439,7.343,4.4329,0.0,1027.1462
D698599D-7C43-4EA9-BAB8-C43BDA492822,310104320001,2022-12-03T00:00:00+08:00,2025-07-14T08:04:15+08:00,2025-07-14T08:04:15+08:00,49.1837,50.6718,48.7651,48.0004,44.3,64.3,0.3139,83.044,7.652,1.7551,0.1816,1023.3006
F568918E-30F4-41FE-9388-B5EF2334E7FF,310104330002,2022-12-03T00:00:00+08:00,2025-07-14T08:04:33+08:00,2025-07-14T08:04:33+08:00,54.7392,55.5551,54.563,54.0729,52.7,65.2,0.5996,79.2173,7.5293,0.4086,0.1583,1022.9552
D338A642-2433-4622-B90D-755E75FB6188,310104320001,2022-12-04T00:00:00+08:00,2025-07-14T08:04:12+08:00,2025-07-14T08:04:12+08:00,52.3112,51.8756,49.9064,49.0412,44.4,87.2,0.981,78.7901,9.4714,3.9082,0.2633,1025.4848
D16F19B3-40FF-499F-8A99-76E88826984C,310104330002,2022-12-04T00:00:00+08:00,2025-07-14T08:04:11+08:00,2025-07-14T08:04:11+08:00,54.542,55.3284,54.3696,53.8118,52.7,73.8,1.5711,77.0511,9.5834,0.3116,0.2966,1025.3249
ED0BCCE8-FE3C-4348-A90B-38F330E6FEBC,310104340004,2022-12-04T00:00:00+08:00,2025-07-14T08:04:28+08:00,2025-07-14T08:04:28+08:00,50.2503,51.7155,49.6077,48.8632,43.9,69.1,1.9686,74.2076,9.7225,0.8595,0.0549,1026.5143
D760D263-4F4D-45AD-BF3B-54F2FF89A68A,310104320001,2022-12-05T00:00:00+08:00,2025-07-14T08:04:16+08:00,2025-07-14T08:04:16+08:00,50.4352,51.4376,50.185,49.6972,47.6,58.3,0.433,72.7554,6.6226,0.7987,0.1417,1027.8319
F8971131-38C6-4C5A-B109-188DADDFE115,310104330002,2022-12-05T00:00:00+08:00,2025-07-14T08:04:35+08:00,2025-07-14T08:04:35+08:00,54.6204,55.5316,54.4155,53.8772,52.6,71.5,0.952,71.3258,7.3859,0.3328,0.2567,1027.2741
DD31B722-BFED-4606-BC81-3F70643F1F8B,310104340004,2022-12-05T00:00:00+08:00,2025-07-14T08:04:19+08:00,2025-07-14T08:04:19+08:00,56.1371,57.0794,55.9405,55.3309,47.0,68.2,1.2895,64.0126,8.7687,2.7134,0.1167,1028.3155
D0C3CC0F-6FEC-4CCE-B33B-482E54781768,310104320001,2022-12-07T00:00:00+08:00,2025-07-14T08:04:10+08:00,2025-07-14T08:04:10+08:00,54.2708,56.5968,53.4431,51.1942,44.9,79.0,0.6593,50.2458,11.1551,3.4138,0.0,1023.4767
F848DE60-15CB-4124-AEA9-03B46E8FD711,310104340004,2022-12-07T00:00:00+08:00,2025-07-14T08:04:35+08:00,2025-07-14T08:04:35+08:00,50.2192,51.1545,50.0231,49.3546,44.7,63.6,0.5734,62.3812,8.9056,1.4721,0.0,1025.0141
E486018D-A60D-4EA2-B7ED-8B1B9A47B572,310104330002,2022-12-08T00:00:00+08:00,2025-07-14T08:04:24+08:00,2025-07-14T08:04:24+08:00,59.9375,61.5886,59.4575,58.3132,52.8,73.5,0.5989,64.1915,13.6905,2.5497,0.1167,1021.6804
FAF63781-898E-4E46-8B5A-6EED60AAA705,310104340004,2022-12-08T00:00:00+08:00,2025-07-14T08:04:37+08:00,2025-07-14T08:04:37+08:00,51.2335,51.9254,51.1122,50.5629,47.9,63.6,0.6608,62.285,11.9988,1.1316,0.0,1022.9692
CD7E4DF1-D46F-4ADA-9BF1-85102B9D1432,310104330002,2022-12-09T00:00:00+08:00,2025-07-14T08:04:06+08:00,2025-07-14T08:04:06+08:00,60.2612,61.899,59.8203,58.5999,53.3,80.2,0.5819,81.8247,12.7265,2.1661,0.0,1018.6402
C5C714BF-1BFA-4446-9861-802DFBCBBEC2,310104340004,2022-12-10T00:00:00+08:00,2025-07-14T08:04:01+08:00,2025-07-14T08:04:01+08:00,52.5739,53.6568,52.3118,51.6421,47.1,67.4,1.0993,77.756,11.5873,0.8161,0.0,1019.917
C5399218-9BF1-4765-B467-EF93C7C93257,310104320001,2022-12-11T00:00:00+08:00,2025-07-14T08:03:59+08:00,2025-07-14T08:03:59+08:00,53.2668,55.0431,52.7814,50.9774,43.8,72.9,0.9367,49.4726,8.7413,2.5834,0.0,1024.6606
C7AA003E-9AA3-4788-89B2-411C949F2DEB,310104330002,2022-12-11T00:00:00+08:00,2025-07-14T08:04:02+08:00,2025-07-14T08:04:02+08:00,54.8092,55.7761,54.6109,53.9506,52.0,70.0,1.3204,60.3937,8.612,0.4063,0.0,1023.313
F3EE62A4-F140-4735-9312-6E8CF6284574,310104340004,2022-12-11T00:00:00+08:00,2025-07-14T08:04:32+08:00,2025-07-14T08:04:32+08:00,53.7739,55.157,53.4744,52.4507,48.5,71.9,1.4494,47.792,9.0159,1.1384,0.0,1025.159
E1A14E6E-AE2D-4B05-8A6A-9B28F1B436C8,310104320001,2022-12-12T00:00:00+08:00,2025-07-14T08:04:22+08:00,2025-07-14T08:04:22+08:00,48.1984,49.1961,47.9319,47.3244,41.4,70.4,0.4903,60.5687,6.3256,0.6369,0.0,1023.8565
F9F950AE-58F8-4B43-92C5-6F3B8926AB20,310104320001,2022-12-13T00:00:00+08:00,2025-07-14T08:04:36+08:00,2025-07-14T08:04:36+08:00,47.9083,48.7399,47.6573,47.2521,44.1,67.7,0.4202,54.8396,5.0579,0.5974,0.0,1025.4146
C0E27564-A04C-4174-85D0-8643AEFAD5EE,310104340004,2022-12-13T00:00:00+08:00,2025-07-14T08:03:57+08:00,2025-07-14T08:03:57+08:00,55.1661,55.6693,55.0492,54.7014,50.3,66.5,0.7063,51.9684,5.6834,1.266,0.0,1025.7749
CFA3FBC7-1EEC-4609-A1BF-DC0082CCB86B,310104330002,2022-12-15T00:00:00+08:00,2025-07-14T08:04:10+08:00,2025-07-14T08:04:10+08:00,54.6092,55.4592,54.419,53.9725,50.0,65.4,0.4717,57.6668,4.805,0.466,0.0,1024.6514
D0272849-858B-4862-99D6-8490D58A1736,310104340004,2022-12-15T00:00:00+08:00,2025-07-14T08:04:10+08:00,2025-07-14T08:04:10+08:00,55.8039,56.5116,55.6796,55.1436,49.9,67.0,1.0046,40.7391,9.7692,1.9032,0.0,1023.246
B17B12EA-CDC0-4C42-BEF4-1C4754A71034,310104320001,2022-12-16T00:00:00+08:00,2025-07-14T08:03:46+08:00,2025-07-14T08:03:46+08:00,52.4697,53.7026,52.1051,51.3455,47.1,73.5,0.8967,59.2116,9.7007,1.0143,0.2533,1023.9234
D3FED2EA-8AE9-4846-A561-7C33C201886C,310104330002,2022-12-17T00:00:00+08:00,2025-07-14T08:04:13+08:00,2025-07-14T08:04:13+08:00,54.809,55.6932,54.5863,53.9772,52.2,76.8,1.3929,60.6894,3.1114,0.4663,0.0967,1031.4713
EC23F571-6201-4742-922C-289A5EB65D50,310104340004,2022-12-17T00:00:00+08:00,2025-07-14T08:04:28+08:00,2025-07-14T08:04:28+08:00,55.7456,56.2709,55.5798,55.236,52.1,69.6,1.5599,59.6812,3.1262,1.0334,0.0233,1032.3361
B458B138-EF00-4B99-9D65-00C161454880,310104330002,2022-12-18T00:00:00+08:00,2025-07-14T08:03:48+08:00,2025-07-14T08:03:48+08:00,57.5656,59.4148,56.9861,55.8796,52.5,81.1,1.0403,27.2334,2.138,1.668,0.0,1028.5527
F806E48A-A6F4-4137-A22F-CA930A4837D8,310104330002,2022-12-19T00:00:00+08:00,2025-07-14T08:04:35+08:00,2025-07-14T08:04:35+08:00,60.0752,61.6403,59.7849,58.1657,50.6,75.6,0.5725,33.5114,6.3428,2.9405,0.0,1025.2609
D75FABBC-ADE7-48BC-BD94-E42B2EA58E08,310104330002,2022-12-20T00:00:00+08:00,2025-07-14T08:04:16+08:00,2025-07-14T08:04:16+08:00,54.5803,55.3463,54.4171,53.988,50.6,64.4,0.3453,59.024,4.0593,0.416,0.0,1023.0922
F1EFAD2F-514B-4D87-A98A-620C8B8BAAED,310104320001,2022-12-21T00:00:00+08:00,2025-07-14T08:04:31+08:00,2025-07-14T08:04:31+08:00,51.5547,53.1089,51.0612,50.2339,45.5,73.0,0.6679,35.419,9.0244,1.7219,0.0,1015.1168
F1BE8DB4-F048-4699-A5C7-1D690817D23D,310104330002,2022-12-21T00:00:00+08:00,2025-07-14T08:04:31+08:00,2025-07-14T08:04:31+08:00,58.475,59.9538,58.0019,56.9548,52.9,76.8,1.2082,35.8908,9.0966,1.9789,0.0,1015.1119
CE337FDE-EBC6-4EDE-8A24-261FDDD77702,310104330002,2022-12-22T00:00:00+08:00,2025-07-14T08:04:08+08:00,2025-07-14T08:04:08+08:00,54.4414,55.254,54.2021,53.7666,52.4,69.0,0.7204,49.9207,3.3601,0.585,0.0,1016.0301
BAD2595B-7343-4691-B9EC-FD4C91D7E1D6,310104340004,2022-12-22T00:00:00+08:00,2025-07-14T08:03:52+08:00,2025-07-14T08:03:52+08:00,58.0116,58.5423,57.8809,57.5161,49.9,76.9,1.8347,31.7637,4.6832,1.668,0.0,1019.1698
FDD6D734-B0A4-447E-AFE3-876AC7CB9407,310104320001,2022-12-23T00:00:00+08:00,2025-07-14T08:04:38+08:00,2025-07-14T08:04:38+08:00,51.6982,52.8201,51.3856,50.7423,46.1,66.6,0.6875,21.8775,2.7526,2.092,0.0,1024.2115
CEE57CE8-B39A-45FD-9C1D-FD1F1772B648,310104340004,2022-12-23T00:00:00+08:00,2025-07-14T08:04:08+08:00,2025-07-14T08:04:08+08:00,57.2554,57.7114,57.2002,56.8178,53.9,68.2,1.1191,28.3684,0.2923,0.4541,0.0,1023.8808
CB9FC02C-FBA3-45C6-BBB2-1ED4825F3D4F,310104330002,2022-12-24T00:00:00+08:00,2025-07-14T08:04:05+08:00,2025-07-14T08:04:05+08:00,54.2421,54.7708,54.1422,53.7475,52.2,69.4,0.5957,38.7767,0.659,0.3693,0.0,1025.0518
E13778D3-F125-4966-90BA-AE641047A013,310104340004,2022-12-24T00:00:00+08:00,2025-07-14T08:04:22+08:00,2025-07-14T08:04:22+08:00,57.1026,57.6031,57.0204,56.6984,52.7,68.7,1.2417,33.201,3.2885,1.2421,0.0,1026.3543
CD973B44-F248-4419-ADDE-FD2B19BA6F8A,310104330002,2022-12-25T00:00:00+08:00,2025-07-14T08:04:06+08:00,2025-07-14T08:04:06+08:00,58.3204,59.8974,57.8416,56.7029,52.5,78.0,0.9717,44.8767,4.5955,0.8969,0.0,1027.1785
E4B4F0EA-8252-4F8D-82C1-200E90850396,310104340004,2022-12-25T00:00:00+08:00,2025-07-14T08:04:24+08:00,2025-07-14T08:04:24+08:00,54.9901,55.3185,54.9301,54.6789,49.4,70.0,0.7217,48.9216,1.3565,0.6583,0.0,1027.9327
F414DA54-EC93-493B-B403-9B3075EF07C0,310104320001,2022-12-26T00:00:00+08:00,2025-07-14T08:04:32+08:00,2025-07-14T08:04:32+08:00,51.8895,53.08,51.5372,50.9502,46.3,66.9,0.462,49.0875,5.5563,1.6762,0.0,1027.434
CD5664D5-D34F-4884-861D-614360EF2C69,310104330002,2022-12-26T00:00:00+08:00,2025-07-14T08:04:06+08:00,2025-07-14T08:04:06+08:00,58.7933,60.086,57.9566,57.0575,53.5,79.4,0.7265,44.9201,6.4485,2.299,0.0,1027.2046
F600AC56-19F4-4A8D-B9C3-F95C729BB37D,310104340004,2022-12-26T00:00:00+08:00,2025-07-14T08:04:34+08:00,2025-07-14T08:04:34+08:00,58.1035,58.3544,57.9198,57.6289,52.5,86.2,0.7887,48.2941,5.7977,1.3485,0.0,1028.1657
D11A0D14-0F07-4E15-B6A4-4B13A2D63A2E,310104320001,2022-12-27T00:00:00+08:00,2025-07-14T08:04:11+08:00,2025-07-14T08:04:11+08:00,51.3312,52.8935,50.7049,49.9976,45.7,78.0,0.4972,46.8464,7.3817,1.6254,0.0,1028.757
D27D69DB-4499-4511-9BAA-04CA1BDD6570,310104330002,2022-12-27T00:00:00+08:00,2025-07-14T08:04:12+08:00,2025-07-14T08:04:12+08:00,58.1686,59.5675,57.6302,56.6702,52.9,84.5,0.5635,45.9466,8.2059,1.8826,0.0,1028.4982
C9DC728F-B399-46BA-AF29-F18907FB8BF4,310104340004,2022-12-27T00:00:00+08:00,2025-07-14T08:04:04+08:00,2025-07-14T08:04:04+08:00,55.92,56.3156,55.8729,55.5358,42.4,65.9,0.6334,49.3624,5.2957,3.1699,0.0,1029.5524
D1734926-7D58-4B0B-86A7-6E1C903A3BA7,310104320001,2022-12-28T00:00:00+08:00,2025-07-14T08:04:11+08:00,2025-07-14T08:04:11+08:00,51.4745,52.7484,51.1066,50.4608,45.2,66.4,0.6162,49.0652,6.9019,1.5717,0.0,1030.5649
D3F2D251-11B7-402F-AFD8-71A23D54DB0E,310104340004,2022-12-28T00:00:00+08:00,2025-07-14T08:04:12+08:00,2025-07-14T08:04:12+08:00,50.1573,50.8514,50.033,49.4932,39.8,65.8,0.7172,57.08,6.3252,0.7787,0.0,1030.9506
DA2E3754-9474-4807-A727-3A3FB72BEADB,310104320001,2022-12-29T00:00:00+08:00,2025-07-14T08:04:17+08:00,2025-07-14T08:04:17+08:00,47.5738,48.228,47.4274,47.0365,44.9,58.4,0.6231,58.7952,4.8984,0.2615,0.0,1032.5145
D675ABD4-3730-40D5-B8E6-203BE71EC6CB,310104330002,2022-12-30T00:00:00+08:00,2025-07-14T08:04:15+08:00,2025-07-14T08:04:15+08:00,54.4029,55.1419,54.2249,53.8597,51.6,68.1,0.3785,63.9359,4.0579,0.6991,0.0,1032.3798
E2EBB5DA-67C0-42AB-B39E-5CCEE595312E,310104320001,2022-12-31T00:00:00+08:00,2025-07-14T08:04:22+08:00,2025-07-14T08:04:22+08:00,50.9334,52.9436,49.538,48.2133,43.9,84.2,0.5068,41.3914,7.0103,2.38,0.0,1031.8811
F4980217-5B3C-4F56-9AD1-A90C77C3F67D,310104340004,2022-12-31T00:00:00+08:00,2025-07-14T08:04:33+08:00,2025-07-14T08:04:33+08:00,50.4916,51.8996,50.0337,49.2352,43.8,70.6,0.7426,40.3471,7.5611,1.3176,0.0,1032.2955
BB7558AB-5AF4-4324-9DB1-BAB8D4450249,310104320001,2023-01-01T00:00:00+08:00,2025-07-14T08:03:52+08:00,2025-07-14T08:03:52+08:00,46.8479,47.9705,46.4902,45.9959,42.8,58.9,0.2125,55.6206,5.0188,0.4403,0.0,1030.9037
BA335B77-AF66-4D19-AA1A-32996B8040A4,310104330002,2023-01-01T00:00:00+08:00,2025-07-14T08:03:51+08:00,2025-07-14T08:03:51+08:00,62.7921,64.8752,62.4,59.7992,51.6,85.6,0.4572,48.1286,7.2179,4.4154,0.0,1030.3038
ED05B8D7-06D0-4987-AC42-ACDB6FE4F4E1,310104340004,2023-01-01T00:00:00+08:00,2025-07-14T08:04:28+08:00,2025-07-14T08:04:28+08:00,49.9561,50.7472,49.7383,49.2826,41.9,66.8,0.4118,50.8587,5.7139,0.7554,0.0,1031.1758
B713107F-376E-4EB3-B288-FFE1AFC154AD,310104320001,2023-01-02T00:00:00+08:00,2025-07-14T08:03:49+08:00,2025-07-14T08:03:49+08:00,46.1333,46.9867,45.9096,45.4368,43.0,61.1,0.5262,47.0122,7.1842,0.6035,0.0,1031.7207
F223FE2B-41C9-4547-A7E1-23FC20383104,310104330002,2023-01-02T00:00:00+08:00,2025-07-14T08:04:31+08:00,2025-07-14T08:04:31+08:00,61.2844,63.033,61.0319,58.8217,52.4,82.8,0.8148,57.7411,7.7775,3.8255,0.0,1031.3577
FDB71C36-C2BF-4F02-BF82-EA37C9486D37,310104320001,2023-01-03T00:00:00+08:00,2025-07-14T08:04:38+08:00,2025-07-14T08:04:38+08:00,52.0814,53.2502,51.8123,51.0527,45.2,69.0,0.5938,44.2577,7.9433,1.5079,0.0,1030.1614
BACD6CA0-13E9-4F2D-B007-7FF09676EE3F,310104330002,2023-01-03T00:00:00+08:00,2025-07-14T08:03:52+08:00,2025-07-14T08:03:52+08:00,61.106,62.7538,60.9229,59.0138,53.1,71.7,0.6372,45.4986,8.0228,3.1993,0.0,1030.5046
E55F8E10-EED4-4027-B582-A249DE925DB8,310104330002,2023-01-04T00:00:00+08:00,2025-07-14T08:04:24+08:00,2025-07-14T08:04:24+08:00,60.3383,62.2022,59.9274,58.231,53.8,74.7,0.7611,48.2616,7.8435,2.439,0.0,1029.4904
BF2B7B8B-DDB4-4803-9495-866FE5E22FBE,310104340004,2023-01-04T00:00:00+08:00,2025-07-14T08:03:54+08:00,2025-07-14T08:03:54+08:00,54.9412,55.4866,54.8673,54.4219,46.9,67.2,0.3709,69.2194,4.5308,2.7238,0.0,1030.6801
E174538A-C295-4093-B08D-5499ACA9A9BF,310104330002,2023-01-05T00:00:00+08:00,2025-07-14T08:04:22+08:00,2025-07-14T08:04:22+08:00,59.2598,61.0262,58.7625,57.4368,52.6,74.0,0.596,61.2006,10.5126,1.9639,0.0,1027.212
D146EC1A-7306-4966-B807-E152387DDA1F,310104340004,2023-01-05T00:00:00+08:00,2025-07-14T08:04:11+08:00,2025-07-14T08:04:11+08:00,54.4238,55.3604,54.2075,53.6738,47.9,67.1,0.7229,58.3702,11.0799,1.8644,0.0,1028.1435
D01BE4D6-5A7F-4F82-9410-5A78034376A2,310104320001,2023-01-06T00:00:00+08:00,2025-07-14T08:04:10+08:00,2025-07-14T08:04:10+08:00,46.6019,47.685,46.2419,45.8321,43.6,59.2,0.2254,65.9931,9.5637,0.3578,0.0,1025.6726
D4F0799E-3AF1-400B-84D5-D11A6E31DEB6,310104330002,2023-01-06T00:00:00+08:00,2025-07-14T08:04:13+08:00,2025-07-14T08:04:13+08:00,58.9787,60.742,58.4965,57.1952,53.1,72.7,1.1734,41.4859,11.9855,2.1138,0.0,1023.3334
BBBD5FB4-DD63-4A77-8DF6-F4EA7D4582C1,310104340004,2023-01-06T00:00:00+08:00,2025-07-14T08:03:52+08:00,2025-07-14T08:03:52+08:00,49.5622,50.7249,49.2337,48.5454,43.3,66.1,0.472,63.2428,10.1236,1.8563,0.0,1026.1159
EE8DEFEA-10C8-4802-93E4-B0FCC703960D,310104330002,2023-01-07T00:00:00+08:00,2025-07-14T08:04:29+08:00,2025-07-14T08:04:29+08:00,56.8248,58.4535,56.1769,55.0406,51.8,76.0,0.5098,33.9417,11.4287,1.6432,0.0,1023.0294
E77A0AB0-B13F-4116-8143-E10112CF4491,310104340004,2023-01-07T00:00:00+08:00,2025-07-14T08:04:25+08:00,2025-07-14T08:04:25+08:00,52.1101,53.5565,51.7195,50.892,46.7,72.1,0.8664,30.9192,11.9208,1.172,0.0,1023.758
B2FF3D8A-8E1E-4AFC-9CB2-33D223134C3D,310104320001,2023-01-08T00:00:00+08:00,2025-07-14T08:03:47+08:00,2025-07-14T08:03:47+08:00,48.7674,51.085,47.8578,46.4727,42.2,67.7,0.8432,43.0191,12.7713,1.0335,0.0,1021.5177
EAE4D776-659B-4C99-9725-F285C003750A,310104320001,2023-01-09T00:00:00+08:00,2025-07-14T08:04:28+08:00,2025-07-14T08:04:28+08:00,52.4215,54.0773,52.0714,50.6761,46.0,66.3,1.0264,56.9558,12.2979,1.9271,0.0,1022.4221
FE10A302-71AE-4FCB-90F7-99EDC2F5A8CE,310104340004,2023-01-09T00:00:00+08:00,2025-07-14T08:04:39+08:00,2025-07-14T08:04:39+08:00,50.6293,51.9257,50.2849,49.5864,46.0,68.1,0.8456,68.1711,9.1359,0.8415,0.0,1022.75
F69454CA-9D1B-4722-8034-916EB9A56355,310104320001,2023-01-10T00:00:00+08:00,2025-07-14T08:04:34+08:00,2025-07-14T08:04:34+08:00,47.3104,48.3601,47.0153,46.4472,43.0,62.6,0.7632,63.192,7.7506,0.5369,0.0,1026.8348
C42DC9BC-F011-4583-A504-153D8C573976,310104330002,2023-01-10T00:00:00+08:00,2025-07-14T08:03:59+08:00,2025-07-14T08:03:59+08:00,57.3306,58.4205,56.8635,56.1195,50.9,84.0,0.9137,55.4547,9.6498,1.845,0.0,1025.7922
B87388B7-C2CE-4A8D-A561-FFD7F54D9690,310104340004,2023-01-10T00:00:00+08:00,2025-07-14T08:03:49+08:00,2025-07-14T08:03:49+08:00,53.5985,54.5383,53.342,52.7878,46.1,75.3,1.1211,54.9986,9.7608,2.1246,0.0,1026.6768
C7AC11E3-7B8E-42B7-8550-1DEC3A3C5A6D,310104320001,2023-01-12T00:00:00+08:00,2025-07-14T08:04:02+08:00,2025-07-14T08:04:02+08:00,47.9254,48.9914,47.6651,46.9593,43.6,62.4,0.5265,81.0564,12.8429,0.8256,0.07,1016.677
E0F508B2-D33E-47F2-8C79-5933E758E9BF,310104330002,2023-01-12T00:00:00+08:00,2025-07-14T08:04:22+08:00,2025-07-14T08:04:22+08:00,53.6456,54.6871,53.4031,52.8772,51.6,64.4,0.5172,81.9591,12.2339,0.4629,0.0317,1016.1977
D2DF4AAE-15DD-4DF7-9B9D-891321BA89BA,310104340004,2023-02-11T00:00:00+08:00,2025-07-14T08:04:12+08:00,2025-07-14T08:04:12+08:00,53.5842,54.7651,53.304,52.6137,47.0,70.4,1.2978,81.3972,8.669,1.708,0.0233,1018.7061
FB05AF73-FBAB-47B3-B5FF-2525A5EF78EE,310104320001,2023-02-12T00:00:00+08:00,2025-07-14T08:04:37+08:00,2025-07-14T08:04:37+08:00,51.5664,53.9077,50.7793,48.812,43.2,70.4,0.5601,81.732,13.4448,2.3493,0.0817,1011.5855
B70CE12F-E79C-4F2F-8CA4-C14F006571AE,310104320001,2023-02-13T00:00:00+08:00,2025-07-14T08:03:49+08:00,2025-07-14T08:03:49+08:00,54.6906,56.3821,54.1552,52.9812,46.3,79.6,1.1051,69.3573,6.1552,1.7791,0.115,1021.0683
F6597505-2025-48EA-85FA-F46AC2087F8D,310104330002,2023-02-13T00:00:00+08:00,2025-07-14T08:04:34+08:00,2025-07-14T08:04:34+08:00,55.3499,56.2501,55.1952,54.534,52.8,62.2,1.4298,64.2935,5.3241,0.1999,0.0333,1022.3347
FFEF7B1D-7C1D-4ECE-88A5-8A771D7F717A,310104330002,2023-02-14T00:00:00+08:00,2025-07-14T08:04:40+08:00,2025-07-14T08:04:40+08:00,59.2912,60.375,59.0128,58.2556,53.4,76.4,1.108,50.5518,5.2863,2.0116,0.0,1026.4131
E5DB75C0-04D0-47E6-8227-63FDC90E19D0,310104320001,2023-02-15T00:00:00+08:00,2025-07-14T08:04:24+08:00,2025-07-14T08:04:24+08:00,48.0689,49.3132,47.7358,47.1061,42.6,61.3,0.5742,59.2732,3.3307,2.0679,0.0,1029.6939
F821190B-C94C-4DFD-A8EC-ECC57508E692,310104330002,2023-02-15T00:00:00+08:00,2025-07-14T08:04:35+08:00,2025-07-14T08:04:35+08:00,54.8232,55.6308,54.6691,54.164,53.0,63.8,0.8823,58.5221,3.5565,0.3773,0.0,1029.1844
BF60FAD9-C644-4119-A86C-3D96F990590B,310104340004,2023-02-15T00:00:00+08:00,2025-07-14T08:03:55+08:00,2025-07-14T08:03:55+08:00,54.2209,54.7235,54.1355,53.7523,49.4,67.4,0.8722,57.8386,3.6355,0.8113,0.0,1029.9772
F62081BD-D6ED-4A38-9B3B-FCDE1E487747,310104320001,2023-02-16T00:00:00+08:00,2025-07-14T08:04:34+08:00,2025-07-14T08:04:34+08:00,49.6717,50.5175,49.4868,49.0123,44.0,61.6,0.5382,64.5263,3.4799,1.3262,0.0,1030.5523
CDCEB09C-35EC-4ABB-AC6A-D4A90D89CE59,310104330002,2023-02-16T00:00:00+08:00,2025-07-14T08:04:06+08:00,2025-07-14T08:04:06+08:00,54.5212,55.195,54.365,54.0107,52.8,70.5,0.4234,67.1905,3.6318,0.3026,0.0,1030.1338
F07D2040-94C1-43CC-AE43-44591E579EA4,310104340004,2023-02-16T00:00:00+08:00,2025-07-14T08:04:30+08:00,2025-07-14T08:04:30+08:00,55.5976,56.4281,55.4084,54.9211,48.7,67.7,1.0741,46.4377,7.8571,1.9242,0.0,1029.9041
EB8A75A7-9DD8-4A1B-8937-741E703CFCDB,310104320001,2023-02-17T00:00:00+08:00,2025-07-14T08:04:28+08:00,2025-07-14T08:04:28+08:00,53.3533,55.4049,52.5571,51.3625,42.5,79.6,0.7827,54.4871,10.1584,2.7821,0.0,1020.8993
B111AE35-A73F-4081-9AA3-B32C41830738,310104330002,2023-02-17T00:00:00+08:00,2025-07-14T08:03:46+08:00,2025-07-14T08:03:46+08:00,59.5313,61.088,59.0156,57.9399,52.8,79.8,0.9142,56.3099,10.0339,2.5255,0.0,1021.7505
C1697705-6507-46C6-A2CF-9D5F99D434DF,310104320001,2023-02-18T00:00:00+08:00,2025-07-14T08:03:57+08:00,2025-07-14T08:03:57+08:00,51.7219,54.6386,50.0735,47.5156,42.1,80.0,0.632,52.0969,16.5657,2.6542,0.0,1017.3651
DB5ADAF6-49E2-4008-BEF7-7F9B4815DDBD,310104330002,2023-02-18T00:00:00+08:00,2025-07-14T08:04:18+08:00,2025-07-14T08:04:18+08:00,54.3562,55.122,54.04,53.5879,52.6,78.6,0.6445,70.0487,11.0154,0.8716,0.0417,1019.2605
E7BFB657-E862-401B-9D49-CA6AA51B32A5,310104320001,2023-02-20T00:00:00+08:00,2025-07-14T08:04:26+08:00,2025-07-14T08:04:26+08:00,47.8152,48.8513,47.5446,47.0101,44.3,59.5,0.6176,55.4414,4.7774,0.8075,0.0,1027.9247
EEF556FE-C0F5-46D0-A4DF-FBC7F993B02E,310104330002,2023-02-20T00:00:00+08:00,2025-07-14T08:04:29+08:00,2025-07-14T08:04:29+08:00,55.4678,57.7436,54.4154,53.782,52.6,76.0,0.853,55.2688,5.0744,1.8943,0.0,1027.5388
CF52323E-21C6-4722-961C-0D9A8B965806,310104340004,2023-02-20T00:00:00+08:00,2025-07-14T08:04:08+08:00,2025-07-14T08:04:08+08:00,49.9312,51.178,49.5222,48.7602,40.9,68.9,1.0419,51.9281,5.365,3.3225,0.0,1028.246
DDC2490F-1A82-4B4C-BA5C-38A77B8E2696,310104330002,2023-02-22T00:00:00+08:00,2025-07-14T08:04:20+08:00,2025-07-14T08:04:20+08:00,55.9052,57.8991,55.1295,54.4128,52.9,72.0,0.7293,55.1201,5.4202,1.6083,0.0,1029.4539
DB4079D0-63A1-4A69-B86E-84CBE7C8696A,310104320001,2023-02-23T00:00:00+08:00,2025-07-14T08:04:18+08:00,2025-07-14T08:04:18+08:00,48.3015,49.5198,47.977,47.2727,43.9,63.1,0.5064,65.0752,5.6948,0.8543,0.0951,1024.0964
E170F79D-E3DB-4329-A4A1-5FF117949622,310104340004,2023-02-23T00:00:00+08:00,2025-07-14T08:04:22+08:00,2025-07-14T08:04:22+08:00,56.9031,57.5334,56.7845,56.3943,48.6,68.9,1.1709,62.4016,6.8072,2.2449,0.355,1023.6588
AFA645B6-3608-4F85-86E5-1D385C7B1E69,310104320001,2023-02-24T00:00:00+08:00,2025-07-14T08:03:45+08:00,2025-07-14T08:03:45+08:00,50.1993,51.852,49.8154,48.6029,43.4,64.3,0.6466,75.9581,5.0308,1.0555,0.0333,1027.548
E3CEE436-1D61-4808-84D8-818DB80C107A,310104330002,2023-02-24T00:00:00+08:00,2025-07-14T08:04:22+08:00,2025-07-14T08:04:22+08:00,55.1325,56.3539,54.8199,54.2833,53.2,68.7,0.7078,70.7788,5.4988,0.5012,0.15,1026.8093
D2D40867-8CBD-4A80-AC4F-C25059F8DD87,310104340004,2023-02-24T00:00:00+08:00,2025-07-14T08:04:12+08:00,2025-07-14T08:04:12+08:00,56.0407,56.7132,55.9036,55.4496,47.5,69.7,1.1869,54.1091,8.3116,2.5238,0.0,1027.3832
BB136F79-73D7-4A14-B733-36CA81280505,310104320001,2023-02-25T00:00:00+08:00,2025-07-14T08:03:52+08:00,2025-07-14T08:03:52+08:00,47.9957,49.3968,47.644,46.757,43.0,62.6,0.7938,66.8066,5.3951,2.0609,0.0,1034.0273
FDBBA118-A344-44FB-8CF4-0260F24A3D7B,310104330002,2023-02-25T00:00:00+08:00,2025-07-14T08:04:38+08:00,2025-07-14T08:04:38+08:00,58.5414,60.5859,57.8303,56.4543,52.7,80.4,1.5196,43.4352,6.9533,2.0072,0.0,1036.2756
F28C32C4-3B6B-4DBF-A3A1-BB3185FF8EDC,310104340004,2023-02-25T00:00:00+08:00,2025-07-14T08:04:31+08:00,2025-07-14T08:04:31+08:00,54.895,56.5217,54.2,53.4352,46.9,73.5,1.7495,43.5652,6.7612,1.5055,0.0,1037.1406
FE145F4C-9795-4460-9BC7-7CB9C83D1886,310104330002,2023-02-26T00:00:00+08:00,2025-07-14T08:04:39+08:00,2025-07-14T08:04:39+08:00,54.5195,55.4973,54.2822,53.7885,52.6,68.7,0.554,55.4584,3.0964,0.4714,0.0,1037.4853
ED68F459-93C4-4746-B195-F0A1E58E25AA,310104320001,2023-02-27T00:00:00+08:00,2025-07-14T08:04:28+08:00,2025-07-14T08:04:28+08:00,47.5397,49.1704,47.072,46.1221,42.4,61.8,0.5118,65.7528,4.2407,2.2209,0.0,1033.4479
F7C88CC2-259E-4B61-9CFA-3946D3166A30,310104340004,2023-02-27T00:00:00+08:00,2025-07-14T08:04:35+08:00,2025-07-14T08:04:35+08:00,52.6393,53.5483,52.44,51.9042,44.8,68.7,0.6179,65.3566,4.4624,1.3904,0.0,1033.7483
EFBD45A4-2846-4B3B-9294-A4AC1D87BF9C,310104330002,2023-02-28T00:00:00+08:00,2025-07-14T08:04:30+08:00,2025-07-14T08:04:30+08:00,62.0656,64.3558,61.3901,58.9022,53.1,92.0,0.8324,52.7523,14.2777,3.9191,0.0867,1023.5098
F0F32A56-1912-4045-BC88-2CBA9B7496B8,310104340004,2023-02-28T00:00:00+08:00,2025-07-14T08:04:30+08:00,2025-07-14T08:04:30+08:00,49.9526,50.9411,49.7874,49.0657,44.4,62.7,0.6355,71.8992,8.0834,0.8368,0.04,1026.41
DC8FEBBF-AD56-4E64-A216-C95EDFB279E0,310104330002,2023-03-01T00:00:00+08:00,2025-07-14T08:04:19+08:00,2025-07-14T08:04:19+08:00,58.8542,60.122,58.4529,57.5939,53.5,78.7,1.1494,50.3024,13.3185,1.8583,0.0,1024.0347
E234C313-641B-4C99-995B-2C3BEDC1BD38,310104340004,2023-03-01T00:00:00+08:00,2025-07-14T08:04:22+08:00,2025-07-14T08:04:22+08:00,49.1213,50.3443,48.9091,47.8883,40.3,62.4,0.6359,63.0695,10.4351,2.8506,0.1966,1024.4942
C9CB28C8-FA2B-4EC2-8C78-E2A43E6BA2B1,310104330002,2023-03-02T00:00:00+08:00,2025-07-14T08:04:04+08:00,2025-07-14T08:04:04+08:00,54.6637,55.5648,54.4583,54.0062,52.9,64.8,0.3948,58.2095,6.775,0.4243,0.0,1029.1356
B7F7B54A-B9D3-4AF9-AECC-822FC7293BB4,310104340004,2023-03-03T00:00:00+08:00,2025-07-14T08:03:49+08:00,2025-07-14T08:03:49+08:00,51.0385,52.0659,50.8555,50.0377,44.3,66.4,0.4299,57.9034,5.8364,1.0181,0.0,1028.7737
BA2C373F-B786-41EC-9C3F-DFF9C5792241,310104320001,2023-03-05T00:00:00+08:00,2025-07-14T08:03:51+08:00,2025-07-14T08:03:51+08:00,46.5299,48.2195,45.8577,44.9666,40.5,66.6,0.5227,68.1161,8.6831,1.6044,0.0,1025.3206
BFDB0F2C-D352-4C35-A402-E6E8244E0426,310104330002,2023-03-06T00:00:00+08:00,2025-07-14T08:03:55+08:00,2025-07-14T08:03:55+08:00,54.5122,55.3982,54.3089,53.8138,52.7,67.3,0.5285,64.4138,9.83,0.5019,0.0,1021.1965
F85835BB-1312-4247-9880-E2F665A421CD,310104340004,2023-03-06T00:00:00+08:00,2025-07-14T08:04:35+08:00,2025-07-14T08:04:35+08:00,52.6554,54.5453,52.0528,51.0888,48.1,68.8,0.9297,31.9239,18.0204,0.8347,0.0,1020.0487
D6D019AE-932A-4385-8D78-BEAC7B88F79E,310104330002,2023-03-08T00:00:00+08:00,2025-07-14T08:04:15+08:00,2025-07-14T08:04:15+08:00,54.5834,55.4107,54.364,53.8527,52.5,77.9,0.503,66.1902,13.8574,0.5977,0.0,1016.3951
C0ECEDAA-279E-4AE5-8131-DC787B140306,310104320001,2023-03-09T00:00:00+08:00,2025-07-14T08:03:57+08:00,2025-07-14T08:03:57+08:00,45.5443,48.8454,43.9131,41.3604,37.6,69.0,0.3098,64.4393,16.6221,3.4506,0.0,1016.8002
C975EE23-BF5F-4CB5-8952-97A92F0F11F0,310104340004,2023-03-09T00:00:00+08:00,2025-07-14T08:04:04+08:00,2025-07-14T08:04:04+08:00,50.4976,52.4742,49.8201,48.6487,43.7,72.0,0.9654,43.843,21.3195,0.9596,0.0,1017.2968
CFF364D2-B741-4CEC-AF0B-ABD9F058F1E2,310104320001,2023-03-10T00:00:00+08:00,2025-07-14T08:04:10+08:00,2025-07-14T08:04:10+08:00,49.9127,52.5886,48.9006,46.7675,41.8,73.0,0.9572,33.791,22.2633,2.6019,0.0,1014.1762
E0483D45-0009-4B3D-B05F-052508A806E8,310104320001,2023-03-11T00:00:00+08:00,2025-07-14T08:04:21+08:00,2025-07-14T08:04:21+08:00,44.6103,47.2278,43.3688,41.963,38.7,66.5,0.9881,55.578,16.5281,1.603,0.0,1017.3852
D26702BA-145B-406A-B93A-B9E0B739003D,310104330002,2023-03-11T00:00:00+08:00,2025-07-14T08:04:11+08:00,2025-07-14T08:04:11+08:00,58.5239,60.7903,57.814,56.5685,52.3,85.4,1.6395,53.3635,18.6041,2.0454,0.0,1017.0376
D6195D29-F359-4F67-82CB-B83C1F31FEDC,310104340004,2023-03-11T00:00:00+08:00,2025-07-14T08:04:15+08:00,2025-07-14T08:04:15+08:00,52.5778,54.6054,51.6846,50.4402,46.1,72.9,1.34,50.8469,19.1743,1.5632,0.0,1017.7574
DF3DA848-AEF8-4EC8-BFB1-D9B5F30AB795,310104320001,2023-03-12T00:00:00+08:00,2025-07-14T08:04:20+08:00,2025-07-14T08:04:20+08:00,51.2362,53.7192,50.2467,48.591,41.1,73.8,1.2742,50.6653,10.4311,1.9234,0.075,1026.6569
D35C98A9-CF44-4318-ACEB-46A36D17877D,310104330002,2023-03-12T00:00:00+08:00,2025-07-14T08:04:12+08:00,2025-07-14T08:04:12+08:00,58.6933,60.1808,58.2012,57.121,52.6,75.1,1.6066,49.9258,10.7501,2.1276,0.0916,1026.6807
F88030BA-90EC-4091-A198-53963BA103E4,310104340004,2023-03-12T00:00:00+08:00,2025-07-14T08:04:35+08:00,2025-07-14T08:04:35+08:00,47.6587,49.538,46.7048,45.704,39.3,70.1,1.023,63.6291,13.9143,2.2748,0.0845,1022.1962
CF474F65-D445-419D-80FE-0DBA9ACB0B83,310104320001,2023-03-14T00:00:00+08:00,2025-07-14T08:04:08+08:00,2025-07-14T08:04:08+08:00,46.2636,48.3478,45.4555,44.6187,41.7,62.7,1.1718,55.3355,9.1267,2.0636,0.0,1016.0811
CAB59B20-3DCD-4C2D-9B07-E53D0AFA1369,310104340004,2023-03-15T00:00:00+08:00,2025-07-14T08:04:05+08:00,2025-07-14T08:04:05+08:00,53.0286,55.3417,51.9084,50.6981,46.2,71.9,1.7366,43.3215,17.3396,1.673,0.0,1018.3421
B7D26023-3C56-41C4-9486-439037128755,310104330002,2023-03-16T00:00:00+08:00,2025-07-14T08:03:49+08:00,2025-07-14T08:03:49+08:00,58.5337,59.7228,58.1696,57.3184,52.8,78.2,1.4841,46.0312,11.7039,1.6846,0.0,1025.0489
C9C8FD46-E2B1-437B-9C8A-B33BC8FBFB08,310104340004,2023-03-16T00:00:00+08:00,2025-07-14T08:04:04+08:00,2025-07-14T08:04:04+08:00,55.037,57.3038,53.9221,52.8772,46.7,73.7,1.9971,45.3746,11.5059,1.2765,0.0,1025.872
FCC13E4B-8703-4232-877F-D7DE8437F74C,310104320001,2023-03-17T00:00:00+08:00,2025-07-14T08:04:38+08:00,2025-07-14T08:04:38+08:00,52.2682,54.1513,51.7681,50.3288,43.6,70.5,0.9022,76.4228,8.0842,2.7551,0.0767,1018.4414
CF37B4E2-B31F-44E1-B0AF-5755CA86C474,310104320001,2023-03-18T00:00:00+08:00,2025-07-14T08:04:08+08:00,2025-07-14T08:04:08+08:00,51.0484,53.5581,50.0291,48.3386,42.1,72.7,0.5656,59.9549,9.785,1.7331,0.0,1021.5769
FE52B39A-5E89-4FF2-8488-BA792317CB84,310104330002,2023-03-18T00:00:00+08:00,2025-07-14T08:04:39+08:00,2025-07-14T08:04:39+08:00,55.1489,56.3857,54.8319,54.2013,52.4,72.4,0.8319,69.2034,7.8681,0.6422,0.0,1021.0504
FFB4DE03-A268-421D-80AE-8114722B44BD,310104340004,2023-03-18T00:00:00+08:00,2025-07-14T08:04:40+08:00,2025-07-14T08:04:40+08:00,51.0675,52.3807,50.6958,49.8312,46.1,70.2,0.8497,55.9379,10.8542,0.6549,0.0,1021.8164
F8D43720-5744-49FD-89E8-058705059C5D,310104330002,2023-03-19T00:00:00+08:00,2025-07-14T08:04:35+08:00,2025-07-14T08:04:35+08:00,58.331,60.0322,57.7596,56.5717,51.9,77.6,0.7637,56.115,11.2306,1.7892,0.0,1018.5863
CC5BC38C-34B1-4337-BCD8-AA8771FC7BA8,310104320001,2023-03-21T00:00:00+08:00,2025-07-14T08:04:06+08:00,2025-07-14T08:04:06+08:00,51.8408,54.3446,50.7439,48.9706,41.2,80.4,0.5054,80.3965,14.3991,2.7461,0.0,1005.3138
BF058B4F-6932-43CF-B1BC-C11A16A2364A,310104330002,2023-03-21T00:00:00+08:00,2025-07-14T08:03:54+08:00,2025-07-14T08:03:54+08:00,55.4415,56.923,54.7282,53.838,52.5,71.9,0.4183,81.4931,14.0287,1.3355,0.045,1006.7679
CBA69BA6-2F89-4905-B3F0-FD769308D463,310104340004,2023-03-21T00:00:00+08:00,2025-07-14T08:04:05+08:00,2025-07-14T08:04:05+08:00,52.6032,53.8108,52.2994,51.5273,46.3,73.0,0.7012,78.345,14.7551,1.3412,0.045,1007.1783
F94538DB-B633-4D5B-846E-7AF09DEF88A9,310104320001,2023-03-22T00:00:00+08:00,2025-07-14T08:04:36+08:00,2025-07-14T08:04:36+08:00,44.8001,47.4125,43.7378,42.2596,38.4,62.2,0.5575,82.273,14.3188,2.3055,0.0,1005.7866
CBBE7E6D-C41A-46D2-A0DC-59D9A9A21A4E,310104330002,2023-03-22T00:00:00+08:00,2025-07-14T08:04:05+08:00,2025-07-14T08:04:05+08:00,59.6222,61.0881,59.2057,58.2386,53.1,75.1,0.5703,79.2777,15.3785,1.9865,0.0333,1004.09
E279FCB8-7E17-43C4-BC84-D009642313C5,310104320001,2023-03-23T00:00:00+08:00,2025-07-14T08:04:22+08:00,2025-07-14T08:04:22+08:00,52.6088,55.3198,51.4095,49.6215,43.0,79.1,0.813,71.5726,12.5064,2.5206,0.0,1010.2338
CDDFBE81-83BC-4E01-BCDB-E1A5185C62F0,310104330002,2023-03-23T00:00:00+08:00,2025-07-14T08:04:08+08:00,2025-07-14T08:04:08+08:00,54.6627,55.6802,54.4283,53.7956,52.0,66.8,1.2665,72.6141,13.6428,0.6314,0.0,1008.5162
C0F97DE9-16A0-4646-B6A5-CE916BC33449,310104340004,2023-03-23T00:00:00+08:00,2025-07-14T08:03:57+08:00,2025-07-14T08:03:57+08:00,53.2267,54.603,52.8133,52.0467,45.8,72.3,1.3253,70.1032,12.8241,1.0776,0.0,1012.3032
B9A00059-45F1-4554-B15B-8F9194F535C2,310104320001,2023-03-24T00:00:00+08:00,2025-07-14T08:03:51+08:00,2025-07-14T08:03:51+08:00,46.5571,48.5748,45.8765,44.8304,40.9,60.3,0.9429,51.8632,9.6426,2.5256,0.0,1017.0933
D77749B5-2E19-45D9-A7A5-6D7060F96C5C,310104330002,2023-03-24T00:00:00+08:00,2025-07-14T08:04:16+08:00,2025-07-14T08:04:16+08:00,60.2507,61.8243,59.906,58.4046,53.3,77.9,1.2736,51.9766,9.8945,2.3884,0.055,1019.3065
DDBDA2CF-3C0E-4FDF-9EB5-1C5FDAC7906F,310104340004,2023-03-24T00:00:00+08:00,2025-07-14T08:04:20+08:00,2025-07-14T08:04:20+08:00,50.1872,52.5396,49.1585,48.1218,43.8,68.8,1.4934,49.9426,9.9633,1.3204,0.0,1017.4136
D3FAA912-4E95-4B07-9EFA-A5C768868B1B,310104320001,2023-03-25T00:00:00+08:00,2025-07-14T08:04:12+08:00,2025-07-14T08:04:12+08:00,51.8873,54.5011,50.7847,48.7075,43.1,76.2,0.6778,52.8123,9.5927,1.8905,0.0,1018.5435
D8C9C5AF-7100-4F3C-9962-41C606B506FF,310104340004,2023-03-25T00:00:00+08:00,2025-07-14T08:04:16+08:00,2025-07-14T08:04:16+08:00,47.1226,48.5644,46.7417,45.8345,39.1,64.4,0.7942,58.96,7.8454,2.6839,0.0,1020.2886
BDB6B92F-EAB9-4A4D-9F5C-E23CFFDBC44B,310104320001,2023-03-26T00:00:00+08:00,2025-07-14T08:03:54+08:00,2025-07-14T08:03:54+08:00,48.2415,50.5772,47.4062,46.1276,39.8,65.6,0.5112,59.7148,8.6003,2.1484,0.0133,1019.645
F2DB0B5B-44C9-403F-B429-F3D3E6AC3580,310104330002,2023-03-26T00:00:00+08:00,2025-07-14T08:04:32+08:00,2025-07-14T08:04:32+08:00,58.52,59.9498,58.1123,56.9598,52.1,79.5,1.1203,41.8815,13.0519,2.1142,0.0,1020.0299
FAD6EA48-5FF2-4A6F-8116-E3824667A926,310104340004,2023-03-26T00:00:00+08:00,2025-07-14T08:04:37+08:00,2025-07-14T08:04:37+08:00,51.1542,52.9087,50.571,49.4927,45.3,70.3,1.3812,40.476,13.1317,0.8798,0.0,1020.8574
ECEEE42B-9986-4137-81EF-BC6BE2DF0359,310104340004,2023-03-27T00:00:00+08:00,2025-07-14T08:04:28+08:00,2025-07-14T08:04:28+08:00,52.6522,54.0585,52.2902,51.4466,47.4,67.7,0.9935,37.8466,14.8497,0.7473,0.0,1022.1255
EE28EE2F-D4E7-40F5-80A6-74C907E5D5CD,310104330002,2023-03-28T00:00:00+08:00,2025-07-14T08:04:29+08:00,2025-07-14T08:04:29+08:00,55.5658,56.686,55.0681,54.2284,52.2,77.3,0.4117,64.463,10.0261,1.6842,0.0,1021.898
F4B4350D-4AA8-469A-A204-967C01F06D0B,310104330002,2023-03-29T00:00:00+08:00,2025-07-14T08:04:33+08:00,2025-07-14T08:04:33+08:00,54.6832,55.8407,54.4054,53.7547,51.9,68.6,0.5679,64.2585,12.0528,0.808,0.1083,1020.2052
C2796DD4-EB3B-46BC-84AD-98BCA2FB2F66,310104320001,2023-03-30T00:00:00+08:00,2025-07-14T08:03:57+08:00,2025-07-14T08:03:57+08:00,51.8242,53.8805,51.0791,49.6143,43.6,73.1,0.9984,64.2542,13.1501,2.2766,0.0317,1015.5826
DD27DB48-6874-413E-BA25-04958559AB3E,310104320001,2023-03-31T00:00:00+08:00,2025-07-14T08:04:19+08:00,2025-07-14T08:04:19+08:00,46.3047,48.2613,45.3859,44.2082,39.7,72.3,0.4792,58.4711,12.8851,1.6554,0.0,1016.8251
EA7028F4-75BD-46F5-8AAE-690068933EFE,310104320001,2023-04-01T00:00:00+08:00,2025-07-14T08:04:27+08:00,2025-07-14T08:04:27+08:00,49.9092,52.5572,48.7761,46.7887,40.4,70.1,0.667,43.2188,17.7919,2.6406,0.0,1011.9314
D421E1C6-B523-4468-AF41-16E6C286790D,310104320001,2023-04-03T00:00:00+08:00,2025-07-14T08:04:13+08:00,2025-07-14T08:04:13+08:00,51.2123,53.5641,50.3947,48.6841,44.3,71.2,1.6672,57.429,17.4793,1.4484,0.0367,1012.0028
F10B1696-85B1-4C9C-AE79-B364BD78CBE4,310104340004,2023-04-03T00:00:00+08:00,2025-07-14T08:04:30+08:00,2025-07-14T08:04:30+08:00,49.0535,50.36,48.7583,47.7503,43.4,63.7,1.2523,78.4078,13.5018,1.6614,0.0,1015.0322
FBFF4A26-648F-42A8-BE5D-406669BAD85C,310104330002,2023-04-04T00:00:00+08:00,2025-07-14T08:04:37+08:00,2025-07-14T08:04:37+08:00,59.4676,61.6371,57.9183,56.6778,51.7,85.5,2.4422,73.9364,18.5963,3.3714,0.2467,1005.9476
C80C13E6-53D9-430C-A5C2-53F57D9A5E74,310104330002,2023-04-05T00:00:00+08:00,2025-07-14T08:04:02+08:00,2025-07-14T08:04:02+08:00,53.9805,54.9805,53.792,53.1548,51.4,65.4,1.0613,75.1423,14.8863,0.6303,0.1567,1010.0806
C711187E-BB4D-4ED6-9B2B-BA79E41269E9,310104340004,2023-04-05T00:00:00+08:00,2025-07-14T08:04:01+08:00,2025-07-14T08:04:01+08:00,47.6111,48.9647,47.2468,46.3039,40.8,62.8,1.0152,73.2282,15.081,1.6806,0.1357,1010.8868
CE59EC01-EFFA-47D4-BAF9-DB65C2117700,310104330002,2023-04-07T00:00:00+08:00,2025-07-14T08:04:08+08:00,2025-07-14T08:04:08+08:00,59.1189,60.859,58.4612,57.4124,52.5,83.9,1.0454,50.5683,15.4719,2.2294,0.0,1019.4218
F98B4B1E-CF93-4A83-86F1-887EC59EF8FB,310104340004,2023-04-07T00:00:00+08:00,2025-07-14T08:04:36+08:00,2025-07-14T08:04:36+08:00,52.2028,53.821,51.7035,50.627,45.9,78.3,1.2025,49.4416,15.6641,1.3217,0.0,1020.3418
E172D64D-1F73-485A-AA31-91817108E414,310104330002,2023-04-08T00:00:00+08:00,2025-07-14T08:04:22+08:00,2025-07-14T08:04:22+08:00,58.3201,59.9178,57.8705,56.6221,52.2,75.2,1.0947,38.3847,15.3406,1.936,0.0,1023.7887
B97B70D3-6313-4E4F-A23C-7EE3548E87E7,310104340004,2023-04-08T00:00:00+08:00,2025-07-14T08:03:51+08:00,2025-07-14T08:03:51+08:00,51.2522,53.0669,50.7819,49.5408,45.0,67.3,1.1316,35.4595,15.8647,1.0043,0.0,1024.6097
BE2F5C7D-16F3-49E3-B3BB-461D3B6816AB,310104320001,2023-04-09T00:00:00+08:00,2025-07-14T08:03:54+08:00,2025-07-14T08:03:54+08:00,48.9809,51.9934,47.6048,45.6574,41.8,71.1,1.2186,33.8345,16.9059,1.5275,0.0,1017.6419
BCEA3554-A2B6-4F18-A595-FDBCF2FEA1E0,310104330002,2023-04-10T00:00:00+08:00,2025-07-14T08:03:53+08:00,2025-07-14T08:03:53+08:00,54.3325,55.4427,54.0576,53.3859,51.6,69.6,1.4309,69.5452,13.8777,0.9984,0.0,1013.2419
E2381C70-FD0A-417B-BD3D-3487C2021923,310104320001,2023-04-11T00:00:00+08:00,2025-07-14T08:04:22+08:00,2025-07-14T08:04:22+08:00,50.9368,53.4923,49.9455,48.07,41.6,67.5,0.6499,49.2526,22.1498,2.5741,0.0,1008.2078
E0DE006B-DB4B-4BD9-9AB4-B5560BE5FA9A,310104320001,2023-04-12T00:00:00+08:00,2025-07-14T08:04:21+08:00,2025-07-14T08:04:21+08:00,50.057,52.7701,48.8772,46.8921,40.9,70.4,1.3813,21.2884,17.9049,2.645,0.0,1015.8609
C1CCC11F-383C-40BB-9CCF-AD4FD17145A7,310104330002,2023-04-12T00:00:00+08:00,2025-07-14T08:03:57+08:00,2025-07-14T08:03:57+08:00,57.6841,59.073,57.2179,56.3348,51.8,79.0,1.0164,22.7138,18.5081,1.3075,0.0,1017.9518
DF3109B5-25DF-43AA-9B46-C064EB3A021D,310104340004,2023-04-12T00:00:00+08:00,2025-07-14T08:04:20+08:00,2025-07-14T08:04:20+08:00,49.5389,51.533,48.6052,47.5034,42.7,71.7,1.4904,46.0877,15.3668,1.5086,0.0,1016.6468
B834CD44-E9DC-4A82-A0F0-B8DAB9787996,310104320001,2023-04-13T00:00:00+08:00,2025-07-14T08:03:49+08:00,2025-07-14T08:03:49+08:00,51.2072,53.4002,50.3428,48.9074,42.8,80.2,1.1976,47.4414,18.2273,2.6162,0.0667,1011.0699
B4709CF2-63AC-40D1-A12C-2B3FF4FE2FD6,310104330002,2023-04-13T00:00:00+08:00,2025-07-14T08:03:48+08:00,2025-07-14T08:03:48+08:00,54.6983,55.8981,54.2249,53.5016,51.9,76.9,0.9681,63.7978,13.4648,0.9788,0.0,1014.9509
D039BC47-5718-4FD6-889A-9F6C8880E842,310104320001,2023-04-15T00:00:00+08:00,2025-07-14T08:04:10+08:00,2025-07-14T08:04:10+08:00,45.8572,48.5297,43.854,42.1726,37.9,72.5,0.6472,66.4622,17.4076,2.9596,0.0,1007.3032
ECF3DFC1-BA41-4FB9-805B-96007CF6679D,310104330002,2023-04-15T00:00:00+08:00,2025-07-14T08:04:28+08:00,2025-07-14T08:04:28+08:00,54.9229,56.4675,54.2671,53.4153,51.7,71.8,0.789,61.3098,18.2194,0.565,0.0,1004.4926
E5A6CFC5-3F30-47C3-A035-7D1719CBEAB8,310104320001,2023-04-16T00:00:00+08:00,2025-07-14T08:04:24+08:00,2025-07-14T08:04:24+08:00,49.2653,52.3537,47.0556,44.986,41.2,77.5,0.9747,48.3162,21.3336,2.0956,0.0,1006.4727
EAC733EE-960D-4053-85F5-4EE0F266C6BE,310104340004,2023-04-16T00:00:00+08:00,2025-07-14T08:04:28+08:00,2025-07-14T08:04:28+08:00,50.3476,52.3768,49.7578,48.453,43.8,68.2,1.3544,48.1847,21.4839,0.9085,0.0,1007.2727
E87578BC-18AD-4CD4-B43E-74F32C11BB31,310104320001,2023-04-19T00:00:00+08:00,2025-07-14T08:04:26+08:00,2025-07-14T08:04:26+08:00,49.3838,52.0419,48.1491,46.3211,40.1,71.5,0.9057,68.2784,20.8134,1.8565,0.0,1003.8252
C7FB9560-125F-4D60-BDAA-9E7ED9A2D33D,310104330002,2023-04-19T00:00:00+08:00,2025-07-14T08:04:02+08:00,2025-07-14T08:04:02+08:00,59.0697,60.8511,58.1054,56.9981,52.4,81.7,0.9446,69.9347,20.457,1.8128,0.0,1005.2795
F1B5D140-FF0B-4011-9FA3-0F6E12156281,310104340004,2023-04-19T00:00:00+08:00,2025-07-14T08:04:31+08:00,2025-07-14T08:04:31+08:00,53.4799,55.9371,51.069,49.9477,44.9,86.1,1.0867,68.597,20.791,2.8172,0.0,1006.0193
D0A68399-0037-4CAB-AB57-C6176D81B830,310104320001,2023-04-20T00:00:00+08:00,2025-07-14T08:04:10+08:00,2025-07-14T08:04:10+08:00,51.4342,54.5206,50.1871,47.2104,40.2,71.5,0.8363,66.4325,19.8688,2.4757,0.0,1005.2787
E9052B6C-E3B4-4CC7-8093-C81F4267689B,310104330002,2023-04-20T00:00:00+08:00,2025-07-14T08:04:27+08:00,2025-07-14T08:04:27+08:00,55.3605,57.1895,54.607,53.7563,51.7,72.7,0.6373,76.7511,17.2846,1.2317,0.0,1006.6287
E0525093-81BB-4E99-BB14-6E7F8D034033,310104330002,2023-04-22T00:00:00+08:00,2025-07-14T08:04:21+08:00,2025-07-14T08:04:21+08:00,54.9089,56.3147,54.4184,53.6107,51.8,74.0,0.8533,52.5493,13.7049,1.1077,0.0,1015.6482
C9CCEE39-FFB0-4B78-A6FD-5DC1A2D172F3,310104320001,2023-04-23T00:00:00+08:00,2025-07-14T08:04:04+08:00,2025-07-14T08:04:04+08:00,47.1752,50.3498,46.0424,42.4597,38.4,64.3,1.2519,63.9342,15.3421,4.0495,0.1383,1016.98
E80E226E-F3F8-4174-840F-4BE950540F43,310104340004,2023-04-23T00:00:00+08:00,2025-07-14T08:04:26+08:00,2025-07-14T08:04:26+08:00,53.6942,55.4413,53.1252,52.0931,46.8,70.4,1.9053,62.6458,15.3993,0.7886,0.2084,1019.0442
BFAB149E-973B-4477-A75D-0BCB9798F0EF,310104330002,2023-04-24T00:00:00+08:00,2025-07-14T08:03:55+08:00,2025-07-14T08:03:55+08:00,59.1182,60.7672,58.592,57.5562,52.4,83.7,1.7497,63.8241,13.9104,1.8783,0.015,1019.7284
C4FA60D1-3173-4C3D-82AD-826D71BF27BF,310104320001,2023-04-25T00:00:00+08:00,2025-07-14T08:03:59+08:00,2025-07-14T08:03:59+08:00,51.5201,55.1958,49.3205,46.5377,42.0,77.2,0.5181,54.6672,15.2732,2.8346,0.0,1012.7566
DCFE8A30-A752-4F68-BE8C-0F10C92C0D99,310104330002,2023-04-25T00:00:00+08:00,2025-07-14T08:04:19+08:00,2025-07-14T08:04:19+08:00,54.768,55.8497,54.5043,53.8544,52.3,68.6,0.7573,67.7278,13.7281,1.1384,0.0,1016.0338
F407AD14-B8B9-40E0-B794-A59571D8440B,310104340004,2023-04-25T00:00:00+08:00,2025-07-14T08:04:32+08:00,2025-07-14T08:04:32+08:00,51.0667,51.8664,50.9448,50.3847,47.7,62.6,0.8613,67.0702,13.8256,0.8458,0.0,1016.9466
E5ADA637-755A-4C42-9A6C-1A07BABBDD89,310104320001,2023-04-26T00:00:00+08:00,2025-07-14T08:04:24+08:00,2025-07-14T08:04:24+08:00,48.996,51.7063,47.8455,45.7515,40.4,75.8,0.7591,46.4484,18.7653,1.7951,0.0,1015.2432
B7A3B4E8-0076-4E80-AF8F-5F917F6A4AE6,310104330002,2023-04-26T00:00:00+08:00,2025-07-14T08:03:49+08:00,2025-07-14T08:03:49+08:00,58.6989,60.4128,58.1442,56.86,52.2,75.6,1.0867,46.6692,18.754,1.6311,0.0,1017.0151
DBA1917D-4A1B-42A1-B5A7-847F0B723F9B,310104330002,2023-04-27T00:00:00+08:00,2025-07-14T08:04:18+08:00,2025-07-14T08:04:18+08:00,54.1283,55.4291,53.8161,53.0066,50.4,67.4,1.0553,74.6189,14.3814,1.164,0.0,1016.7145
DBF5A252-1E42-4502-B14B-B09C5AC22B50,310104320001,2023-04-28T00:00:00+08:00,2025-07-14T08:04:18+08:00,2025-07-14T08:04:18+08:00,46.0343,49.4467,44.0988,41.9878,39.0,68.9,1.0009,71.0721,17.3246,3.3202,0.18,1013.5635
C9C45D2E-ED9A-4BA2-BD79-2A9E6801A080,310104320001,2023-04-30T00:00:00+08:00,2025-07-14T08:04:04+08:00,2025-07-14T08:04:04+08:00,48.5615,53.0201,45.262,40.7232,37.2,67.2,0.2796,71.7204,13.6011,5.4347,0.0,1014.1667
D1C933E9-D6B6-4AC7-8494-6EC2EC12EC6C,310104330002,2023-04-30T00:00:00+08:00,2025-07-14T08:04:11+08:00,2025-07-14T08:04:11+08:00,52.6664,54.1569,52.211,51.4106,49.9,72.0,0.2624,71.2255,14.1223,1.6069,0.0,1013.5594
BCAF2919-13EB-4340-9F0F-740EDC092C95,310104340004,2023-04-30T00:00:00+08:00,2025-07-14T08:03:53+08:00,2025-07-14T08:03:53+08:00,51.9908,53.3722,51.6399,50.8736,46.5,69.3,1.4308,35.6061,20.8838,0.4185,0.0,1013.7271
E904A8D2-DE20-4528-B900-4032F4E22E3D,310104330002,2023-05-01T00:00:00+08:00,2025-07-14T08:04:27+08:00,2025-07-14T08:04:27+08:00,55.1704,58.6196,53.3558,51.8757,49.8,76.1,0.644,60.1148,15.7191,2.7813,0.0,1014.7283
EEE19981-92E7-47E9-945B-ECED2834D794,310104340004,2023-05-01T00:00:00+08:00,2025-07-14T08:04:29+08:00,2025-07-14T08:04:29+08:00,54.9419,57.7846,54.1999,50.5997,44.5,85.3,1.3327,29.7268,24.0728,3.4084,0.0,1017.0154
D827E42C-C2E8-4EE8-9F99-6A962EEA76B1,310104340004,2023-05-02T00:00:00+08:00,2025-07-14T08:04:16+08:00,2025-07-14T08:04:16+08:00,54.507,56.6256,53.2505,52.0571,46.5,80.0,2.2435,48.0636,21.727,1.1645,0.0,1016.8939
CC2B6145-7D86-4AA8-AC3B-6DCD5F13A60E,310104320001,2023-05-03T00:00:00+08:00,2025-07-14T08:04:05+08:00,2025-07-14T08:04:05+08:00,48.1173,51.0184,46.2919,44.4643,41.1,75.1,1.1717,69.3684,23.476,1.7405,0.0,1010.2583
B12C9AB3-5D87-4447-B69D-1ECA95A2B73C,310104340004,2023-05-03T00:00:00+08:00,2025-07-14T08:03:46+08:00,2025-07-14T08:03:46+08:00,51.5001,53.3697,50.9081,49.7082,44.5,72.9,1.4516,68.5438,23.674,1.2735,0.0,1011.5615
F86444BD-5B4E-49B5-BDC8-DDDE1DAD0544,310104320001,2023-05-04T00:00:00+08:00,2025-07-14T08:04:35+08:00,2025-07-14T08:04:35+08:00,50.3586,52.9431,49.1728,47.7974,42.7,74.8,1.2312,64.3785,26.0097,1.7569,0.0233,999.8845
B19C9E17-866C-4ACF-93EF-0A72FA5DE3CE,310104330002,2023-05-04T00:00:00+08:00,2025-07-14T08:03:46+08:00,2025-07-14T08:03:46+08:00,59.2534,63.6459,56.2241,51.8165,49.8,78.6,1.1602,80.5827,21.7915,5.6057,0.0516,1004.5828
D808E6E9-D7CA-4C15-BD0F-0CC9F713AEE9,310104320001,2023-05-05T00:00:00+08:00,2025-07-14T08:04:16+08:00,2025-07-14T08:04:16+08:00,47.8738,51.6962,45.3033,41.9922,37.0,72.1,0.4381,81.4614,21.828,4.8898,0.035,1000.4882
E8F73303-43F7-4578-85AA-FC3045A1B2C8,310104330002,2023-05-05T00:00:00+08:00,2025-07-14T08:04:26+08:00,2025-07-14T08:04:26+08:00,53.9551,55.0049,53.6965,53.0621,51.3,67.9,0.5892,75.7275,22.5726,0.856,0.0,1000.1081
EAA6458F-8FCD-413E-BE26-89D195133AB4,310104320001,2023-05-06T00:00:00+08:00,2025-07-14T08:04:28+08:00,2025-07-14T08:04:28+08:00,50.2571,53.7108,45.5963,41.4934,35.8,87.0,0.5178,73.4699,19.7117,6.2485,0.095,1004.8761
EBBA325B-F4F1-4429-862E-99D5C3DDC8FA,310104330002,2023-05-06T00:00:00+08:00,2025-07-14T08:04:28+08:00,2025-07-14T08:04:28+08:00,54.0353,55.5623,53.4991,52.8378,51.5,73.8,0.6242,73.7385,20.3511,1.3131,0.0667,1003.9114
BA91DDAE-35A6-43E7-9E6A-0EFB5A0BB11D,310104320001,2023-05-07T00:00:00+08:00,2025-07-14T08:03:52+08:00,2025-07-14T08:03:52+08:00,49.0397,53.3373,45.7822,42.5657,37.9,70.8,0.7033,80.4948,15.1575,4.7241,0.1184,1009.602
C3A9E25F-3754-4D93-A442-01979FDCD100,310104330002,2023-05-07T00:00:00+08:00,2025-07-14T08:03:58+08:00,2025-07-14T08:03:58+08:00,54.2765,55.2222,54.0538,53.3854,51.6,71.9,0.8989,79.8923,15.1856,1.0374,0.0117,1009.7598
ECA9AA35-6120-4D6E-BC2F-24A90CD9C249,310104330002,2023-05-08T00:00:00+08:00,2025-07-14T08:04:28+08:00,2025-07-14T08:04:28+08:00,54.0297,55.1385,53.2321,52.4897,50.4,85.6,0.9052,69.7205,14.7198,1.7064,0.0,1015.1748
EA10671A-1391-41F1-BE79-29A4E86FFDDD,310104340004,2023-05-08T00:00:00+08:00,2025-07-14T08:04:27+08:00,2025-07-14T08:04:27+08:00,51.1065,51.8076,50.9829,50.4909,48.8,64.0,1.3566,66.586,14.9288,0.6678,0.0,1015.994
AF929D2D-D126-4242-817A-B2FDF871848B,310104330002,2023-05-09T00:00:00+08:00,2025-07-14T08:03:45+08:00,2025-07-14T08:03:45+08:00,58.2699,60.2333,57.4799,56.4338,51.4,77.8,0.8718,34.8659,20.6279,2.0177,0.0,1016.6358
B91AB404-0C12-4CBF-8143-A0CAA03CC870,310104330002,2023-05-10T00:00:00+08:00,2025-07-14T08:03:51+08:00,2025-07-14T08:03:51+08:00,53.913,55.3075,53.515,52.7429,51.0,69.1,0.3971,61.5629,15.3988,1.171,0.0,1016.3359
DF6CFFE3-D169-476E-A789-E82A86B82B0D,310104330002,2023-05-12T00:00:00+08:00,2025-07-14T08:04:21+08:00,2025-07-14T08:04:21+08:00,59.828,61.4434,59.3158,57.6492,50.7,80.4,0.7936,43.0533,21.3048,3.0903,0.0233,1013.99
BF81CDD3-3A8A-464F-BE14-F4FEC0C0CD33,310104320001,2023-05-13T00:00:00+08:00,2025-07-14T08:03:55+08:00,2025-07-14T08:03:55+08:00,44.3767,46.4842,43.5869,42.5776,40.8,59.0,0.7992,52.783,21.5383,0.4284,0.0,1010.0
E1633B16-9145-4621-BDB7-C45053EB64FB,310104330002,2023-05-14T00:00:00+08:00,2025-07-14T08:04:22+08:00,2025-07-14T08:04:22+08:00,51.8955,53.434,51.4296,50.6283,48.7,66.2,0.358,62.4483,20.9114,1.2738,0.0,1007.9754
D0DB754E-2982-4EAB-89A4-49BEFC433579,310104320001,2023-05-15T00:00:00+08:00,2025-07-14T08:04:10+08:00,2025-07-14T08:04:10+08:00,49.7389,51.3831,49.2947,48.1224,42.2,69.5,0.7372,28.4013,30.1338,1.5413,0.0,1004.0326
D23FE7C3-45C9-4901-832B-09FCBC5CE4ED,310104330002,2023-05-15T00:00:00+08:00,2025-07-14T08:04:11+08:00,2025-07-14T08:04:11+08:00,52.7338,53.9724,52.414,51.7035,50.2,69.3,0.406,56.8964,22.5218,1.1544,0.0,1006.627
DB69CCD4-A2B2-481D-B44A-71E1CAE37333,310104340004,2023-05-15T00:00:00+08:00,2025-07-14T08:04:18+08:00,2025-07-14T08:04:18+08:00,51.5019,52.4714,51.3465,50.7187,49.1,58.4,0.7996,42.2434,24.4288,0.4348,0.0,1008.0286
DCE1AD0E-17BC-41CB-9648-D0532BDDF1F7,310104320001,2023-05-16T00:00:00+08:00,2025-07-14T08:04:19+08:00,2025-07-14T08:04:19+08:00,50.7923,52.7199,49.9922,48.7725,42.6,80.3,1.5682,47.7971,26.3035,1.8012,0.0,1004.9316
D754A75B-56B7-4C1A-972E-23C63E80C1AB,310104340004,2023-05-16T00:00:00+08:00,2025-07-14T08:04:16+08:00,2025-07-14T08:04:16+08:00,50.8407,51.8715,50.6058,49.9455,46.0,68.6,0.8831,52.9224,22.4326,1.2973,0.0,1007.95
FC2AD2E6-6FEC-49B9-9363-14E03C6CF600,310104320001,2023-05-17T00:00:00+08:00,2025-07-14T08:04:37+08:00,2025-07-14T08:04:37+08:00,46.6694,50.2427,44.7333,42.8049,38.1,68.1,0.9348,74.2435,22.2263,3.6908,0.1467,1006.3403
E7A07683-3F29-49F9-8E5F-3D59DFCEE63B,310104330002,2023-05-17T00:00:00+08:00,2025-07-14T08:04:26+08:00,2025-07-14T08:04:26+08:00,52.0652,53.0965,51.8182,51.2447,50.0,68.6,1.4504,74.7128,22.4422,0.3932,0.0,1005.7049
E9686D48-1B9A-4744-9585-79E7820EAA36,310104320001,2023-05-19T00:00:00+08:00,2025-07-14T08:04:27+08:00,2025-07-14T08:04:27+08:00,48.0997,51.7414,46.621,41.5395,36.7,68.3,0.5846,74.1424,18.6972,5.3412,0.0,1008.9221
EE2802B5-674A-4B6C-9C5C-DF7EA6F4E644,310104330002,2023-05-19T00:00:00+08:00,2025-07-14T08:04:29+08:00,2025-07-14T08:04:29+08:00,53.2375,54.4169,52.8917,52.2209,50.7,73.2,0.7487,73.8728,18.7711,0.7154,0.0,1008.606
CE515D15-61DA-420A-BA4E-F7C691E79527,310104340004,2023-05-19T00:00:00+08:00,2025-07-14T08:04:08+08:00,2025-07-14T08:04:08+08:00,52.7386,54.2749,52.3887,51.5453,49.3,68.9,0.9056,62.4334,22.266,0.3396,0.0,1010.2551
D31FF22E-E501-4263-B9DB-344E3082DD00,310104340004,2023-05-20T00:00:00+08:00,2025-07-14T08:04:12+08:00,2025-07-14T08:04:12+08:00,51.5652,53.409,51.0044,49.9492,45.8,76.2,1.1807,63.3238,21.7052,0.9342,0.0,1009.9086
D5DA9419-4F4B-405B-9E5B-54C994E4AC2B,310104330002,2023-05-24T00:00:00+08:00,2025-07-14T08:04:15+08:00,2025-07-14T08:04:15+08:00,52.2675,53.6902,51.8703,51.2005,50.0,70.0,0.5433,61.5851,18.6742,0.6572,0.1783,1011.4918
F7F51DD7-5FCB-4238-A096-7F2C2C5605BB,310104320001,2023-05-25T00:00:00+08:00,2025-07-14T08:04:35+08:00,2025-07-14T08:04:35+08:00,46.6394,50.3735,44.6373,40.992,36.7,68.2,0.2496,18.4836,5.17,4.7303,0.0,253.25
D7B9E446-0FBF-465C-B2E7-933FD4DC3FB5,310104330002,2023-05-25T00:00:00+08:00,2025-07-14T08:04:16+08:00,2025-07-14T08:04:16+08:00,61.8883,63.8218,61.5378,59.3368,49.8,76.8,1.5265,56.2576,23.1516,4.2569,0.0,1012.1816
F92FE945-1130-4ED3-B34B-A5D9DF554D90,310104320001,2023-05-26T00:00:00+08:00,2025-07-14T08:04:36+08:00,2025-07-14T08:04:36+08:00,48.9795,52.738,47.3038,42.437,39.0,66.0,0.7492,73.6374,20.0009,5.8117,0.0,1012.1195
F60D8EE2-7734-4F6F-A4BB-14620522D1B8,310104320001,2023-05-27T00:00:00+08:00,2025-07-14T08:04:34+08:00,2025-07-14T08:04:34+08:00,47.1081,48.6417,46.5548,45.8113,44.3,66.3,1.132,77.8532,23.0781,0.5116,0.1883,1010.0
C4663A44-CF20-4910-BA09-2CFE45F56066,310104320001,2023-05-28T00:00:00+08:00,2025-07-14T08:03:59+08:00,2025-07-14T08:03:59+08:00,48.8335,50.9154,47.9793,46.8016,44.1,72.5,1.2867,54.7753,28.659,0.796,0.0,1008.2929
DD0F9A26-1DA2-40E5-A275-7BC8B5B61A36,310104330002,2023-05-28T00:00:00+08:00,2025-07-14T08:04:19+08:00,2025-07-14T08:04:19+08:00,59.0246,60.9926,58.5241,56.4327,49.7,78.5,1.8647,56.0257,27.992,3.1644,0.0,1008.2455
F38C85B2-B1B8-4305-A696-2B4F75B52B0E,310104320001,2023-05-29T00:00:00+08:00,2025-07-14T08:04:32+08:00,2025-07-14T08:04:32+08:00,49.8763,51.6825,49.2825,48.1311,40.9,69.2,0.885,56.3055,30.7312,2.396,0.0667,1007.4029
B492018A-BB19-4BFE-B28E-0AA9A3B7CCA3,310104320001,2023-05-30T00:00:00+08:00,2025-07-14T08:03:48+08:00,2025-07-14T08:03:48+08:00,46.952,50.4744,44.5038,41.3463,37.9,79.5,0.668,75.4929,23.7618,4.766,0.0,1007.4861
CF3693F7-62A2-4E16-AF34-E9795C6C30F6,310104320001,2023-05-31T00:00:00+08:00,2025-07-14T08:04:08+08:00,2025-07-14T08:04:08+08:00,46.4237,49.5088,45.2482,42.3504,37.2,67.3,0.6209,71.7278,22.9077,3.8603,0.0,1006.3204
D737BB3E-C5D7-43FF-954C-8DECA1649A28,310104320001,2023-06-01T00:00:00+08:00,2025-07-14T08:04:15+08:00,2025-07-14T08:04:15+08:00,47.4261,49.8527,46.471,44.8398,38.4,69.2,0.2545,74.4157,22.959,2.6658,0.0,1003.7667
CBEB74CF-B6AD-486A-B760-42C3576C5531,310104320001,2023-06-02T00:00:00+08:00,2025-07-14T08:04:05+08:00,2025-07-14T08:04:05+08:00,49.8459,51.7075,49.0486,47.8538,41.3,76.1,0.7554,45.4916,29.6004,2.0854,0.0,1004.1506
E426D9EF-1489-4D91-85E6-EE0990F558A2,310104330002,2023-06-02T00:00:00+08:00,2025-07-14T08:04:22+08:00,2025-07-14T08:04:22+08:00,60.6568,63.3042,59.92,57.0367,50.5,80.1,1.0698,43.6841,29.6238,3.5037,0.0,1003.3461
DD18336B-05AB-4719-9B13-8A0F1A5A6E88,310104340004,2023-06-02T00:00:00+08:00,2025-07-14T08:04:19+08:00,2025-07-14T08:04:19+08:00,51.1925,52.4403,50.9115,50.0273,43.9,68.3,1.2032,42.7628,30.0945,1.3583,0.0,1004.5251
B8428F65-3506-4D30-9A24-7442CB47A202,310104320001,2023-06-03T00:00:00+08:00,2025-07-14T08:03:49+08:00,2025-07-14T08:03:49+08:00,48.0546,50.9807,46.4814,44.6069,39.5,80.2,0.9888,42.6978,24.8788,1.7814,0.0,1011.4039
E5280C34-E64B-42D4-B3DA-B4E367BBF922,310104330002,2023-06-03T00:00:00+08:00,2025-07-14T08:04:24+08:00,2025-07-14T08:04:24+08:00,61.091,63.4102,60.634,57.7114,50.7,85.3,1.0993,42.5615,25.3323,2.8458,0.0,1011.1339
B388C1CC-8259-49F1-A2DF-4F3119437A82,310104340004,2023-06-03T00:00:00+08:00,2025-07-14T08:03:47+08:00,2025-07-14T08:03:47+08:00,48.8653,50.2289,48.6165,47.6041,41.9,59.6,1.25,63.9916,23.542,1.2476,0.0,1009.7231
FBEC4782-7A04-473D-852D-8DA837BEDE34,310104320001,2023-06-04T00:00:00+08:00,2025-07-14T08:04:37+08:00,2025-07-14T08:04:37+08:00,47.7798,50.5046,46.4802,44.659,40.2,72.0,1.1135,45.6979,23.594,1.2146,0.0,1010.6307
C31C734C-5D97-4117-B07D-9A9AF4CA389C,310104320001,2023-06-05T00:00:00+08:00,2025-07-14T08:03:58+08:00,2025-07-14T08:03:58+08:00,50.1064,52.8491,48.8392,47.0739,39.9,72.1,0.6063,74.8771,22.6738,2.4664,0.225,1006.8878
F835F2EC-A7B7-4FBC-A438-B3B750C026D9,310104330002,2023-06-05T00:00:00+08:00,2025-07-14T08:04:35+08:00,2025-07-14T08:04:35+08:00,54.507,57.73,52.7016,51.0239,41.5,69.0,1.3902,74.5014,21.442,5.2637,0.0,1007.5198
E6BBA9D8-F8F4-4C2D-A803-381366E7C1B7,310104340004,2023-06-05T00:00:00+08:00,2025-07-14T08:04:25+08:00,2025-07-14T08:04:25+08:00,49.9621,52.1389,49.2611,48.0974,45.0,68.0,1.0722,73.4974,21.8891,1.2047,0.08,1007.6812
CB491E07-2A36-4F02-B91A-ABBA77743410,310104330002,2023-06-06T00:00:00+08:00,2025-07-14T08:04:05+08:00,2025-07-14T08:04:05+08:00,47.668,48.9982,47.1546,46.551,40.0,67.6,0.8925,78.0874,19.6558,4.0348,0.1333,1007.5431
E150A8E8-55A3-40B0-81BA-AE5259786F1F,310104330002,2023-06-07T00:00:00+08:00,2025-07-14T08:04:22+08:00,2025-07-14T08:04:22+08:00,52.3645,54.1103,51.8034,50.9564,48.6,72.9,0.7114,81.7078,20.5323,1.3369,0.0,1007.8797
DAE74C46-F18E-43BB-A3DD-297108BDDFDA,310104320001,2023-06-08T00:00:00+08:00,2025-07-14T08:04:18+08:00,2025-07-14T08:04:18+08:00,51.1552,53.1872,50.436,49.3142,41.6,69.7,0.5867,59.8922,27.4682,2.9628,0.1617,1003.6393
E71E5713-CC11-4B2A-A7B0-03CE6143E081,310104330002,2023-06-08T00:00:00+08:00,2025-07-14T08:04:25+08:00,2025-07-14T08:04:25+08:00,55.0123,56.6667,54.4731,53.4345,34.6,72.6,0.8268,62.181,26.5677,7.0912,0.1333,1003.555
EE18DACF-FD51-4472-9CAB-BB0EA53DDF36,310104320001,2023-06-09T00:00:00+08:00,2025-07-14T08:04:29+08:00,2025-07-14T08:04:29+08:00,45.8088,48.8036,44.573,42.5418,38.1,64.3,0.5012,75.1089,23.8366,3.3114,0.0,1003.1669
DC844817-C3E3-45DA-9A9A-D93652D369D4,310104340004,2023-06-09T00:00:00+08:00,2025-07-14T08:04:19+08:00,2025-07-14T08:04:19+08:00,46.4625,48.06,46.0981,45.0818,40.7,62.1,0.6256,75.4608,23.8504,2.4072,0.0,1003.8443
E56C5631-293F-432E-BE58-AB38D552C715,310104320001,2023-06-10T00:00:00+08:00,2025-07-14T08:04:24+08:00,2025-07-14T08:04:24+08:00,48.8796,51.0279,48.0369,46.5766,41.4,69.8,1.1095,53.9877,29.4845,0.9733,0.0233,1000.1212
F85AA7A8-241D-4431-8BC5-9614EC4097E7,310104330002,2023-06-10T00:00:00+08:00,2025-07-14T08:04:35+08:00,2025-07-14T08:04:35+08:00,56.8736,58.6159,56.2956,55.0534,34.2,76.6,1.4719,57.522,28.8006,6.5612,0.0483,1000.0883
ED013EF5-0FF1-44B2-B747-315E919652E7,310104320001,2023-06-11T00:00:00+08:00,2025-07-14T08:04:28+08:00,2025-07-14T08:04:28+08:00,46.4518,49.368,45.0186,43.3324,39.1,70.5,0.4384,77.1145,23.1814,2.5993,0.0,1001.613
C28070D1-3A4A-4E04-9729-6D0CAA188144,310104330002,2023-06-12T00:00:00+08:00,2025-07-14T08:03:58+08:00,2025-07-14T08:03:58+08:00,51.7763,53.3641,51.2504,50.6821,49.3,74.2,0.5754,74.493,22.8856,1.2376,0.0,1004.0882
CF606F3B-4217-4673-B756-436FB6F0A2C6,310104320001,2023-06-14T00:00:00+08:00,2025-07-14T08:04:10+08:00,2025-07-14T08:04:10+08:00,50.0045,54.3065,46.9385,43.0616,37.4,73.3,0.2754,78.2175,22.3444,5.4314,0.025,1004.6502
EF70911B-B384-426F-A332-741397FE6B55,310104340004,2023-06-14T00:00:00+08:00,2025-07-14T08:04:29+08:00,2025-07-14T08:04:29+08:00,52.571,55.1149,51.3503,50.0496,43.5,74.1,1.3071,56.5628,26.7548,2.2838,0.115,1005.7244
DA3F5E78-DB29-492F-945C-94DB2DCBBDA0,310104320001,2023-06-15T00:00:00+08:00,2025-07-14T08:04:17+08:00,2025-07-14T08:04:17+08:00,51.3465,54.3258,49.7649,48.0056,41.0,75.4,0.7202,50.2658,27.4938,2.7563,0.0,1008.0649
FECD0B3E-0296-4D09-8BF5-15F03367AC07,310104320001,2023-06-16T00:00:00+08:00,2025-07-14T08:04:39+08:00,2025-07-14T08:04:39+08:00,50.7177,53.0813,49.8182,48.0256,40.9,72.3,1.008,54.999,26.5719,2.0997,0.0667,1010.2464
EEF745D4-D28D-4344-A67F-F4031E89D68A,310104320001,2023-06-17T00:00:00+08:00,2025-07-14T08:04:29+08:00,2025-07-14T08:04:29+08:00,48.7051,51.2596,47.5734,45.9138,40.7,69.7,0.9959,83.5046,21.9464,1.2315,0.2901,1009.2582
DFCFA0BE-D9C1-453B-9D96-C4AAA918FA0E,310104330002,2023-06-17T00:00:00+08:00,2025-07-14T08:04:21+08:00,2025-07-14T08:04:21+08:00,56.299,58.0535,55.7793,54.603,46.3,70.8,0.945,83.7175,21.9794,3.0464,0.2367,1008.8543
D81577AF-0721-4C79-A2FD-082BA783555B,310104340004,2023-06-17T00:00:00+08:00,2025-07-14T08:04:16+08:00,2025-07-14T08:04:16+08:00,46.5847,47.7221,46.3744,45.5112,41.1,57.0,0.8147,73.4605,22.6409,0.4499,0.0,1011.0
C595E8C2-B5B0-4E86-9BB4-4DF735B3F9BD,310104330002,2023-06-18T00:00:00+08:00,2025-07-14T08:03:59+08:00,2025-07-14T08:03:59+08:00,44.9077,45.443,44.8447,44.3554,37.8,63.0,0.4805,86.3739,22.6469,0.7871,0.0,1004.294
EFFFCD73-78A7-4D59-AB4A-0B4E20F19100,310104320001,2023-06-19T00:00:00+08:00,2025-07-14T08:04:30+08:00,2025-07-14T08:04:30+08:00,52.5497,55.6934,50.4019,48.1976,43.4,82.2,0.8165,85.0533,24.431,2.3223,0.115,1001.776
E49C2F40-6301-4EED-99A6-A6863F96954F,310104330002,2023-06-19T00:00:00+08:00,2025-07-14T08:04:24+08:00,2025-07-14T08:04:24+08:00,60.5017,62.4798,60.501,56.1934,35.5,89.0,0.8772,83.6496,24.7047,8.8223,0.0717,1001.4123
B9491CED-0F88-4584-9F4A-A05DD5452BFD,310104340004,2023-06-19T00:00:00+08:00,2025-07-14T08:03:51+08:00,2025-07-14T08:03:51+08:00,52.6607,54.9679,50.9649,49.7604,27.0,81.1,1.168,82.3829,24.8526,5.0465,0.0566,1002.3299
C9E5B9D0-1923-4040-9DB4-CB7C5BCB5A4B,310104330002,2023-06-20T00:00:00+08:00,2025-07-14T08:04:04+08:00,2025-07-14T08:04:04+08:00,55.9289,56.9109,55.252,54.355,35.2,91.2,0.8012,63.566,29.0873,5.2355,0.0,1001.385
BE3A48A4-7FC0-4F51-B41B-C470DBE2BA2E,310104340004,2023-06-20T00:00:00+08:00,2025-07-14T08:03:54+08:00,2025-07-14T08:03:54+08:00,51.3914,52.7951,50.9597,50.1446,43.6,70.5,0.7696,61.536,29.5021,1.721,0.0,1002.1232
FBABFA52-6801-4824-B500-FBFA28043EDF,310104330002,2023-06-21T00:00:00+08:00,2025-07-14T08:04:37+08:00,2025-07-14T08:04:37+08:00,56.9821,59.1294,56.1896,54.9553,51.0,72.5,0.917,50.6112,30.2476,1.782,0.0,1004.0812
F47A494A-CF26-48FC-A521-0A3E04E097F5,310104340004,2023-06-21T00:00:00+08:00,2025-07-14T08:04:33+08:00,2025-07-14T08:04:33+08:00,47.4444,48.7607,47.1899,46.257,40.7,60.2,0.4987,73.691,26.6012,2.0109,0.0,1004.4569
DA098C27-2D22-41DD-803A-43DC56676501,310104320001,2023-06-22T00:00:00+08:00,2025-07-14T08:04:17+08:00,2025-07-14T08:04:17+08:00,46.371,50.1933,44.49,41.7529,38.7,71.3,0.3389,67.0115,25.7244,3.6139,0.0,1006.3064
E114AEE0-C577-4119-B584-505D39A8565C,310104340004,2023-06-22T00:00:00+08:00,2025-07-14T08:04:22+08:00,2025-07-14T08:04:22+08:00,47.9855,49.2641,47.7702,46.8454,40.4,58.9,0.4867,66.0924,26.0503,0.5389,0.0,1006.8216
F9E09736-4C6C-4E8B-B3B6-82CB7B2CC108,310104320001,2023-06-23T00:00:00+08:00,2025-07-14T08:04:36+08:00,2025-07-14T08:04:36+08:00,48.6051,50.9166,47.5712,46.2187,39.7,72.4,1.0452,57.276,26.4718,1.4874,0.0,1008.4691
F4AA3D96-F3F1-43F2-A209-10115C6531FA,310104340004,2023-06-23T00:00:00+08:00,2025-07-14T08:04:33+08:00,2025-07-14T08:04:33+08:00,54.9081,58.5706,52.2126,49.2006,44.9,78.5,2.2379,57.9419,26.1374,2.9995,0.1817,1009.1068
FCDF2EB5-9EAE-4F3F-A848-BDB0C5539AA7,310104340004,2023-06-24T00:00:00+08:00,2025-07-14T08:04:38+08:00,2025-07-14T08:04:38+08:00,54.7026,46.3074,35.3403,33.9252,30.9,89.0,1.9709,85.3392,24.8778,0.3925,0.03,1007.0
F880F4D5-EAA0-455D-819D-AAD3D67F2A12,310104320001,2023-06-25T00:00:00+08:00,2025-07-14T08:04:35+08:00,2025-07-14T08:04:35+08:00,50.5627,52.0635,49.7337,48.7226,42.1,83.4,0.7011,70.1004,28.1312,2.0401,0.0,1005.2614
AFEE255E-EBD8-4A02-A8EC-3A4389F85287,310104330002,2023-06-25T00:00:00+08:00,2025-07-14T08:03:45+08:00,2025-07-14T08:03:45+08:00,56.704,57.4206,55.6129,54.6573,39.1,95.9,1.0134,66.3134,28.683,3.9874,0.0,1005.1804
E023717B-7E64-42F7-9834-3863DFE0CABA,310104340004,2023-06-25T00:00:00+08:00,2025-07-14T08:04:21+08:00,2025-07-14T08:04:21+08:00,55.8306,57.7094,53.3516,52.0567,31.9,95.2,1.4558,65.1152,29.0706,4.8496,0.02,1005.89
D5587DA6-9210-446F-B57B-5A0735301B3A,310104320001,2023-06-26T00:00:00+08:00,2025-07-14T08:04:13+08:00,2025-07-14T08:04:13+08:00,46.1999,49.0914,45.0122,43.0897,39.8,69.1,0.5053,74.715,26.6386,2.4833,0.0,1005.9848
C25AA748-8D5E-4477-9883-3336278DF6E2,310104340004,2023-06-26T00:00:00+08:00,2025-07-14T08:03:57+08:00,2025-07-14T08:03:57+08:00,48.6503,49.9128,48.3628,47.5738,42.5,64.6,0.8222,72.4907,27.0944,1.5628,0.0,1006.5951
E4B49BF3-63CC-43FC-BE5C-050FA1C71943,310104320001,2023-06-28T00:00:00+08:00,2025-07-14T08:04:24+08:00,2025-07-14T08:04:24+08:00,48.0996,50.8326,47.0716,45.1493,41.1,67.3,0.7432,74.0692,27.8259,2.9289,0.0,1006.6699
FB9432F1-95D9-4897-9AC5-DCBA507B3C21,310104330002,2023-06-29T00:00:00+08:00,2025-07-14T08:04:37+08:00,2025-07-14T08:04:37+08:00,56.8946,59.0711,56.0536,54.6922,50.3,77.7,1.103,51.4102,33.8796,1.9404,0.0,1001.0941
FBAE7BB9-65D5-490D-B175-40C383FFA51A,310104320001,2023-06-30T00:00:00+08:00,2025-07-14T08:04:37+08:00,2025-07-14T08:04:37+08:00,53.0436,55.0333,52.4528,50.9238,44.1,68.4,0.6371,67.2189,29.2302,1.5033,0.1416,1001.0076
FA2025D5-921E-4583-BB75-AF6C661A186B,310104330002,2023-06-30T00:00:00+08:00,2025-07-14T08:04:36+08:00,2025-07-14T08:04:36+08:00,51.5165,52.9443,50.8266,50.0881,33.7,71.3,0.8515,71.457,28.9526,7.2532,0.0,999.3486
C1134EE4-A053-47F9-8134-37F6BC9B7ACB,310104320001,2023-07-01T00:00:00+08:00,2025-07-14T08:03:57+08:00,2025-07-14T08:03:57+08:00,47.7838,50.5848,46.5986,44.807,40.3,69.6,0.5518,81.4615,26.1365,2.285,0.0983,1002.5228
ECD69C93-AA8E-49CF-A2EB-BE4695700B3A,310104320001,2023-07-02T00:00:00+08:00,2025-07-14T08:04:28+08:00,2025-07-14T08:04:28+08:00,54.6942,58.2193,52.8872,48.8053,41.2,73.0,0.6964,61.0436,32.5345,2.822,0.0,1004.4895
BCC1002F-24EB-4002-95E6-AE68300F8715,310104330002,2023-07-02T00:00:00+08:00,2025-07-14T08:03:53+08:00,2025-07-14T08:03:53+08:00,52.3801,53.8001,51.7691,51.1138,49.8,74.8,0.4281,76.6865,27.8982,1.2124,0.0,1003.781
C7878C58-6590-4B6C-A55E-B817DB26E043,310104340004,2023-07-02T00:00:00+08:00,2025-07-14T08:04:02+08:00,2025-07-14T08:04:02+08:00,47.5719,48.8522,47.3213,46.5262,43.0,60.7,0.5858,75.5299,28.1706,1.7544,0.0,1004.4549
B9EFFD84-210F-45B7-A894-92DF8008B976,310104320001,2023-07-03T00:00:00+08:00,2025-07-14T08:03:51+08:00,2025-07-14T08:03:51+08:00,48.2454,50.6018,47.4664,45.7774,40.5,68.8,0.3757,80.6185,26.9796,2.4688,0.0,1003.7909
FE2D35B5-683B-4CFD-B893-FB6D14AEB36A,310104340004,2023-07-03T00:00:00+08:00,2025-07-14T08:04:39+08:00,2025-07-14T08:04:39+08:00,54.1648,55.1699,53.9221,53.3779,46.3,76.1,0.9916,60.3046,32.5391,1.8936,0.0,1004.0196
BB05C070-3CAC-4A7B-94C4-982CAD6C79C0,310104320001,2023-07-05T00:00:00+08:00,2025-07-14T08:03:52+08:00,2025-07-14T08:03:52+08:00,49.1196,50.7493,48.6995,47.6577,40.1,66.4,0.5461,66.2467,29.2103,3.1123,0.0383,999.5474
B895BA91-8A06-4886-B5CE-1F52F40CD683,310104320001,2023-07-06T00:00:00+08:00,2025-07-14T08:03:49+08:00,2025-07-14T08:03:49+08:00,58.3159,61.8261,56.5541,52.9049,43.7,70.0,0.6958,59.5248,32.7752,4.2936,0.0,1000.1406
E95A22FD-9A8D-4191-AA43-69CB9A106266,310104330002,2023-07-06T00:00:00+08:00,2025-07-14T08:04:27+08:00,2025-07-14T08:04:27+08:00,52.4648,53.5574,52.2138,51.6499,50.1,63.9,0.449,78.2385,27.6332,0.7339,0.0,1000.0216
CBFA559B-68A1-4FC7-B5D3-3F08BD2C6641,310104320001,2023-07-07T00:00:00+08:00,2025-07-14T08:04:05+08:00,2025-07-14T08:04:05+08:00,47.3039,49.5138,46.5594,45.2309,41.2,64.8,0.5913,66.683,30.6117,2.4756,0.0,998.8446
E9F44C88-FD63-4B91-9FA2-CC9B9CB0523F,310104320001,2023-07-09T00:00:00+08:00,2025-07-14T08:04:27+08:00,2025-07-14T08:04:27+08:00,47.6081,50.1497,46.5716,45.2017,39.9,64.8,0.2365,77.9276,28.22,2.7732,0.0667,1002.6984
B3705667-DB8F-4462-B3E8-DB41682BFB12,310104340004,2023-07-09T00:00:00+08:00,2025-07-14T08:03:47+08:00,2025-07-14T08:03:47+08:00,48.4736,50.055,48.0702,47.082,43.7,68.1,0.4151,71.1432,29.2966,1.4649,0.0417,1003.3858
B0F67BCF-4BA3-4808-9105-C60FB626A43B,310104320001,2023-07-10T00:00:00+08:00,2025-07-14T08:03:46+08:00,2025-07-14T08:03:46+08:00,47.711,50.0831,46.7689,45.7094,40.2,67.0,0.3436,74.4026,27.8901,3.336,0.0,1003.2052
CBFB284C-7044-41A6-8337-84ACD8FB9595,310104330002,2023-07-10T00:00:00+08:00,2025-07-14T08:04:05+08:00,2025-07-14T08:04:05+08:00,60.6824,62.8074,60.1805,56.9041,34.0,90.5,0.801,66.6829,29.2212,4.3775,0.1663,1003.8961
F648C39A-579B-4CB7-80BA-0C705B842192,310104340004,2023-07-10T00:00:00+08:00,2025-07-14T08:04:34+08:00,2025-07-14T08:04:34+08:00,54.8825,56.1056,54.5958,53.9162,46.7,74.1,0.89,65.2057,29.4722,2.0313,0.0667,1004.6532
B0DCE850-E028-4F3A-A134-7E9846BE81BD,310104320001,2023-07-11T00:00:00+08:00,2025-07-14T08:03:46+08:00,2025-07-14T08:03:46+08:00,47.4211,49.2728,46.8824,45.8089,40.8,63.1,0.7519,76.3977,27.713,2.9924,0.0,1003.1695
F4546771-3270-417B-85E0-EFA13E3ADB4F,310104330002,2023-07-11T00:00:00+08:00,2025-07-14T08:04:33+08:00,2025-07-14T08:04:33+08:00,53.0646,54.2846,52.6382,51.9359,50.2,74.7,0.9023,77.8054,27.4497,1.0923,0.0,1003.0617
BEB02C53-2460-4347-B551-59ADB0E011D2,310104340004,2023-07-11T00:00:00+08:00,2025-07-14T08:03:54+08:00,2025-07-14T08:03:54+08:00,56.698,57.6698,56.5161,55.9167,47.8,73.3,1.442,55.3907,33.7324,2.0927,0.0,1004.3446
FE8D68BB-DA1B-4D44-A24A-F1A150F73E28,310104320001,2023-07-12T00:00:00+08:00,2025-07-14T08:04:39+08:00,2025-07-14T08:04:39+08:00,49.2022,50.8971,48.649,47.6682,41.3,67.7,0.8848,72.8025,29.4995,3.6728,0.0,1003.0204
D0A00733-48C6-41CE-925D-44BC3CD93ABD,310104330002,2023-07-12T00:00:00+08:00,2025-07-14T08:04:10+08:00,2025-07-14T08:04:10+08:00,61.4328,64.6226,60.2956,56.3972,50.5,77.8,1.1813,53.2458,34.8031,4.3583,0.0,1002.7326
D31E009F-1E77-4835-BCC7-794A907B9977,310104320001,2023-07-13T00:00:00+08:00,2025-07-14T08:04:12+08:00,2025-07-14T08:04:12+08:00,49.3183,51.4794,48.5724,47.75,42.0,68.3,0.9107,71.8042,29.7322,3.528,0.0,1002.0149
BF4A7B39-4701-4442-BB8C-F019489AABBD,310104320001,2023-07-14T00:00:00+08:00,2025-07-14T08:03:55+08:00,2025-07-14T08:03:55+08:00,51.9683,55.8299,49.4058,48.0356,43.3,71.4,0.7996,71.0955,29.6798,4.1888,0.0,1000.8914
C638165F-B43B-4167-A55D-E248D1C4F7ED,310104330002,2023-07-14T00:00:00+08:00,2025-07-14T08:04:01+08:00,2025-07-14T08:04:01+08:00,53.2071,52.3045,50.9538,50.3412,32.2,89.9,0.8977,71.0416,29.6361,5.3997,0.0,1000.77
EA03E7E8-EFAA-4D14-9BA3-0CDD34115B66,310104330002,2023-07-15T00:00:00+08:00,2025-07-14T08:04:27+08:00,2025-07-14T08:04:27+08:00,58.9521,61.4193,58.1832,55.5682,50.1,74.9,1.0884,54.9726,33.3284,2.6766,0.1083,1000.6427
B6E7898F-0E2B-40FA-8DE2-48673398C876,310104340004,2023-07-15T00:00:00+08:00,2025-07-14T08:03:49+08:00,2025-07-14T08:03:49+08:00,50.6501,52.309,50.1902,49.2682,45.9,67.9,1.0785,69.6698,29.3854,1.2583,0.0,1001.0685
F8FB6BD2-6B24-43C4-A525-375F0A050C06,310104340004,2023-07-17T00:00:00+08:00,2025-07-14T08:04:35+08:00,2025-07-14T08:04:35+08:00,50.4292,52.3275,49.913,48.3675,44.1,68.3,1.0389,75.7891,27.921,1.2109,0.0,1006.1473
E6C92707-2758-4A7A-853B-7D251B39FA14,310104330002,2023-07-18T00:00:00+08:00,2025-07-14T08:04:25+08:00,2025-07-14T08:04:25+08:00,52.9828,54.5856,52.467,51.7675,50.3,73.2,0.7788,71.718,27.6881,1.2852,0.0,1006.6992
FE5035BB-EBB7-40E4-AAF4-E3D4C06A1844,310104330002,2023-07-19T00:00:00+08:00,2025-07-14T08:04:39+08:00,2025-07-14T08:04:39+08:00,59.8661,62.6249,58.9985,55.9916,51.1,74.3,0.8065,62.3472,29.4641,2.9549,0.05,1007.8546
E25544AE-955A-4EE2-8C8D-09F56D73157C,310104320001,2023-07-20T00:00:00+08:00,2025-07-14T08:04:22+08:00,2025-07-14T08:04:22+08:00,46.4395,49.2958,45.1982,43.466,39.9,64.1,0.554,80.2759,27.0351,2.9025,0.135,1006.3832
D2B2ABCE-0138-4235-89AF-6D4F88FF4F3F,310104340004,2023-07-20T00:00:00+08:00,2025-07-14T08:04:12+08:00,2025-07-14T08:04:12+08:00,52.8575,54.4007,52.415,51.4404,31.0,69.2,0.7815,79.8524,27.4866,6.7917,0.0,1006.2937
FA87B6D5-0D09-49DD-AFF3-14B28956DBD8,310104320001,2023-07-21T00:00:00+08:00,2025-07-14T08:04:36+08:00,2025-07-14T08:04:36+08:00,57.4137,61.4263,55.1427,50.2907,40.1,75.5,0.402,83.7737,26.8841,8.5246,0.0,1006.25
DBFBBCF7-85C4-4402-9DC1-4EFB230D2ED9,310104330002,2023-07-21T00:00:00+08:00,2025-07-14T08:04:18+08:00,2025-07-14T08:04:18+08:00,59.8389,62.6135,58.7776,55.8698,50.6,78.5,1.1727,65.0915,31.0707,3.1862,0.05,1005.6891
EFF4D6B5-8858-47BE-935C-19C99382AF91,310104340004,2023-07-21T00:00:00+08:00,2025-07-14T08:04:30+08:00,2025-07-14T08:04:30+08:00,56.9085,58.3157,56.4067,55.6688,49.3,79.6,1.6948,65.1906,31.1693,1.77,0.11,1006.5366
C4AEA8D4-2934-472A-BB9D-A91EA9543B5C,310104330002,2023-07-22T00:00:00+08:00,2025-07-14T08:03:59+08:00,2025-07-14T08:03:59+08:00,55.3147,53.0437,51.4834,50.6888,33.9,91.6,0.8449,76.5362,27.396,3.5495,0.015,1006.7264
CB1305C0-E10F-4F31-AADA-51469E170FA6,310104320001,2023-07-23T00:00:00+08:00,2025-07-14T08:04:05+08:00,2025-07-14T08:04:05+08:00,71.7925,73.9438,71.5457,68.6727,41.8,78.5,0.6135,64.6795,30.4882,8.5051,0.0217,1006.1054
E6C04ACA-9401-488C-8723-95FA64B6F992,310104320001,2023-07-24T00:00:00+08:00,2025-07-14T08:04:25+08:00,2025-07-14T08:04:25+08:00,71.3937,73.7806,71.0575,67.7928,43.5,77.9,0.9023,64.392,30.3218,8.8266,0.0,1006.221
DA7A1AA8-2DBD-49F8-BB14-71D4285718D5,310104330002,2023-07-25T00:00:00+08:00,2025-07-14T08:04:17+08:00,2025-07-14T08:04:17+08:00,60.9753,63.6032,60.2125,57.0733,50.1,78.1,1.9967,62.288,30.686,3.1444,0.0,1007.7692
EC6AC88A-6AD1-487F-BADF-9EDE5AB2B3A0,310104340004,2023-07-25T00:00:00+08:00,2025-07-14T08:04:28+08:00,2025-07-14T08:04:28+08:00,58.084,59.7796,57.447,56.422,48.7,80.4,1.6447,59.5324,31.4571,1.6773,0.0,1008.5128
B24AADFA-B5CF-402A-B362-E75AE994033E,310104320001,2023-07-26T00:00:00+08:00,2025-07-14T08:03:46+08:00,2025-07-14T08:03:46+08:00,52.6504,57.0504,49.238,46.5054,43.2,78.6,1.0708,75.0772,28.3896,4.8711,0.0,1008.9175
FBAEA4FE-1F9C-441E-BF39-D5F2000DCE14,310104330002,2023-07-26T00:00:00+08:00,2025-07-14T08:04:37+08:00,2025-07-14T08:04:37+08:00,60.0765,62.5697,59.3349,56.8032,50.9,77.7,2.028,64.4169,30.445,2.6764,0.0,1009.1877
F4BF59B1-B77B-41B0-8219-EAB44704F140,310104340004,2023-07-26T00:00:00+08:00,2025-07-14T08:04:33+08:00,2025-07-14T08:04:33+08:00,57.3824,58.6676,57.0766,56.0943,48.1,75.2,1.6606,61.2259,31.1958,2.2903,0.0,1009.9312
FF7E659A-1811-4CEE-8FE6-51030FDB2182,310104320001,2023-07-27T00:00:00+08:00,2025-07-14T08:04:40+08:00,2025-07-14T08:04:40+08:00,69.5554,72.3285,68.9831,64.7265,44.6,78.0,1.0167,70.2147,28.6564,7.68,0.3334,1007.8152
D5225553-E3EE-4086-8858-1D6F9BF46C9A,310104330002,2023-07-27T00:00:00+08:00,2025-07-14T08:04:13+08:00,2025-07-14T08:04:13+08:00,60.5738,63.2907,59.6627,56.8286,50.7,76.3,1.4479,69.8614,28.5754,3.4594,0.0967,1007.7293
B7D1942E-1C86-461D-A2ED-E5297B054377,310104320001,2023-07-28T00:00:00+08:00,2025-07-14T08:03:49+08:00,2025-07-14T08:03:49+08:00,49.9048,53.2578,48.0944,45.7348,43.6,65.7,1.4529,78.3337,27.5208,3.0127,0.075,1006.1294
F0432D5E-C0A6-4AA8-A7D5-7481C969A826,310104330002,2023-07-28T00:00:00+08:00,2025-07-14T08:04:30+08:00,2025-07-14T08:04:30+08:00,60.1324,62.1262,59.5315,57.6423,50.9,78.1,2.1125,74.4972,28.2472,2.4701,0.0866,1005.3597
B1855433-F578-4FAA-97A3-B89711FD72C9,310104340004,2023-07-28T00:00:00+08:00,2025-07-14T08:03:46+08:00,2025-07-14T08:03:46+08:00,54.4597,57.8759,51.9538,49.7849,44.7,74.0,2.1259,77.2326,27.6806,4.55,0.0733,1006.8512
E8400468-6CFD-40CA-BBF9-95A7E5765DD1,310104330002,2023-07-29T00:00:00+08:00,2025-07-14T08:04:26+08:00,2025-07-14T08:04:26+08:00,59.1427,61.3809,58.3889,56.4345,50.6,75.6,2.269,78.8654,27.8864,2.8106,0.18,1005.9975
DEA9747B-2279-4101-BE61-BF60A93339D8,310104330002,2023-07-30T00:00:00+08:00,2025-07-14T08:04:20+08:00,2025-07-14T08:04:20+08:00,57.8966,59.7906,57.358,55.7538,50.3,75.1,2.2398,67.4043,29.7938,2.4975,0.0,1006.9846
F5BC8EB9-CB9D-4DBE-BE5C-5C6EC1CCCE32,310104340004,2023-07-30T00:00:00+08:00,2025-07-14T08:04:34+08:00,2025-07-14T08:04:34+08:00,50.3957,51.7683,49.9611,49.0584,45.9,65.9,1.2914,78.3669,27.691,1.2492,0.0,1007.3742
C9068570-17FF-43C3-897E-A8BE50FBD127,310104330002,2023-07-31T00:00:00+08:00,2025-07-14T08:04:04+08:00,2025-07-14T08:04:04+08:00,58.2139,60.3619,57.5468,55.5865,51.1,74.3,1.3275,61.0665,30.7129,2.2946,0.0,1007.2944
EFFD6DE1-44F1-4FD6-A96B-494B4DA53F24,310104320001,2023-08-01T00:00:00+08:00,2025-07-14T08:04:30+08:00,2025-07-14T08:04:30+08:00,68.0012,71.213,67.0338,62.0835,42.1,77.0,1.1083,73.2146,28.7544,7.7609,0.1567,1006.1655
FA438F5C-0FF3-4978-9F15-496616CCBE32,310104330002,2023-08-01T00:00:00+08:00,2025-07-14T08:04:36+08:00,2025-07-14T08:04:36+08:00,57.3176,59.1633,56.8335,55.2183,50.8,73.2,0.8708,69.9483,29.4129,2.0695,0.0667,1005.9312
E6AF0B8E-917A-4AD6-9920-52747443799A,310104340004,2023-08-02T00:00:00+08:00,2025-07-14T08:04:25+08:00,2025-07-14T08:04:25+08:00,49.9887,51.2561,49.6162,48.7979,45.2,71.2,1.1853,75.4884,28.3333,1.5821,0.0,1005.5632
FB69B996-E89C-4550-84A0-AD0215BFA2DA,310104320001,2023-08-03T00:00:00+08:00,2025-07-14T08:04:37+08:00,2025-07-14T08:04:37+08:00,65.9482,69.5363,64.6194,58.0553,42.4,76.1,1.2685,66.4139,30.3163,7.4341,0.05,1001.353
D6C16A48-12DC-4FE5-87CE-B81FA740F1E0,310104330002,2023-08-03T00:00:00+08:00,2025-07-14T08:04:15+08:00,2025-07-14T08:04:15+08:00,52.8091,53.8239,52.5885,51.9038,50.0,64.6,1.2981,73.8855,28.5185,0.7386,0.0183,1001.7472
C1855BD4-CD69-42F1-97B4-3B73E70BD8CC,310104340004,2023-08-03T00:00:00+08:00,2025-07-14T08:03:57+08:00,2025-07-14T08:03:57+08:00,55.9478,57.7635,55.1917,54.3066,48.8,73.8,2.0669,62.8872,31.02,1.6995,0.0267,1001.9312
E9AC566B-1E14-482E-9558-AEAF8ECEEA74,310104320001,2023-08-04T00:00:00+08:00,2025-07-14T08:04:27+08:00,2025-07-14T08:04:27+08:00,45.5163,48.0913,44.3121,42.6798,39.6,61.2,0.6788,79.3933,27.8709,2.0085,0.2033,1000.5732
BEDAB400-C2BD-4C6B-B4BB-3DE8988C17BF,310104340004,2023-08-04T00:00:00+08:00,2025-07-14T08:03:54+08:00,2025-07-14T08:03:54+08:00,50.3144,51.6269,50.0085,49.1089,44.9,63.8,1.2895,74.5426,28.6594,1.3281,0.1145,1000.93
D7B81148-BEBD-4BE9-B2E0-5361F81B1115,310104320001,2023-08-05T00:00:00+08:00,2025-07-14T08:04:16+08:00,2025-07-14T08:04:16+08:00,64.4087,68.0694,62.983,55.6498,40.9,73.4,0.8381,61.9202,31.5435,7.2697,0.0183,999.2087
E902D632-C170-40DD-8DBF-D31893DC9FBB,310104330002,2023-08-05T00:00:00+08:00,2025-07-14T08:04:27+08:00,2025-07-14T08:04:27+08:00,57.8757,59.8615,57.3706,55.4224,50.7,82.0,1.0396,60.3943,31.843,2.3961,0.04,999.0876
CBFDEC18-BF12-4D7E-8D89-7DAE2B11AE60,310104320001,2023-08-06T00:00:00+08:00,2025-07-14T08:04:05+08:00,2025-07-14T08:04:05+08:00,45.6499,48.5341,44.3569,42.8763,38.5,66.0,0.2844,73.9553,28.3363,1.9285,0.0,998.4057
CB07D3DF-EE87-4438-B699-CFA3DEF3CCDA,310104330002,2023-08-06T00:00:00+08:00,2025-07-14T08:04:05+08:00,2025-07-14T08:04:05+08:00,57.0943,58.7959,56.3318,54.7718,50.6,78.7,1.0744,56.7989,32.6441,1.6531,0.0,997.3245
EC4FC1FF-1FB1-4ED8-A455-9AB9C386B02A,310104330002,2023-08-07T00:00:00+08:00,2025-07-14T08:04:28+08:00,2025-07-14T08:04:28+08:00,52.9246,54.2316,52.4915,51.8534,50.3,69.1,0.6173,72.0831,28.6707,1.135,0.0,998.5832
EE06F277-4D42-4F1D-B16E-0EEE790CD945,310104320001,2023-08-08T00:00:00+08:00,2025-07-14T08:04:29+08:00,2025-07-14T08:04:29+08:00,45.625,47.7336,44.997,43.5336,39.1,61.0,0.611,68.7088,27.959,1.8151,0.0,1000.5551
BE90B0E0-FE72-4CE3-BD30-168E1B537D72,310104340004,2023-08-08T00:00:00+08:00,2025-07-14T08:03:54+08:00,2025-07-14T08:03:54+08:00,48.0681,49.8532,47.5607,46.5962,42.8,66.9,1.0038,66.0082,28.4652,1.3576,0.0,1000.782
FDBDD793-48EA-429D-A0E5-F4BD07D690B7,310104340004,2023-08-09T00:00:00+08:00,2025-07-14T08:04:38+08:00,2025-07-14T08:04:38+08:00,53.8766,55.1504,53.5069,52.8029,45.2,69.1,1.3108,57.4787,31.9359,1.5836,0.04,1002.0617
D84D71A5-8862-472B-9D15-69F52BFB9C6B,310104340004,2023-08-10T00:00:00+08:00,2025-07-14T08:04:16+08:00,2025-07-14T08:04:16+08:00,47.8545,49.5661,47.4593,46.1254,42.2,68.9,0.8436,71.1291,28.6738,1.6742,0.0,1002.692
BE320D90-EEF7-4003-9D6A-1AA44A9A6E80,310104320001,2023-08-11T00:00:00+08:00,2025-07-14T08:03:54+08:00,2025-07-14T08:03:54+08:00,45.4831,47.2741,44.8652,44.1017,40.4,59.3,0.7128,71.1702,28.6537,2.6937,0.0,1003.0
E4F34A62-05C6-4E41-96BA-6A9BA114BA1E,310104320001,2023-08-12T00:00:00+08:00,2025-07-14T08:04:24+08:00,2025-07-14T08:04:24+08:00,57.9585,62.2134,54.775,50.003,45.6,68.6,1.1048,55.4435,32.9968,4.6908,0.0,1000.7593
D685CA6E-0245-4950-8AD9-B2975B57957A,310104340004,2023-08-12T00:00:00+08:00,2025-07-14T08:04:15+08:00,2025-07-14T08:04:15+08:00,48.1988,50.0658,47.7282,46.7612,43.4,68.3,0.7389,75.5855,28.5702,1.417,0.0,1002.3015
F70246F2-1E48-4519-A881-49BA55AE08BF,310104320001,2023-08-13T00:00:00+08:00,2025-07-14T08:04:34+08:00,2025-07-14T08:04:34+08:00,55.8008,59.8894,52.6564,49.4128,45.6,66.5,0.9456,56.852,32.6101,4.0282,0.0,999.9514
BD5FF27B-44FF-4FB1-889F-A957759A83D9,310104330002,2023-08-13T00:00:00+08:00,2025-07-14T08:03:53+08:00,2025-07-14T08:03:53+08:00,55.4846,56.923,55.0762,54.1546,51.1,72.1,0.9488,56.1671,32.8136,0.7479,0.0,999.7913
DE38A7AB-7383-44E9-AE2C-D0EFF4CD98E1,310104340004,2023-08-13T00:00:00+08:00,2025-07-14T08:04:20+08:00,2025-07-14T08:04:20+08:00,47.6738,49.2616,47.2821,46.264,42.7,63.8,0.9301,75.7378,28.422,1.4118,0.0,1001.0208
DF02B598-93E7-4C61-A0C6-8FCE3A46DA64,310104340004,2023-08-14T00:00:00+08:00,2025-07-14T08:04:20+08:00,2025-07-14T08:04:20+08:00,47.7508,49.0637,47.4924,46.5837,42.2,63.2,0.713,72.0454,28.7386,1.5942,0.0,1001.9331
F671FCDF-77F0-47E7-9BBD-EC17FFA748EB,310104320001,2023-08-15T00:00:00+08:00,2025-07-14T08:04:34+08:00,2025-07-14T08:04:34+08:00,45.5577,47.3313,44.8602,44.2151,42.7,63.7,0.4714,75.5517,27.7375,1.5607,0.0,1003.4993
C1D24260-BA84-4F4C-B3BC-92EAF30C62EE,310104320001,2023-08-16T00:00:00+08:00,2025-07-14T08:03:57+08:00,2025-07-14T08:03:57+08:00,45.5538,47.4791,44.7656,43.9908,42.2,65.6,0.3132,73.5568,27.2714,1.7366,0.0,1004.0862
F1860101-A0B5-49F6-82C9-B6D0166A58C2,310104330002,2023-08-16T00:00:00+08:00,2025-07-14T08:04:31+08:00,2025-07-14T08:04:31+08:00,51.846,52.844,51.5433,50.9998,31.9,73.3,0.3507,72.5982,27.9397,8.1983,0.0,1003.8779
CFEDE1EA-07D4-4C20-912B-175DF1CD0F0E,310104320001,2023-08-17T00:00:00+08:00,2025-07-14T08:04:10+08:00,2025-07-14T08:04:10+08:00,54.0612,57.5361,51.5723,50.0542,40.1,66.2,0.5113,68.7729,28.1951,4.6315,0.0,1003.6684
C5FDCAA4-79FF-4CB4-8383-86CFCC80D2B3,310104330002,2023-08-17T00:00:00+08:00,2025-07-14T08:04:01+08:00,2025-07-14T08:04:01+08:00,53.6966,55.0982,53.2724,52.2813,35.6,73.1,0.7183,64.6552,28.7613,8.6413,0.0,1003.3433
D078013A-8829-4DC8-BF6B-FFC8BCD42778,310104320001,2023-08-19T00:00:00+08:00,2025-07-14T08:04:10+08:00,2025-07-14T08:04:10+08:00,45.532,47.4382,44.7722,44.0759,42.5,65.6,0.4374,74.5568,27.2024,1.1083,0.0,1007.3514
D7D98F11-311A-4E05-AF3B-4885A6FA4BAC,310104320001,2023-08-20T00:00:00+08:00,2025-07-14T08:04:16+08:00,2025-07-14T08:04:16+08:00,45.5505,47.3605,44.8084,44.1335,42.3,66.2,0.6984,76.6876,27.6228,1.4638,0.0,1007.7549
D00D5B0E-87AA-490C-9B92-640839FABBE1,310104320001,2023-08-21T00:00:00+08:00,2025-07-14T08:04:10+08:00,2025-07-14T08:04:10+08:00,52.1375,53.1852,51.9338,51.1811,44.8,69.7,0.9809,54.1044,32.6597,1.9228,0.0,1002.9196
D22F2F18-2116-4E3F-BD61-B2AE3333E8AF,310104340004,2023-08-21T00:00:00+08:00,2025-07-14T08:04:11+08:00,2025-07-14T08:04:11+08:00,56.3977,57.464,56.15,55.5442,46.1,71.0,1.9239,53.1742,32.7964,2.9542,0.0,1003.4021
E99C0A17-CDF4-4042-8881-44BB687C9551,310104320001,2023-08-22T00:00:00+08:00,2025-07-14T08:04:27+08:00,2025-07-14T08:04:27+08:00,47.0461,48.5863,46.6067,45.81,42.8,59.8,0.4696,76.3715,28.4445,1.8095,0.0,1002.2066
BF87E6C7-C69F-40D2-AC2E-8176B549486E,310104330002,2023-08-23T00:00:00+08:00,2025-07-14T08:03:55+08:00,2025-07-14T08:03:55+08:00,58.3768,60.1354,57.9085,55.1825,34.9,90.5,0.7833,62.2365,29.2313,2.4666,0.0683,1004.0928
FD98A21A-8C25-48B4-9CCC-43DF9D813BC6,310104340004,2023-08-23T00:00:00+08:00,2025-07-14T08:04:38+08:00,2025-07-14T08:04:38+08:00,53.5558,54.8011,53.2202,52.55,45.6,70.3,0.9383,61.0338,29.2582,2.0673,0.0,1005.0437
F9077DB2-40F6-460F-BD5A-62FDBCB6A158,310104320001,2023-08-24T00:00:00+08:00,2025-07-14T08:04:36+08:00,2025-07-14T08:04:36+08:00,43.4265,44.8002,42.9635,42.3648,40.1,62.1,0.2424,80.6852,25.2582,1.9309,0.0,1006.382
CCE0F40C-6307-4717-B037-ED64ACA26BC8,310104340004,2023-08-24T00:00:00+08:00,2025-07-14T08:04:06+08:00,2025-07-14T08:04:06+08:00,48.0047,49.8805,47.4727,46.4053,42.2,67.3,0.5341,69.7024,27.0734,1.6969,0.0,1006.7322
FF05434D-D0D5-4D41-A641-D27ED532A0E8,310104340004,2023-08-25T00:00:00+08:00,2025-07-14T08:04:39+08:00,2025-07-14T08:04:39+08:00,53.8607,55.3053,53.3869,52.6549,45.1,71.7,1.4033,50.9785,30.9481,2.0605,0.0,1008.2452
C05297DC-50E8-4225-BE7B-6D10F5E1F15E,310104320001,2023-08-27T00:00:00+08:00,2025-07-14T08:03:55+08:00,2025-07-14T08:03:55+08:00,49.4656,53.7205,47.0481,45.6666,44.2,69.4,0.8898,77.2557,27.7486,1.8539,0.0,1004.002
B0F406C3-CA37-453A-9B10-D4ABBF0DEB6E,310104330002,2023-08-27T00:00:00+08:00,2025-07-14T08:03:46+08:00,2025-07-14T08:03:46+08:00,57.591,59.7498,57.1171,54.7066,50.1,77.6,1.8612,64.978,29.8701,2.4715,0.0,1002.2404
FE467B74-0D24-414D-89BC-B0E56A7023CF,310104330002,2023-08-29T00:00:00+08:00,2025-07-14T08:04:39+08:00,2025-07-14T08:04:39+08:00,54.2827,55.7589,54.0074,51.3119,41.3,81.1,0.7052,82.6731,23.4578,5.5953,0.2684,1006.5848
C9FDCA81-88EE-487C-A2C8-ECD3CD31E2BC,310104320001,2023-08-30T00:00:00+08:00,2025-07-14T08:04:04+08:00,2025-07-14T08:04:04+08:00,43.8732,44.811,43.2075,42.26,38.8,71.4,0.6395,82.8457,21.1344,2.0181,0.12,1010.291
B563AC4B-5D05-4A4E-A12C-19C908B04362,310104330002,2023-08-30T00:00:00+08:00,2025-07-14T08:03:48+08:00,2025-07-14T08:03:48+08:00,48.4652,49.2894,47.6342,47.0829,42.9,77.8,0.5849,82.17,22.0401,0.939,0.0833,1009.2
EA40E17A-A51C-4C62-A5A1-E6B3E42E8246,310104340004,2023-08-30T00:00:00+08:00,2025-07-14T08:04:27+08:00,2025-07-14T08:04:27+08:00,54.915,52.8064,41.0109,39.6429,33.6,88.7,1.3773,77.3314,22.3746,6.7899,0.3384,1010.5997
CB3C5AE1-8527-4AF3-9306-7F3AF6F92F76,310104330002,2023-08-31T00:00:00+08:00,2025-07-14T08:04:05+08:00,2025-07-14T08:04:05+08:00,48.9135,49.7777,48.6862,48.1872,43.3,69.3,0.7014,78.1869,21.6865,3.2668,0.205,1010.3071
F28514B0-0E2B-4357-86E5-3679E22D946B,310104320001,2023-09-01T00:00:00+08:00,2025-07-14T08:04:31+08:00,2025-07-14T08:04:31+08:00,49.0262,50.8218,48.4221,47.2294,39.9,72.9,1.0842,56.6533,26.9877,2.309,0.0,1010.2118
C57AFFE2-3154-4310-AFCD-33014298ABE3,310104330002,2023-09-01T00:00:00+08:00,2025-07-14T08:03:59+08:00,2025-07-14T08:03:59+08:00,53.0663,53.9821,52.8624,52.3184,50.6,69.4,0.5288,72.6215,23.742,0.8226,0.0,1009.6982
B8AE063C-9A10-4CD5-B137-CBDAFFCE2264,310104340004,2023-09-01T00:00:00+08:00,2025-07-14T08:03:49+08:00,2025-07-14T08:03:49+08:00,48.2746,50.2346,47.5864,46.5007,41.8,66.4,0.8567,69.0394,24.4206,2.274,0.0,1010.3235
C242F064-051D-4AE6-B48A-03162B22BCA8,310104340004,2023-09-02T00:00:00+08:00,2025-07-14T08:03:57+08:00,2025-07-14T08:03:57+08:00,47.6257,49.4684,46.8878,45.7108,42.0,67.1,1.3236,68.6996,25.2789,1.2716,0.0,1009.4572
C2C7C1F5-E9C8-425F-8F50-2638B0107675,310104320001,2023-09-03T00:00:00+08:00,2025-07-14T08:03:58+08:00,2025-07-14T08:03:58+08:00,46.3607,48.1131,45.7833,44.4968,33.3,63.7,0.4664,71.3068,26.9871,2.3867,0.1067,1008.5347
D57FF0EC-FF2E-42A6-BCEF-988072B7E3B7,310104330002,2023-09-04T00:00:00+08:00,2025-07-14T08:04:13+08:00,2025-07-14T08:04:13+08:00,47.3696,48.2875,47.1438,46.6199,36.1,68.3,0.5667,81.7644,25.9932,6.7032,0.0,1007.4072
F57EAE3E-5F7B-4C0C-B370-00CDD26A372F,310104320001,2023-09-05T00:00:00+08:00,2025-07-14T08:04:33+08:00,2025-07-14T08:04:33+08:00,52.9722,55.2033,51.0037,48.4292,39.9,92.6,0.8363,65.3017,28.7028,4.2939,0.0,1010.143
C6CC1E5A-BBCA-4619-90AA-9BEE1734B099,310104330002,2023-09-05T00:00:00+08:00,2025-07-14T08:04:01+08:00,2025-07-14T08:04:01+08:00,52.9115,53.9432,52.6364,52.1004,50.7,72.2,0.7468,77.7629,26.8377,0.61,0.0,1009.1932
CDD2E280-742D-4824-AE35-BB6470B17270,310104340004,2023-09-05T00:00:00+08:00,2025-07-14T08:04:06+08:00,2025-07-14T08:04:06+08:00,47.9325,49.2998,47.583,46.6393,42.7,63.4,1.0045,75.2148,27.2406,1.0601,0.0,1010.0011
F180F46D-CA82-4DB8-A832-BCFD95E27E3E,310104320001,2023-09-07T00:00:00+08:00,2025-07-14T08:04:31+08:00,2025-07-14T08:04:31+08:00,51.7156,53.0575,51.4406,50.3618,40.3,69.3,0.8591,59.3558,29.089,3.7584,0.0,1011.8083
FA88C3BF-164E-44F5-8D5F-28277AF5DF29,310104340004,2023-09-07T00:00:00+08:00,2025-07-14T08:04:36+08:00,2025-07-14T08:04:36+08:00,47.9712,50.0479,47.2886,46.1829,43.1,67.5,0.9169,71.0064,26.1077,1.8787,0.0,1012.0935
F317DA93-F610-4EE1-9826-6E28A4AC830A,310104320001,2023-09-08T00:00:00+08:00,2025-07-14T08:04:32+08:00,2025-07-14T08:04:32+08:00,51.4572,53.1134,51.131,49.5693,40.4,74.8,0.7502,52.26,28.9339,3.0123,0.0,1011.193
DADFAC15-45C0-4842-9EEC-30673A14D29C,310104340004,2023-09-08T00:00:00+08:00,2025-07-14T08:04:18+08:00,2025-07-14T08:04:18+08:00,46.4334,47.8964,46.1185,45.0445,40.4,63.1,0.593,70.6582,25.478,1.7102,0.0,1011.8938
E2718C1B-FB3C-49CB-B8AA-6109813AEF06,310104330002,2023-09-09T00:00:00+08:00,2025-07-14T08:04:22+08:00,2025-07-14T08:04:22+08:00,56.001,57.6799,55.4024,54.2483,51.0,78.5,0.8749,52.0031,28.4345,1.3845,0.0,1009.2838
BF25EECC-9F4E-475C-969F-58A6FB2AB4FE,310104340004,2023-09-09T00:00:00+08:00,2025-07-14T08:03:54+08:00,2025-07-14T08:03:54+08:00,46.4688,47.9123,46.1986,45.2109,41.2,61.1,0.5403,64.7005,24.878,2.285,0.0,1010.2137
CD55BC8A-FBAA-40FF-9BB3-A27CDA8B8E7D,310104320001,2023-09-10T00:00:00+08:00,2025-07-14T08:04:06+08:00,2025-07-14T08:04:06+08:00,49.4699,51.7781,48.6715,46.8342,39.4,76.4,0.8655,49.3195,29.0414,2.5213,0.0,1007.5795
DAE9F328-3BED-47FD-8C8F-9401D309F6EE,310104330002,2023-09-11T00:00:00+08:00,2025-07-14T08:04:18+08:00,2025-07-14T08:04:18+08:00,57.1638,59.1519,56.5481,54.6007,45.1,83.7,0.9328,63.0763,28.7765,4.7919,0.0933,1006.5204
C29E4756-DCC0-42BC-9AC2-109AD525F94F,310104340004,2023-09-11T00:00:00+08:00,2025-07-14T08:03:58+08:00,2025-07-14T08:03:58+08:00,48.8712,51.4359,47.8456,46.4771,42.2,72.9,0.7066,74.1347,26.114,2.5648,0.0,1007.5101
DFEAC660-74F0-414E-BEB2-68F14439BCFD,310104340004,2023-09-12T00:00:00+08:00,2025-07-14T08:04:21+08:00,2025-07-14T08:04:21+08:00,48.2814,49.9265,47.8568,46.6923,43.5,64.8,0.823,74.4186,26.4638,1.845,0.0,1007.9644
FC21A926-14EF-4501-8D3B-3B118251CD77,310104340004,2023-09-26T00:00:00+08:00,2025-07-14T08:04:37+08:00,2025-07-14T08:04:37+08:00,48.5502,50.5319,48.1318,46.7278,44.0,58.2,0.5668,76.831,25.2188,0.7459,0.0,1014.1024
FED6D77C-D330-440B-9242-CF9A7376CDF0,310104320001,2023-09-27T00:00:00+08:00,2025-07-14T08:04:39+08:00,2025-07-14T08:04:39+08:00,50.789,52.52,50.2523,49.1248,43.5,76.6,0.6376,66.3667,27.6819,0.881,0.035,1012.0214
FD2A31D1-7D3C-4171-976C-061C0EACC867,310104320001,2023-09-28T00:00:00+08:00,2025-07-14T08:04:38+08:00,2025-07-14T08:04:38+08:00,50.9335,52.7932,50.2202,49.213,45.8,79.9,1.1285,65.8909,27.7099,1.3017,0.04,1014.7158
B7091276-ECC1-4A3B-AADD-A47BDBF37707,310104340004,2023-09-28T00:00:00+08:00,2025-07-14T08:03:49+08:00,2025-07-14T08:03:49+08:00,53.5573,55.6674,53.1665,50.9644,44.0,69.0,1.1285,65.8909,27.7099,3.3258,0.04,1014.7158
E7D1B9CD-56A0-43A2-B3C7-9C210DF3D024,310104340004,2023-09-29T00:00:00+08:00,2025-07-14T08:04:26+08:00,2025-07-14T08:04:26+08:00,51.0489,53.6469,50.3819,47.9933,43.6,68.5,1.0432,67.322,27.3872,2.3045,0.0,1013.3326
DCEE6D3A-FFE7-4BA4-B8A7-7933F22096CF,310104320001,2023-09-30T00:00:00+08:00,2025-07-14T08:04:19+08:00,2025-07-14T08:04:19+08:00,45.8107,47.0269,45.4919,45.0183,42.3,60.9,0.7089,76.8622,24.7927,1.4513,0.0,1011.5358
E2940232-735A-4F36-9892-5D1B3FE03ED5,310104340004,2023-09-30T00:00:00+08:00,2025-07-14T08:04:22+08:00,2025-07-14T08:04:22+08:00,46.5095,48.5317,46.0206,44.5275,40.2,68.3,0.7089,76.8622,24.7927,1.8162,0.0,1011.5358
C2F41F1A-4100-4892-A831-6C5D0DE70063,310104320001,2023-10-01T00:00:00+08:00,2025-07-14T08:03:58+08:00,2025-07-14T08:03:58+08:00,46.3082,47.5246,46.0028,45.5588,42.9,59.4,0.7026,65.4397,21.8759,0.5057,0.0,1014.929
B00C0EF8-FEF5-48D3-8D8E-A6C8DE9D5450,310104340004,2023-10-01T00:00:00+08:00,2025-07-14T08:03:45+08:00,2025-07-14T08:03:45+08:00,45.976,47.8161,45.6019,44.2572,38.6,61.8,0.7026,65.4397,21.8759,1.2983,0.0,1014.929
F7915BE0-C5F2-43DE-85B5-9CA48C4DB2A9,310104340004,2023-10-02T00:00:00+08:00,2025-07-14T08:04:35+08:00,2025-07-14T08:04:35+08:00,45.9239,47.735,45.549,44.1654,39.0,60.8,0.7335,52.8844,21.7329,1.2894,0.0,1016.3585
EB0062AF-90E1-474C-9B7B-6D383F989563,310104320001,2023-10-03T00:00:00+08:00,2025-07-14T08:04:28+08:00,2025-07-14T08:04:28+08:00,49.4595,51.4497,48.9167,47.469,43.8,66.1,1.2866,55.6564,24.1429,1.5925,0.0,1013.9692
DB75EB91-2E88-417B-AC2B-14ADDFC055D4,310104330002,2023-10-03T00:00:00+08:00,2025-07-14T08:04:18+08:00,2025-07-14T08:04:18+08:00,50.8441,51.9652,50.5043,49.936,48.1,69.1,0.5769,60.0383,22.166,0.755,0.0,1013.3363
B00567C2-A0DE-4DAA-8699-43FB6B680731,310104320001,2023-10-04T00:00:00+08:00,2025-07-14T08:03:45+08:00,2025-07-14T08:03:45+08:00,44.9406,46.4999,44.2955,43.6366,39.3,71.0,1.1998,61.5916,22.6932,0.3327,0.0,1014.7222
E310A947-9185-46D8-8333-2161BD5C6FCB,310104340004,2023-10-04T00:00:00+08:00,2025-07-14T08:04:22+08:00,2025-07-14T08:04:22+08:00,46.1695,47.8604,45.8755,44.3825,38.7,63.1,1.1998,61.5916,22.6932,1.1306,0.0,1014.7222
C5A5A395-651A-462B-BEFF-AE6C1838EC7E,310104340004,2023-10-05T00:00:00+08:00,2025-07-14T08:03:59+08:00,2025-07-14T08:03:59+08:00,46.3696,48.2619,45.8852,44.6882,39.9,64.8,0.8603,61.1803,21.1024,1.4449,0.0,1016.8099
D2AEB172-9691-478B-8394-69B31A755690,310104320001,2023-10-06T00:00:00+08:00,2025-07-14T08:04:12+08:00,2025-07-14T08:04:12+08:00,51.5761,53.5492,51.1775,49.2158,45.1,65.5,1.578,51.8187,22.3378,2.2762,0.0333,1018.6178
F9A032B7-E489-4886-8F35-F4E23C1EF049,310104330002,2023-10-06T00:00:00+08:00,2025-07-14T08:04:36+08:00,2025-07-14T08:04:36+08:00,61.948,64.5861,61.2147,58.2057,49.3,82.9,1.2633,53.069,22.1638,4.6368,0.0,1017.7669
FA890C34-9021-4352-B2CE-4DA818E6835B,310104340004,2023-10-06T00:00:00+08:00,2025-07-14T08:04:36+08:00,2025-07-14T08:04:36+08:00,50.0929,52.4499,49.3439,47.7988,43.0,69.8,1.578,51.8187,22.3378,1.0552,0.0333,1018.6178
F5873048-4E95-4775-B267-B44363CF5E62,310104320001,2023-10-07T00:00:00+08:00,2025-07-14T08:04:33+08:00,2025-07-14T08:04:33+08:00,46.7275,48.141,46.3432,45.6911,43.5,60.4,1.1468,61.4357,20.5808,0.7401,0.0,1018.588
DC566C1F-4772-4230-B0D8-4D7016BEA7ED,310104340004,2023-10-07T00:00:00+08:00,2025-07-14T08:04:19+08:00,2025-07-14T08:04:19+08:00,57.24,59.8064,56.9059,52.897,45.0,69.7,1.6657,60.9255,20.2224,4.5887,0.2367,1019.1806
F5D21888-4693-47B1-A351-7095AF8300F3,310104320001,2023-10-08T00:00:00+08:00,2025-07-14T08:04:34+08:00,2025-07-14T08:04:34+08:00,46.4078,48.0321,45.9265,45.2833,43.1,60.6,1.0057,71.9868,18.3986,0.8981,0.03,1019.0507
EFA5AA8F-B1FC-4FD1-B49F-0BD8CC3423B8,310104330002,2023-10-08T00:00:00+08:00,2025-07-14T08:04:30+08:00,2025-07-14T08:04:30+08:00,52.9946,53.8899,52.7772,52.2482,50.1,67.1,0.7417,73.803,18.2177,0.4877,0.103,1018.3155
D7A431E0-31FE-4A24-A18B-29C5E25329F1,310104340004,2023-10-08T00:00:00+08:00,2025-07-14T08:04:16+08:00,2025-07-14T08:04:16+08:00,52.7774,55.1745,52.2536,49.6183,44.0,68.0,1.1974,58.6167,21.09,3.1556,0.0,1019.1537
F2F61FC0-6746-4B8D-AEEC-C2BC968AE4BC,310104320001,2023-10-09T00:00:00+08:00,2025-07-14T08:04:32+08:00,2025-07-14T08:04:32+08:00,52.2025,53.84,51.7717,50.5593,45.5,72.4,1.0599,57.4679,21.8398,1.7918,0.0983,1020.6891
C2F00B16-81B8-419C-95C1-9F772EF9E7BA,310104330002,2023-10-09T00:00:00+08:00,2025-07-14T08:03:58+08:00,2025-07-14T08:03:58+08:00,53.2769,54.2814,53.0063,52.437,50.9,72.7,0.5971,67.7824,18.9475,0.5705,0.0,1019.1112
C2883610-0060-4051-B1F0-784FCD3034A3,310104340004,2023-10-09T00:00:00+08:00,2025-07-14T08:03:58+08:00,2025-07-14T08:03:58+08:00,50.7501,52.5819,50.1919,49.0897,43.8,67.6,1.0599,57.4679,21.8398,1.1634,0.0983,1020.6891
C254169D-A56C-4691-A13B-C61BAC09301A,310104340004,2023-10-10T00:00:00+08:00,2025-07-14T08:03:57+08:00,2025-07-14T08:03:57+08:00,46.8569,49.5883,46.0558,44.0681,38.3,67.4,0.6788,57.6057,20.5128,3.3009,0.0,1021.5274
C555D188-1BC7-4A1A-B2C4-24F5961D7009,310104320001,2023-10-11T00:00:00+08:00,2025-07-14T08:03:59+08:00,2025-07-14T08:03:59+08:00,54.5701,57.7772,52.6204,50.4127,46.3,79.6,1.3449,47.4874,22.611,3.4303,0.0,1022.6334
E7E788B4-7B87-4084-8459-5DE85C412D24,310104340004,2023-10-11T00:00:00+08:00,2025-07-14T08:04:26+08:00,2025-07-14T08:04:26+08:00,46.3868,48.2928,45.9217,44.5531,37.6,64.3,0.594,61.1123,19.7047,2.9244,0.0,1022.4419
B1E9158C-E0F0-4F00-854A-DE02E998E120,310104330002,2023-10-12T00:00:00+08:00,2025-07-14T08:03:46+08:00,2025-07-14T08:03:46+08:00,59.0633,61.0017,58.5815,56.7675,50.9,79.3,0.9251,65.6362,21.2784,2.6381,0.0,1020.937
C5B57075-1FDC-4B0B-B24E-3C7349AF18A1,310104330002,2023-10-13T00:00:00+08:00,2025-07-14T08:04:01+08:00,2025-07-14T08:04:01+08:00,53.0208,54.0636,52.7681,52.2017,49.8,64.1,0.5948,80.6196,18.0728,0.8466,0.0,1017.4854
EA7C7921-5534-4FC4-91BC-2088F3664B2F,310104330002,2023-10-14T00:00:00+08:00,2025-07-14T08:04:27+08:00,2025-07-14T08:04:27+08:00,53.8146,54.7646,53.5591,53.006,51.2,67.8,0.4759,77.1923,17.097,0.5208,0.0,1013.5115
D0781438-872D-4CED-A43E-FF7603B60419,310104340004,2023-10-14T00:00:00+08:00,2025-07-14T08:04:10+08:00,2025-07-14T08:04:10+08:00,46.3432,47.8281,46.0483,44.9871,40.1,59.8,0.4599,74.1126,17.6315,2.2764,0.0,1014.4989
F47D5188-0BB7-45CE-A28C-689AD2747394,310104320001,2023-10-15T00:00:00+08:00,2025-07-14T08:04:33+08:00,2025-07-14T08:04:33+08:00,60.4198,63.2081,59.4352,51.9722,40.2,88.7,0.9375,53.9828,22.7884,6.3307,0.0467,1014.5914
CCC3E5BB-3CDB-4C7B-8626-5C5320B6A531,310104340004,2023-10-15T00:00:00+08:00,2025-07-14T08:04:06+08:00,2025-07-14T08:04:06+08:00,46.3676,47.8223,46.0588,45.1233,38.8,59.9,0.3519,68.9826,18.4929,2.8699,0.0,1014.615
D6A07818-EE3E-4716-9001-E63D05721FA0,310104320001,2023-10-16T00:00:00+08:00,2025-07-14T08:04:15+08:00,2025-07-14T08:04:15+08:00,46.2346,47.6694,45.8734,45.1632,42.9,60.1,0.2672,73.6311,18.4,1.3236,0.0,1017.925
D9045780-B3E2-4A57-9875-21A34354333A,310104330002,2023-10-16T00:00:00+08:00,2025-07-14T08:04:17+08:00,2025-07-14T08:04:17+08:00,61.1747,63.509,60.6277,58.1,50.8,76.9,0.6458,44.6858,23.1232,3.8614,0.0,1018.0463
BB3DE115-FCB0-47D4-B5CC-71A614FC7D9A,310104340004,2023-10-16T00:00:00+08:00,2025-07-14T08:03:52+08:00,2025-07-14T08:03:52+08:00,50.6209,52.5752,50.1118,48.8076,43.6,70.4,0.8637,43.3224,23.4441,0.9353,0.0,1018.8824
D10CDABC-C3F9-4FEB-BCFC-A14086452219,310104340004,2023-10-17T00:00:00+08:00,2025-07-14T08:04:11+08:00,2025-07-14T08:04:11+08:00,50.7604,52.628,50.2291,49.0202,44.6,75.2,0.8496,51.2497,23.2933,0.9392,0.0,1020.401
EA323455-D849-44B3-AD32-72D2E5EEBE5D,310104330002,2023-10-18T00:00:00+08:00,2025-07-14T08:04:27+08:00,2025-07-14T08:04:27+08:00,53.2646,54.2821,52.8594,52.2665,50.6,81.4,0.359,74.898,18.4792,0.6283,0.0,1017.6603
F5AF743C-F150-495C-8408-F842712D4098,310104320001,2023-10-19T00:00:00+08:00,2025-07-14T08:04:33+08:00,2025-07-14T08:04:33+08:00,47.4906,48.9235,47.1522,46.4084,44.4,61.6,0.4457,74.6294,20.3461,1.0608,0.0,1016.1937
EEE916A4-F356-48BA-841F-AC08622D3C2A,310104330002,2023-10-19T00:00:00+08:00,2025-07-14T08:04:29+08:00,2025-07-14T08:04:29+08:00,52.8206,53.9537,52.5119,51.9303,50.3,64.9,0.3852,75.5516,20.0765,0.6875,0.0,1015.3159
CC1C7359-BAD2-443A-8BB2-140C5C78B5C4,310104320001,2023-10-20T00:00:00+08:00,2025-07-14T08:04:05+08:00,2025-07-14T08:04:05+08:00,55.5746,60.178,50.9062,48.0067,40.7,78.2,1.7957,66.6182,17.9144,3.1422,0.12,1019.1923
CF5F57E2-33FC-460F-B650-AF79B02F9E92,310104340004,2023-10-20T00:00:00+08:00,2025-07-14T08:04:10+08:00,2025-07-14T08:04:10+08:00,51.0514,52.7802,50.5605,49.539,43.7,69.8,1.1963,52.4083,18.397,0.9444,0.0167,1022.0616
E5E1CDC3-EDAB-49F5-A78A-7129CDC25335,310104320001,2023-10-21T00:00:00+08:00,2025-07-14T08:04:25+08:00,2025-07-14T08:04:25+08:00,52.8054,55.5277,51.6108,49.8349,41.0,72.6,0.8885,36.4852,20.1194,2.5006,0.0,1024.4612
F3C741D1-68C2-43E2-A52A-B70CC5C1F6C2,310104340004,2023-10-21T00:00:00+08:00,2025-07-14T08:04:32+08:00,2025-07-14T08:04:32+08:00,47.653,48.8786,47.4249,46.5163,42.0,64.7,0.6073,54.5059,16.362,1.1255,0.0,1024.0863
BE2FB5BE-F24F-46B7-91C5-28DC031FB183,310104320001,2023-10-22T00:00:00+08:00,2025-07-14T08:03:54+08:00,2025-07-14T08:03:54+08:00,47.3743,48.8426,46.9224,46.192,38.6,60.3,0.3694,62.1604,16.9234,2.4021,0.0,1023.0165
DD5D9626-272D-4255-ACFE-2C2F58B59470,310104340004,2023-10-22T00:00:00+08:00,2025-07-14T08:04:19+08:00,2025-07-14T08:04:19+08:00,51.1381,53.3652,50.4827,49.1041,45.5,74.6,0.7883,47.2774,18.8818,0.8656,0.0133,954.4223
C8C38BD6-D27D-40DC-BB53-1E903B8C7C9C,310104330002,2023-10-23T00:00:00+08:00,2025-07-14T08:04:02+08:00,2025-07-14T08:04:02+08:00,53.4081,54.3407,53.1815,52.6197,48.2,70.3,0.3454,73.3488,17.8875,0.7702,0.0,1019.7932
E7745569-3C4B-4401-BB82-832C703097D6,310104340004,2023-10-23T00:00:00+08:00,2025-07-14T08:04:25+08:00,2025-07-14T08:04:25+08:00,47.711,49.0704,47.4561,46.5267,41.1,59.6,0.4748,70.2744,18.4273,2.0163,0.0,1020.6706
E78718C0-DBD4-49BC-A9F1-8A21386C88BF,310104320001,2023-10-24T00:00:00+08:00,2025-07-14T08:04:26+08:00,2025-07-14T08:04:26+08:00,47.6349,49.737,46.9068,45.8478,39.3,63.3,0.4113,76.4444,19.7127,2.2295,0.0,1018.148
B8D5CFF3-7136-4FA2-8C7E-5A3E0122DAB8,310104340004,2023-10-24T00:00:00+08:00,2025-07-14T08:03:49+08:00,2025-07-14T08:03:49+08:00,47.6998,49.0302,47.4058,46.5654,42.7,59.6,0.4113,76.4444,19.7127,1.5945,0.0,1018.148
E7199FD4-1AD3-4A5C-923B-289F5816C01F,310104320001,2023-10-25T00:00:00+08:00,2025-07-14T08:04:25+08:00,2025-07-14T08:04:25+08:00,46.2975,47.754,45.9038,45.2712,38.1,63.0,0.3021,78.4252,20.1611,2.2387,0.0,1017.1116
F9BA4C87-D91F-45CF-92D5-C56E2A7A3022,310104330002,2023-10-25T00:00:00+08:00,2025-07-14T08:04:36+08:00,2025-07-14T08:04:36+08:00,52.7494,53.7831,52.4913,51.9693,50.3,63.4,0.193,79.5411,19.5958,0.531,0.0,1016.1466
B2EC9D80-0CEF-412F-ADA0-855896E588ED,310104330002,2023-10-26T00:00:00+08:00,2025-07-14T08:03:47+08:00,2025-07-14T08:03:47+08:00,52.824,53.9528,52.5183,51.9732,50.7,67.0,0.3493,80.1084,20.3063,0.5106,0.0,1015.4077
D8202D30-91F6-4341-9D3E-3B55B9FD97EA,310104330002,2023-10-27T00:00:00+08:00,2025-07-14T08:04:16+08:00,2025-07-14T08:04:16+08:00,52.7505,53.7922,52.4633,51.9448,50.5,66.2,0.3061,70.4991,19.6586,0.7014,0.0,1016.327
E66E61A7-BDC3-4C23-9A1E-D877614EDF3D,310104330002,2023-10-29T00:00:00+08:00,2025-07-14T08:04:25+08:00,2025-07-14T08:04:25+08:00,55.4968,56.968,55.0424,53.9778,51.0,77.0,0.931,51.8365,21.4533,0.7893,0.0,1018.6016
BEDF8667-675E-441E-ABA4-E26B33201AF6,310104340004,2023-10-29T00:00:00+08:00,2025-07-14T08:03:54+08:00,2025-07-14T08:03:54+08:00,47.2429,48.6232,46.9661,45.9005,41.5,68.2,0.4284,61.8788,18.1154,1.957,0.0,1019.2378
C44CE799-8132-44B7-9152-AD33E2224B00,310104330002,2023-10-30T00:00:00+08:00,2025-07-14T08:03:59+08:00,2025-07-14T08:03:59+08:00,55.9763,57.455,55.5073,54.4674,51.6,77.7,0.8792,54.1016,22.6373,1.063,0.0,1019.5975
C85DB936-526E-4CC5-96CE-652746C636B4,310104340004,2023-10-31T00:00:00+08:00,2025-07-14T08:04:02+08:00,2025-07-14T08:04:02+08:00,51.8832,53.372,51.507,50.6372,46.4,72.3,1.1316,53.1299,23.5476,0.7275,0.0,1021.2853
E7F65563-03EC-45C9-9123-D91ECBFD1BA7,310104320001,2023-11-02T00:00:00+08:00,2025-07-14T08:04:26+08:00,2025-07-14T08:04:26+08:00,59.1384,63.2776,56.5701,52.3523,45.8,78.8,1.4535,52.7343,23.7403,2.3017,0.0,1015.4659
D264FE18-AC0A-485E-B8DE-C3966A2921B1,310104340004,2023-11-02T00:00:00+08:00,2025-07-14T08:04:11+08:00,2025-07-14T08:04:11+08:00,52.1998,53.797,51.7778,50.7763,46.1,70.6,1.4535,52.7343,23.7403,1.0697,0.0,1015.4659
CE1859CF-4314-46E0-825F-FF3C6E927E1A,310104320001,2023-11-03T00:00:00+08:00,2025-07-14T08:04:08+08:00,2025-07-14T08:04:08+08:00,46.337,47.9442,45.8789,45.0351,38.5,59.5,0.4484,72.9106,20.4012,2.6126,0.0,1013.845
D5F7B4DC-1D39-4E4E-B8AA-55FE7ACC9A78,310104330002,2023-11-03T00:00:00+08:00,2025-07-14T08:04:15+08:00,2025-07-14T08:04:15+08:00,57.2038,58.1706,57.0322,56.2791,50.4,73.2,0.3969,73.8016,20.2406,2.2007,0.0,1013.0307
F709A81F-054C-4C8B-94CA-30696E8C7083,310104320001,2023-11-04T00:00:00+08:00,2025-07-14T08:04:34+08:00,2025-07-14T08:04:34+08:00,55.0064,58.5452,53.0276,49.9826,44.9,75.4,1.2383,66.6903,24.9899,2.4582,0.05,1014.5606
DFB9E032-141C-4A7E-91E1-FE0826B0A112,310104320001,2023-11-05T00:00:00+08:00,2025-07-14T08:04:21+08:00,2025-07-14T08:04:21+08:00,55.3844,59.0795,52.8144,50.5424,45.5,79.6,1.9497,61.9525,25.9536,2.3382,0.0,1010.144
FA1427A1-FF41-450E-BF9B-AE5E7156D684,310104330002,2023-11-05T00:00:00+08:00,2025-07-14T08:04:36+08:00,2025-07-14T08:04:36+08:00,52.5146,53.4509,52.2413,51.7106,50.4,68.5,0.9973,76.5531,22.0409,0.7236,0.0,1012.6323
D14E3E9A-D28D-4D06-AE3A-6508DC4104F4,310104340004,2023-11-06T00:00:00+08:00,2025-07-14T08:04:11+08:00,2025-07-14T08:04:11+08:00,47.8995,49.9696,46.3054,45.2512,39.9,71.8,1.5683,53.3986,16.0249,2.3207,0.0,1017.6967
BFB28C41-EB07-451C-B801-0D249644F80D,310104330002,2023-11-07T00:00:00+08:00,2025-07-14T08:03:55+08:00,2025-07-14T08:03:55+08:00,53.4622,54.4936,53.1715,52.5854,50.6,67.9,0.6307,44.5154,13.0658,0.5488,0.0,1021.3799
C332D5FF-E3BD-4DAF-B45A-91973B945E95,310104320001,2023-11-08T00:00:00+08:00,2025-07-14T08:03:58+08:00,2025-07-14T08:03:58+08:00,54.759,57.7029,53.4231,51.3108,43.9,76.8,1.4477,54.9555,19.4556,3.6724,0.0,1017.4851
E7276D42-57E6-4194-B89F-B1A6986E1B10,310104320001,2023-11-09T00:00:00+08:00,2025-07-14T08:04:25+08:00,2025-07-14T08:04:25+08:00,52.9168,55.2495,51.8231,49.881,42.0,78.7,0.8808,66.2343,19.7221,2.5383,0.0634,1017.429
D7CBA286-6CE5-4268-9193-6AAD536CF6BC,310104330002,2023-11-09T00:00:00+08:00,2025-07-14T08:04:16+08:00,2025-07-14T08:04:16+08:00,55.8385,57.4101,55.3074,54.0735,51.9,77.2,0.6696,67.7192,19.5577,1.0718,0.1433,1016.6121
E475C356-C4E6-4828-AE3C-6E6C594FFE2C,310104320001,2023-11-10T00:00:00+08:00,2025-07-14T08:04:24+08:00,2025-07-14T08:04:24+08:00,58.2026,61.9207,50.7558,46.4989,39.7,87.4,1.7489,68.7837,15.5153,8.0098,0.2384,1022.5129
CF915BB7-A35F-4467-809F-A505F2248640,310104330002,2023-11-10T00:00:00+08:00,2025-07-14T08:04:10+08:00,2025-07-14T08:04:10+08:00,54.373,55.5211,53.996,53.325,51.6,72.5,1.3893,72.8587,15.7469,0.8764,0.4233,1020.747
F10C385F-9235-4CBE-AC4E-50C95E5FAE21,310104330002,2023-11-11T00:00:00+08:00,2025-07-14T08:04:30+08:00,2025-07-14T08:04:30+08:00,56.6369,58.1447,56.2075,55.1871,52.2,73.2,1.6109,56.0464,14.9154,0.8584,0.0,1026.1676
B9BE2FE8-2B4A-45F1-AB84-9495E8FFBC10,310104320001,2023-11-12T00:00:00+08:00,2025-07-14T08:03:51+08:00,2025-07-14T08:03:51+08:00,57.4543,61.2969,54.2611,52.2962,44.2,83.7,1.1623,56.5223,11.3431,4.9981,0.0,1030.2638
D47057EC-F236-4650-B1BF-746FF9044D5B,310104330002,2023-11-12T00:00:00+08:00,2025-07-14T08:04:13+08:00,2025-07-14T08:04:13+08:00,53.9724,55.0727,53.7077,53.0367,51.7,64.9,1.1249,64.3537,10.6599,0.562,0.1734,1028.7978
F2164010-775A-46EF-A6A3-3508A002FDB2,310104320001,2023-11-13T00:00:00+08:00,2025-07-14T08:04:31+08:00,2025-07-14T08:04:31+08:00,47.4803,49.8934,46.3544,45.4355,42.7,70.7,0.8902,43.8799,7.6382,1.5551,0.0,1031.838
D4DE0543-5E77-4EF7-8ADD-D51855DEC73A,310104340004,2023-11-13T00:00:00+08:00,2025-07-14T08:04:13+08:00,2025-07-14T08:04:13+08:00,53.6019,54.8573,53.2619,52.5102,47.7,70.8,1.125,40.8058,10.7524,1.049,0.0,1031.2489
F07EC578-75D3-4E4F-AA80-5464865D47E6,310104320001,2023-11-15T00:00:00+08:00,2025-07-14T08:04:30+08:00,2025-07-14T08:04:30+08:00,50.759,52.4316,50.1183,49.081,44.0,78.6,0.7734,40.6994,14.5755,1.7086,0.0,1026.7322
E17E9FAF-5A72-4C53-BD5C-E1C0C4D293A4,310104330002,2023-11-15T00:00:00+08:00,2025-07-14T08:04:22+08:00,2025-07-14T08:04:22+08:00,53.5537,54.5218,53.3091,52.7599,51.2,71.5,0.3238,63.3827,9.8355,0.5158,0.0,1026.1017
B409BB25-3126-4090-8863-5A047EBC9CF6,310104320001,2023-11-16T00:00:00+08:00,2025-07-14T08:03:48+08:00,2025-07-14T08:03:48+08:00,46.7851,48.4378,46.2193,45.4299,42.2,61.7,0.8748,48.2062,12.3571,0.8735,0.03,1025.5577
F9ACF89E-0B73-4327-A787-77C95BEE5FDA,310104340004,2023-11-16T00:00:00+08:00,2025-07-14T08:04:36+08:00,2025-07-14T08:04:36+08:00,51.2638,51.9904,51.1329,50.5255,46.7,64.6,0.8748,48.2062,12.3571,1.0711,0.03,1025.5577
E80AD829-F13B-4176-A055-7D5F5B29E614,310104330002,2023-11-17T00:00:00+08:00,2025-07-14T08:04:26+08:00,2025-07-14T08:04:26+08:00,57.7882,59.5077,57.1794,56.0852,51.1,73.5,1.6859,31.4138,12.6963,1.8218,0.0,1022.5403
D7848857-DFA4-49DD-BE55-57F14EC6108B,310104340004,2023-11-17T00:00:00+08:00,2025-07-14T08:04:16+08:00,2025-07-14T08:04:16+08:00,51.381,52.3173,51.1475,50.5734,46.3,68.9,0.7983,42.1077,9.2491,0.8177,0.0,1025.293
E0BECB36-819D-4A3B-ADFA-3E4D1087BE7A,310104320001,2023-11-18T00:00:00+08:00,2025-07-14T08:04:21+08:00,2025-07-14T08:04:21+08:00,48.5945,50.945,47.5779,46.2857,42.3,71.4,0.9865,27.5693,11.273,0.7938,0.0,1025.9912
F8A40FB6-9A27-45AC-BADF-FF4AFA2F901A,310104330002,2023-11-18T00:00:00+08:00,2025-07-14T08:04:35+08:00,2025-07-14T08:04:35+08:00,53.9549,54.9001,53.7156,53.0979,51.7,70.2,0.979,35.9728,8.2292,1.031,0.0,1024.5238
F0B2F8A6-5BB7-4851-B7FA-3A24D14D0F33,310104320001,2023-11-19T00:00:00+08:00,2025-07-14T08:04:30+08:00,2025-07-14T08:04:30+08:00,48.4768,50.8206,47.5479,46.0968,41.2,66.0,1.0186,32.7367,15.5251,1.1882,0.0,1020.9972
E3126C4C-3159-465F-9081-35C68B12390E,310104320001,2023-11-20T00:00:00+08:00,2025-07-14T08:04:22+08:00,2025-07-14T08:04:22+08:00,50.6556,52.5378,50.0643,48.9272,43.1,67.5,0.6099,38.8132,17.1885,1.9861,0.0,1022.6053
E93D91F4-2005-4C3F-B7B9-363A0651E78F,310104330002,2023-11-20T00:00:00+08:00,2025-07-14T08:04:27+08:00,2025-07-14T08:04:27+08:00,56.132,57.3998,55.7161,54.8769,52.5,75.7,0.5452,42.545,16.3656,0.8671,0.0,1021.881
AF91BE89-0EFC-4F54-83B6-2D4FD6732B70,310104340004,2023-11-20T00:00:00+08:00,2025-07-14T08:03:45+08:00,2025-07-14T08:03:45+08:00,50.2479,51.285,50.0662,49.262,45.5,66.9,0.3207,61.9498,11.6662,1.1408,0.0,1021.6345
D20F3F57-3C0E-4E23-9D8E-F161BE017E5C,310104330002,2023-11-21T00:00:00+08:00,2025-07-14T08:04:11+08:00,2025-07-14T08:04:11+08:00,53.728,54.6757,53.4904,52.92,51.4,70.4,0.415,71.3058,11.9151,0.485,0.0,1019.2998
F3E6170B-4C85-4103-B99A-99711F4B12FB,310104340004,2023-11-21T00:00:00+08:00,2025-07-14T08:04:32+08:00,2025-07-14T08:04:32+08:00,52.2665,53.4785,52.0004,51.1776,46.5,66.2,0.8965,50.0471,17.6441,1.5107,0.0,1018.4916
C997CD8C-0C05-49FB-B767-81B145964257,310104330002,2023-11-22T00:00:00+08:00,2025-07-14T08:04:04+08:00,2025-07-14T08:04:04+08:00,55.2191,56.5341,54.7923,53.8958,51.8,69.7,0.6425,47.7903,19.5495,0.8254,0.0,1013.9601
DE62B59B-9235-4ED0-A8F0-132BECC3AE92,310104340004,2023-11-22T00:00:00+08:00,2025-07-14T08:04:20+08:00,2025-07-14T08:04:20+08:00,49.6708,50.7261,49.4742,48.6993,44.1,63.1,0.5711,71.2218,14.6188,0.8334,0.0,1015.9405
DC969EA1-3088-4B74-95FD-020DE52FAD85,310104320001,2023-11-23T00:00:00+08:00,2025-07-14T08:04:19+08:00,2025-07-14T08:04:19+08:00,49.9137,51.7464,49.3172,48.0082,42.5,68.8,1.4101,45.242,17.8611,1.4812,0.0,1019.3873
AF2B9578-85E7-48DE-949F-F273CE0731CD,310104330002,2023-11-24T00:00:00+08:00,2025-07-14T08:03:45+08:00,2025-07-14T08:03:45+08:00,53.6308,54.4974,53.3228,52.7759,51.1,73.9,1.1979,48.6905,9.6943,0.5013,0.0,1026.8934
CB0A50F1-7229-4656-B2CA-1E0987E096CC,310104330002,2023-11-25T00:00:00+08:00,2025-07-14T08:04:05+08:00,2025-07-14T08:04:05+08:00,60.5097,63.2529,59.8232,56.4784,52.2,74.0,0.78,50.8877,12.6637,3.7599,0.0,1027.9216
C685465D-6136-4F06-A7E2-FF1FA18E8DBF,310104320001,2023-11-26T00:00:00+08:00,2025-07-14T08:04:01+08:00,2025-07-14T08:04:01+08:00,44.5342,46.2303,43.9001,43.0987,40.8,58.7,0.5734,61.1861,12.0266,0.6372,0.0,1023.4814
E4A6CB78-9C85-46A4-937C-1E47DFB31742,310104330002,2023-11-26T00:00:00+08:00,2025-07-14T08:04:24+08:00,2025-07-14T08:04:24+08:00,59.4882,61.9944,58.8772,55.8399,51.3,78.5,0.7558,56.8909,15.125,3.201,0.0,1020.8238
D57461D6-4E63-4E03-8B7B-E1FB03339C93,310104320001,2023-11-27T00:00:00+08:00,2025-07-14T08:04:13+08:00,2025-07-14T08:04:13+08:00,44.1909,45.7723,43.6379,42.9551,40.0,61.6,0.8275,58.0159,13.224,1.5934,0.0,1019.5
F73E653F-5172-446F-A104-E3C373E47C42,310104330002,2023-11-27T00:00:00+08:00,2025-07-14T08:04:34+08:00,2025-07-14T08:04:34+08:00,57.8705,59.5834,57.3503,55.8125,52.6,83.1,1.1353,44.2541,15.0268,1.8285,0.0,1018.4571
E724A3DD-4130-49EC-A3C1-272145AE0332,310104340004,2023-11-28T00:00:00+08:00,2025-07-14T08:04:25+08:00,2025-07-14T08:04:25+08:00,52.333,53.4619,52.1162,51.3036,47.8,72.4,0.9869,44.7425,14.3071,0.863,0.0,1023.2175
BA35272A-72B6-4F3E-94C0-F3EFD9E3B146,310104320001,2023-11-29T00:00:00+08:00,2025-07-14T08:03:51+08:00,2025-07-14T08:03:51+08:00,50.8863,52.8224,50.2429,48.9474,43.9,69.7,1.6911,44.7583,17.2314,1.3756,0.0,1021.7262
FC7F3E0C-7F47-4695-9FB8-32D5BB9AFB38,310104340004,2023-11-29T00:00:00+08:00,2025-07-14T08:04:38+08:00,2025-07-14T08:04:38+08:00,50.2792,51.4808,49.9498,48.9757,43.9,67.9,1.0993,62.8645,12.2522,1.3911,0.0,1022.3764
E42D1C19-3EF1-4174-AB31-93E93EB24216,310104320001,2023-11-30T00:00:00+08:00,2025-07-14T08:04:22+08:00,2025-07-14T08:04:22+08:00,51.9794,53.4973,51.5103,50.5182,45.1,75.7,1.2816,41.1443,9.3057,1.5232,0.0,1030.4145
BF61F240-21CD-4185-AF28-DAB1334F20F3,310104320001,2023-12-01T00:00:00+08:00,2025-07-14T08:03:55+08:00,2025-07-14T08:03:55+08:00,51.4392,53.0233,50.9513,50.0445,43.1,67.5,1.1171,24.5612,7.321,1.8543,0.0,1030.5646
DD07B063-2C8D-4420-A17D-D0D4D6FF8875,310104320001,2023-12-02T00:00:00+08:00,2025-07-14T08:04:19+08:00,2025-07-14T08:04:19+08:00,50.2948,52.4357,49.3719,48.0947,41.7,82.4,0.7651,28.305,9.929,1.8136,0.0,1027.2696
B5409C89-AA1C-4B94-AA0B-C027233737B7,310104330002,2023-12-02T00:00:00+08:00,2025-07-14T08:03:48+08:00,2025-07-14T08:03:48+08:00,58.544,61.297,57.8693,54.1204,50.7,74.7,0.5171,29.3381,9.692,3.235,0.0,1026.666
D0EE2B60-791E-4565-9743-A5D58C99052E,310104320001,2023-12-03T00:00:00+08:00,2025-07-14T08:04:11+08:00,2025-07-14T08:04:11+08:00,47.1795,48.5074,46.7969,46.1125,41.7,69.6,0.3411,50.8566,7.2558,0.801,0.0,1026.4766
F3BB9F4B-8E2B-4D7F-AEA7-448742621B23,310104330002,2023-12-03T00:00:00+08:00,2025-07-14T08:04:32+08:00,2025-07-14T08:04:32+08:00,58.1952,61.0272,57.3391,53.941,51.1,77.0,0.5122,38.1356,10.8944,3.4294,0.0,1025.7567
B430D78E-00A6-46BA-BCF6-52E7C8A64C90,310104340004,2023-12-03T00:00:00+08:00,2025-07-14T08:03:48+08:00,2025-07-14T08:03:48+08:00,52.7292,54.1476,52.3293,51.5316,47.7,70.4,0.747,35.3948,11.2329,1.066,0.0,1026.5602
C2E37C21-CC16-497D-ADBC-7C9ABC1FC816,310104330002,2023-12-04T00:00:00+08:00,2025-07-14T08:03:58+08:00,2025-07-14T08:03:58+08:00,57.8115,59.4361,57.4313,55.8054,51.1,77.4,0.5628,61.3294,11.3437,2.0097,0.0,1018.4982
BFE31323-51D5-4A4C-95CB-A459862A2AC1,310104340004,2023-12-04T00:00:00+08:00,2025-07-14T08:03:55+08:00,2025-07-14T08:03:55+08:00,54.7595,55.8158,54.4655,53.8571,49.3,71.8,0.7468,58.5112,11.9732,1.2301,0.0,1019.2809
F0080CCD-D3EE-4B36-81C2-46F105202024,310104320001,2023-12-05T00:00:00+08:00,2025-07-14T08:04:30+08:00,2025-07-14T08:04:30+08:00,45.8227,46.971,45.4941,44.9139,40.9,59.1,0.4842,72.6987,8.9434,1.1527,0.0,1017.2989
CF0E654E-FD5A-432B-8311-EF923DE5CCAB,310104340004,2023-12-05T00:00:00+08:00,2025-07-14T08:04:08+08:00,2025-07-14T08:04:08+08:00,54.0948,55.3229,53.7443,53.117,47.7,73.7,0.9152,50.6333,13.1858,1.3589,0.0,1017.0545
BA661080-F31C-4329-9700-7B9029324266,310104340004,2023-12-07T00:00:00+08:00,2025-07-14T08:03:51+08:00,2025-07-14T08:03:51+08:00,53.8002,55.0842,53.4794,52.7253,47.9,69.7,1.5445,40.7087,14.6865,1.0103,0.0,1016.8434
FAB96249-CFAD-4339-ACEE-6827889CFB2E,310104330002,2023-12-08T00:00:00+08:00,2025-07-14T08:04:37+08:00,2025-07-14T08:04:37+08:00,53.6408,54.4278,53.2172,52.7206,51.2,72.6,0.4564,64.8239,12.2815,0.6099,0.0,1013.3935
FC0A9CD6-3267-494F-BE50-A867E5186AF4,310104320001,2023-12-09T00:00:00+08:00,2025-07-14T08:04:37+08:00,2025-07-14T08:04:37+08:00,48.4461,51.3133,47.1309,45.3803,41.0,73.1,0.6055,41.4578,19.8088,1.5115,0.0,1014.6402
D0F99E99-E1AE-400A-AF01-4A1DEB8B70B1,310104340004,2023-12-09T00:00:00+08:00,2025-07-14T08:04:11+08:00,2025-07-14T08:04:11+08:00,48.0942,49.2205,47.8991,47.0939,42.2,62.0,0.4124,60.3426,15.6759,1.9943,0.0,1013.6416
EA2F1DDA-1C6B-4711-8BCD-F29C41C51176,310104330002,2023-12-10T00:00:00+08:00,2025-07-14T08:04:27+08:00,2025-07-14T08:04:27+08:00,53.0394,54.1154,52.5113,51.9745,50.4,72.5,0.7029,76.1641,16.1727,0.8353,0.0,1014.0768
E3465EDA-6CD4-4011-B5DF-0B9A06C93689,310104340004,2023-12-10T00:00:00+08:00,2025-07-14T08:04:22+08:00,2025-07-14T08:04:22+08:00,51.4825,53.7307,50.9284,48.9567,42.2,68.1,0.7118,73.3835,18.0294,2.1716,0.0567,1015.4338
D2207773-D97E-4F7E-8D42-7F115D35259C,310104320001,2023-12-11T00:00:00+08:00,2025-07-14T08:04:11+08:00,2025-07-14T08:04:11+08:00,43.6859,45.5879,42.9462,41.9176,36.9,64.5,0.6995,80.0803,13.7909,2.5664,0.035,1015.0046
F8E3ED52-C7F1-475A-A68A-B580AE170FD3,310104330002,2023-12-11T00:00:00+08:00,2025-07-14T08:04:35+08:00,2025-07-14T08:04:35+08:00,52.5706,53.4631,52.1094,51.5922,50.5,70.4,0.6801,80.871,13.6965,0.9607,0.025,1014.0331
FFC32C83-8564-45D2-AF5A-07DB170C2118,310104340004,2023-12-11T00:00:00+08:00,2025-07-14T08:04:40+08:00,2025-07-14T08:04:40+08:00,54.7204,55.8885,54.4095,53.7666,49.6,67.1,1.4143,74.8898,10.7098,0.9933,0.1633,1018.2313
B5A31B1F-C61E-4DC5-9B22-B4FBB87140D4,310104330002,2023-12-12T00:00:00+08:00,2025-07-14T08:03:48+08:00,2025-07-14T08:03:48+08:00,57.0444,58.5013,56.4023,55.555,51.7,75.9,1.2557,65.4775,6.5667,1.553,0.0,1024.9574
CA464BCE-EE0F-4B44-9C86-C5DBDF8506F4,310104340004,2023-12-12T00:00:00+08:00,2025-07-14T08:04:04+08:00,2025-07-14T08:04:04+08:00,56.9742,57.6938,56.8295,56.3786,47.7,68.9,1.107,64.8584,6.6681,2.5636,0.0,1025.8236
EECB3CB2-72FA-4CF8-8F01-81DD879FBAEC,310104320001,2023-12-14T00:00:00+08:00,2025-07-14T08:04:29+08:00,2025-07-14T08:04:29+08:00,50.2866,52.4371,49.4118,48.1262,43.7,75.9,1.2295,58.5805,19.7267,1.7271,0.0,1015.8685
FD3DCE3F-47BC-472B-85AA-FEF17ABA9A98,310104320001,2023-12-15T00:00:00+08:00,2025-07-14T08:04:38+08:00,2025-07-14T08:04:38+08:00,52.2378,53.6202,51.8719,50.9736,44.9,67.1,1.5353,70.8757,7.6943,1.4229,0.2467,1021.3434
EFC6316E-F148-417C-8E47-52EB1A1414DD,310104330002,2023-12-15T00:00:00+08:00,2025-07-14T08:04:30+08:00,2025-07-14T08:04:30+08:00,57.4377,58.9551,56.7773,55.9195,52.5,73.6,1.8529,71.3701,7.6639,1.0309,0.095,1020.2745
C15AEB36-9067-4544-B83C-EB3C531A33A8,310104340004,2023-12-16T00:00:00+08:00,2025-07-14T08:03:57+08:00,2025-07-14T08:03:57+08:00,54.3693,54.991,54.1938,53.788,47.1,73.3,1.523,59.3668,0.8716,0.9199,0.0367,1032.0531
E118DD0F-6416-4491-B06E-803DBD5B882D,310104320001,2023-12-17T00:00:00+08:00,2025-07-14T08:04:22+08:00,2025-07-14T08:04:22+08:00,47.1503,48.2683,46.8323,46.2487,42.4,60.4,1.1231,42.0736,-0.6375,0.7379,0.0,1037.0061
DB7BF4E0-C7AA-4A4B-AE70-7DBDF5750814,310104330002,2023-12-17T00:00:00+08:00,2025-07-14T08:04:18+08:00,2025-07-14T08:04:18+08:00,53.5482,54.6903,52.8702,52.2471,51.0,69.9,1.3228,42.4336,-0.7137,0.4649,0.0,1036.1999
E029EC44-8DBB-4DAE-B1DC-646239FE87E3,310104340004,2023-12-17T00:00:00+08:00,2025-07-14T08:04:21+08:00,2025-07-14T08:04:21+08:00,53.6783,54.2194,53.5613,53.1921,46.8,67.0,1.1231,42.0736,-0.6375,0.3474,0.0,1037.0061
CAE2F078-F404-4501-BA60-B1E7CE874619,310104320001,2023-12-18T00:00:00+08:00,2025-07-14T08:04:05+08:00,2025-07-14T08:04:05+08:00,47.3986,48.3339,47.1659,46.6286,42.9,57.5,0.8877,54.2037,2.1505,0.4366,0.0,1033.602
FACE29AD-C689-4B04-B973-F668248F4F65,310104330002,2023-12-18T00:00:00+08:00,2025-07-14T08:04:37+08:00,2025-07-14T08:04:37+08:00,58.969,61.376,57.2904,55.8209,52.6,77.2,1.0318,68.8828,4.0939,1.9924,0.2883,1029.8575
FAAA6379-0404-442E-8A4F-8F5391F9B29F,310104320001,2023-12-19T00:00:00+08:00,2025-07-14T08:04:37+08:00,2025-07-14T08:04:37+08:00,53.5194,55.1904,53.0402,52.2079,47.7,71.6,0.828,75.3637,5.427,1.7328,0.1117,1029.2408
EEB56649-B904-4CA6-B289-9426C16980CF,310104330002,2023-12-19T00:00:00+08:00,2025-07-14T08:04:29+08:00,2025-07-14T08:04:29+08:00,54.9591,55.6223,54.1762,53.6437,50.1,76.8,0.9389,77.2632,4.7831,0.89,0.015,1027.7559
E0016B2E-2239-4826-9BDD-723AE7873B3A,310104340004,2023-12-19T00:00:00+08:00,2025-07-14T08:04:21+08:00,2025-07-14T08:04:21+08:00,54.0638,54.5384,53.9684,53.6083,47.4,66.4,0.8582,75.3379,5.0517,1.4439,0.0233,1029.0981
D0A47BAA-3153-4134-82DC-F42EE80108E8,310104340004,2023-12-20T00:00:00+08:00,2025-07-14T08:04:10+08:00,2025-07-14T08:04:10+08:00,55.6094,56.1236,55.4965,55.1603,50.6,69.7,1.0512,56.3047,1.8376,0.3791,0.0,1032.9078
EE0442BA-6150-4F01-956B-592DA2EF8D8A,310104340004,2023-12-22T00:00:00+08:00,2025-07-14T08:04:29+08:00,2025-07-14T08:04:29+08:00,57.0744,57.5407,57.0026,56.661,50.9,68.5,1.1424,38.7267,-3.6008,0.7908,0.0,1040.6465
E1121A94-1631-4D0B-9C63-DCCAB8E66DB3,310104320001,2023-12-23T00:00:00+08:00,2025-07-14T08:04:22+08:00,2025-07-14T08:04:22+08:00,48.3946,49.6551,47.9463,47.4598,43.8,70.1,0.5633,42.6664,-1.1698,1.7332,0.0,1038.648
F41E555B-08E5-488A-BD6C-1021B9D068B0,310104330002,2023-12-23T00:00:00+08:00,2025-07-14T08:04:32+08:00,2025-07-14T08:04:32+08:00,58.3402,60.5449,56.4993,54.2565,51.0,78.9,0.6425,39.1789,1.9235,1.9121,0.0,1036.1426
F3D1B411-8EBA-4980-9F62-569D723407EF,310104340004,2023-12-23T00:00:00+08:00,2025-07-14T08:04:32+08:00,2025-07-14T08:04:32+08:00,57.5466,58.1084,57.4497,57.0855,48.9,68.1,0.5633,42.6664,-1.1698,1.8408,0.0,1038.648
BCDBF5B0-9164-494D-AAF1-EF4911620583,310104320001,2023-12-24T00:00:00+08:00,2025-07-14T08:03:53+08:00,2025-07-14T08:03:53+08:00,49.9294,50.8696,49.6727,49.1991,45.9,61.7,0.5269,48.8342,0.2766,0.7026,0.0,1034.8425
BD0BA1E7-1DE4-415B-B081-3D134AE5F300,310104330002,2023-12-24T00:00:00+08:00,2025-07-14T08:03:53+08:00,2025-07-14T08:03:53+08:00,54.0193,54.1555,52.65,52.1386,51.2,76.7,0.516,50.9199,-0.2817,1.1807,0.0,1034.0623
CDBAB86D-0A59-43C3-A78B-17741D20246B,310104320001,2023-12-25T00:00:00+08:00,2025-07-14T08:04:06+08:00,2025-07-14T08:04:06+08:00,53.1311,54.4641,52.7409,52.0048,46.7,67.7,0.7515,36.5186,5.1389,1.382,0.0,1032.3666
EB9386E0-5CDD-4012-BCA2-356C85EE1045,310104320001,2023-12-26T00:00:00+08:00,2025-07-14T08:04:28+08:00,2025-07-14T08:04:28+08:00,52.6259,53.9538,52.2301,51.5223,47.7,70.0,0.8411,47.6817,7.916,1.4702,0.0,1028.4172
BAD8F4EF-BF41-48EB-859E-C21189FF5290,310104330002,2023-12-26T00:00:00+08:00,2025-07-14T08:03:52+08:00,2025-07-14T08:03:52+08:00,61.207,63.7849,60.1824,57.2634,52.2,76.4,0.8099,50.3709,7.237,3.0473,0.0,1027.8236
F2BA223D-AEBA-4BA6-B0AE-751CC57CD770,310104340004,2023-12-26T00:00:00+08:00,2025-07-14T08:04:32+08:00,2025-07-14T08:04:32+08:00,55.2718,55.7277,55.1901,54.8418,50.7,67.6,0.432,63.746,3.3145,0.5671,0.0,1028.3707
F663EA54-D763-4104-96C1-EC17F2557553,310104330002,2023-12-27T00:00:00+08:00,2025-07-14T08:04:34+08:00,2025-07-14T08:04:34+08:00,59.2883,61.5865,57.76,55.7682,52.0,78.3,0.6677,65.2604,11.2474,2.1565,0.0,1026.6965
CA35A621-6F13-48E7-9043-33FF55FF6939,310104340004,2023-12-29T00:00:00+08:00,2025-07-14T08:04:04+08:00,2025-07-14T08:04:04+08:00,54.4522,55.5507,54.1893,53.5586,44.3,70.8,0.9113,67.0411,9.8742,2.3332,0.0,1025.1597
F37B85A7-61DF-41DD-A6D2-250FA9926C1D,310104320001,2023-12-31T00:00:00+08:00,2025-07-14T08:04:32+08:00,2025-07-14T08:04:32+08:00,46.8608,48.3212,46.4212,45.6929,41.4,58.2,1.0444,67.7648,7.6851,0.8848,0.0,1022.713
C211C7AA-FE2F-44C9-8574-3C6C00DD3517,310104330002,2023-12-31T00:00:00+08:00,2025-07-14T08:03:57+08:00,2025-07-14T08:03:57+08:00,58.4558,61.0691,57.6371,55.2379,50.3,79.0,1.1355,56.5473,7.2099,2.4373,0.0,1025.5384
FF79A2AF-C66B-40E8-9A1C-281A7366DF79,310104320001,2024-01-01T00:00:00+08:00,2025-07-14T08:04:39+08:00,2025-07-14T08:04:39+08:00,47.1622,48.5287,46.7447,46.0526,42.5,58.4,0.7737,58.0197,5.35,0.3601,0.0,1028.2721
BB705B39-FF52-4950-A584-D1B9D365A55E,310104340004,2024-01-01T00:00:00+08:00,2025-07-14T08:03:52+08:00,2025-07-14T08:03:52+08:00,52.6605,54.2709,52.1345,51.3302,45.5,72.5,0.7925,48.0091,7.7399,1.506,0.0,1027.5696
E19A06DF-9D3A-41F9-B1CB-5C116357BCA1,310104330002,2024-01-02T00:00:00+08:00,2025-07-14T08:04:22+08:00,2025-07-14T08:04:22+08:00,56.6736,58.2746,56.1698,54.8805,51.1,77.2,0.8038,57.058,8.9246,1.1985,0.0,1021.0978
B42E885E-ED27-4436-8524-4CBB15EE6D0C,310104340004,2024-01-02T00:00:00+08:00,2025-07-14T08:03:48+08:00,2025-07-14T08:03:48+08:00,50.5301,51.3224,50.358,49.7801,43.0,66.3,0.5833,68.2555,5.6211,1.1758,0.0,1024.1135
DB0B40C1-D91E-4F13-9D19-6CE9FA3A59BD,310104320001,2024-01-03T00:00:00+08:00,2025-07-14T08:04:18+08:00,2025-07-14T08:04:18+08:00,48.4472,49.581,48.1382,47.553,44.1,60.2,0.7115,72.4366,4.9034,0.6457,0.0717,1023.8898
D210AC4F-D959-48FF-801A-B4F015C85FBD,310104330002,2024-01-03T00:00:00+08:00,2025-07-14T08:04:11+08:00,2025-07-14T08:04:11+08:00,53.5297,54.3187,53.268,52.7182,51.2,69.6,0.9262,71.851,5.0615,0.4556,0.0,1022.9009
F3002587-94E6-467A-B6BC-A89C67157982,310104320001,2024-01-04T00:00:00+08:00,2025-07-14T08:04:32+08:00,2025-07-14T08:04:32+08:00,48.1932,49.0985,47.9282,47.5024,44.5,64.9,0.4445,73.6004,3.8229,0.4801,0.0,1024.2725
C7F87420-5A35-42D2-8275-F6F10057B2F9,310104330002,2024-01-04T00:00:00+08:00,2025-07-14T08:04:02+08:00,2025-07-14T08:04:02+08:00,53.6983,54.4447,53.4028,52.9624,51.9,71.4,0.3339,75.6801,3.4612,0.3663,0.0,1023.3788
F9373658-5BBB-4F22-9171-1D4448FBEA05,310104340004,2024-01-04T00:00:00+08:00,2025-07-14T08:04:36+08:00,2025-07-14T08:04:36+08:00,53.3148,54.0725,53.1498,52.6983,44.3,67.9,0.4445,73.6004,3.8229,0.792,0.0,1024.2725
E1D4D6A4-27DA-4D51-B967-5655DD803561,310104320001,2024-01-05T00:00:00+08:00,2025-07-14T08:04:22+08:00,2025-07-14T08:04:22+08:00,52.2279,54.1027,51.5884,50.5248,45.1,69.2,0.69,46.2708,11.5963,1.9714,0.0,1021.0007
B5E196CF-91B9-48E8-81C4-B269241686A6,310104320001,2024-01-06T00:00:00+08:00,2025-07-14T08:03:49+08:00,2025-07-14T08:03:49+08:00,47.6627,48.754,47.3658,46.8171,43.6,57.3,0.503,65.2256,7.4392,0.7151,0.0,1022.6762
E708333E-920E-4BE0-AE94-8FCAEF2C7BAC,310104340004,2024-01-06T00:00:00+08:00,2025-07-14T08:04:25+08:00,2025-07-14T08:04:25+08:00,48.9688,49.8786,48.7383,48.1239,43.7,63.7,0.503,65.2256,7.4392,0.6347,0.0,1022.6762
CE1CD293-E19C-46CE-86CE-B874A2CD00F3,310104320001,2024-01-07T00:00:00+08:00,2025-07-14T08:04:08+08:00,2025-07-14T08:04:08+08:00,49.6259,51.8481,48.7411,47.601,43.9,67.4,0.8427,47.7427,6.3617,0.6784,0.0,1028.977
EA0EEC81-3F0B-4931-A0AB-B94787F64587,310104320001,2024-01-08T00:00:00+08:00,2025-07-14T08:04:27+08:00,2025-07-14T08:04:27+08:00,52.8932,54.53,52.3439,51.4229,45.8,76.8,0.8837,58.2392,7.5616,2.0986,0.015,1023.9282
D7A8F4E4-BF77-4140-96D9-1D46FCACE77B,310104330002,2024-01-08T00:00:00+08:00,2025-07-14T08:04:16+08:00,2025-07-14T08:04:16+08:00,52.9503,53.8235,52.6145,52.149,50.8,68.4,0.3966,65.0288,4.1204,0.5639,0.0,1024.9966
BDAF1749-1E14-4F96-852B-AAC12AB53F0C,310104340004,2024-01-08T00:00:00+08:00,2025-07-14T08:03:54+08:00,2025-07-14T08:03:54+08:00,57.8006,58.3977,57.6516,57.2806,50.5,82.2,0.8837,58.2392,7.5616,2.296,0.015,1023.9282
E434DC28-D5B9-4720-946E-916215DF197F,310104340004,2024-01-09T00:00:00+08:00,2025-07-14T08:04:22+08:00,2025-07-14T08:04:22+08:00,54.1943,55.2033,53.9339,53.3841,45.6,69.5,0.7717,52.4656,11.8175,2.3231,0.0,1018.9097
F51D18CB-16F9-4A41-A488-5EBB708B32AA,310104320001,2024-01-10T00:00:00+08:00,2025-07-14T08:04:33+08:00,2025-07-14T08:04:33+08:00,52.8271,54.2694,52.4323,51.577,44.8,67.5,1.1953,53.1987,5.6203,1.9685,0.0,1025.4179
FF5F2730-3399-496E-8039-F4F563E50581,310104330002,2024-01-10T00:00:00+08:00,2025-07-14T08:04:39+08:00,2025-07-14T08:04:39+08:00,53.3861,54.1696,53.1,52.5606,50.9,69.5,1.0054,59.0602,6.1399,0.3902,0.0,1022.5113
C6CAD447-8E9E-44FF-89B3-0EC85CEC1965,310104320001,2024-01-11T00:00:00+08:00,2025-07-14T08:04:01+08:00,2025-07-14T08:04:01+08:00,52.8887,55.018,52.0487,50.7029,45.9,79.1,1.3066,46.5044,7.7004,2.4494,0.0,1021.3087
EC52D89F-05CC-4591-9320-68AA0074D6CE,310104330002,2024-01-11T00:00:00+08:00,2025-07-14T08:04:28+08:00,2025-07-14T08:04:28+08:00,57.5239,59.4881,57.0112,55.3402,52.0,72.9,0.6954,48.4374,7.4793,2.1186,0.0,1020.4731
C91C3CF3-BFD3-4435-A74D-006FA40D604A,310104340004,2024-01-11T00:00:00+08:00,2025-07-14T08:04:04+08:00,2025-07-14T08:04:04+08:00,57.1304,57.7715,56.9515,56.5577,51.0,76.9,1.3066,46.5044,7.7004,2.3078,0.0,1021.3087
CBBDC348-3588-4143-A419-5FEDF02F7944,310104320001,2024-01-12T00:00:00+08:00,2025-07-14T08:04:05+08:00,2025-07-14T08:04:05+08:00,52.2956,54.3833,51.6188,50.2197,45.0,74.3,0.7961,40.149,13.2537,2.3217,0.0,1019.4716
E43E19E9-CC13-48A5-81D3-FFD2B693FA3B,310104330002,2024-01-12T00:00:00+08:00,2025-07-14T08:04:24+08:00,2025-07-14T08:04:24+08:00,54.1711,55.1795,53.8534,53.2871,51.5,72.1,0.2726,72.1538,5.6793,0.8875,0.0,1018.504
EF9123F2-CCDD-4588-B85E-588C86F363C4,310104340004,2024-01-12T00:00:00+08:00,2025-07-14T08:04:30+08:00,2025-07-14T08:04:30+08:00,52.7081,53.8462,52.3842,51.8602,48.4,69.2,0.343,66.825,6.8111,0.6441,0.0,1019.4657
F3113406-0E5F-460C-8890-56E6BBF8BD79,310104320001,2024-01-13T00:00:00+08:00,2025-07-14T08:04:32+08:00,2025-07-14T08:04:32+08:00,49.7565,52.3763,48.6466,46.8276,43.0,74.4,0.9052,51.4184,13.2667,1.7057,0.0,1023.0933
EE39C39C-562E-4974-885E-1E48B707156D,310104330002,2024-01-13T00:00:00+08:00,2025-07-14T08:04:29+08:00,2025-07-14T08:04:29+08:00,53.1357,53.8538,52.8212,52.3898,51.0,74.3,0.4864,69.3432,7.8079,0.8115,0.0,1020.7127
CCCA77C1-498D-4646-B060-AE4FE2EAD97E,310104340004,2024-01-13T00:00:00+08:00,2025-07-14T08:04:06+08:00,2025-07-14T08:04:06+08:00,50.3796,51.6096,50.0577,49.3024,45.0,65.8,0.5349,62.9881,9.1154,1.5183,0.0,1021.6132
F52EF2E3-6312-4509-84F9-B771F9A3D008,310104330002,2024-01-14T00:00:00+08:00,2025-07-14T08:04:33+08:00,2025-07-14T08:04:33+08:00,53.2105,54.0649,52.9475,52.5039,51.1,69.8,0.9105,73.6389,8.8988,0.295,0.0,1022.0327
D3FEABBD-16B5-478F-89CB-8FF054F08A30,310104320001,2024-01-15T00:00:00+08:00,2025-07-14T08:04:13+08:00,2025-07-14T08:04:13+08:00,53.9653,55.9711,53.4797,51.8711,45.6,77.0,1.429,46.6707,6.1853,2.6937,0.0,1031.281
D47F5440-9580-44ED-BD3E-7A646E2E7E1D,310104330002,2024-01-15T00:00:00+08:00,2025-07-14T08:04:13+08:00,2025-07-14T08:04:13+08:00,52.2488,53.0361,52.0965,51.6184,50.3,62.5,1.2147,61.3237,5.6073,0.3243,0.0,1029.0573
E080D987-3712-4ECE-95A5-98ECF8FD4AA8,310104320001,2024-01-16T00:00:00+08:00,2025-07-14T08:04:21+08:00,2025-07-14T08:04:21+08:00,52.9553,54.8793,52.401,51.2316,45.9,67.9,1.2075,51.4663,9.3636,2.2977,0.0,1028.9695
C051F1B4-7578-4082-AEF2-916AF0213483,310104330002,2024-01-16T00:00:00+08:00,2025-07-14T08:03:55+08:00,2025-07-14T08:03:55+08:00,57.7169,59.8822,57.141,55.0931,51.9,75.7,1.0252,53.7003,9.0937,2.2344,0.0,1028.0232
D2B653A1-3213-4C1C-910D-2FDDAA6EEF20,310104340004,2024-01-16T00:00:00+08:00,2025-07-14T08:04:12+08:00,2025-07-14T08:04:12+08:00,53.5247,54.6272,53.212,52.7471,49.3,68.1,0.7282,60.2371,5.4509,0.4391,0.0,1029.2477
F445FD19-4728-4FD0-89B3-71AA296F8214,310104320001,2024-01-17T00:00:00+08:00,2025-07-14T08:04:33+08:00,2025-07-14T08:04:33+08:00,46.0646,47.2593,45.6797,45.1121,42.6,66.8,0.843,63.8671,9.6727,0.5462,0.0,1023.6239
CCF24F41-D4C1-44CA-A15D-A0B993FB8B35,310104330002,2024-01-17T00:00:00+08:00,2025-07-14T08:04:06+08:00,2025-07-14T08:04:06+08:00,56.139,57.8129,55.6713,54.4048,51.5,73.5,0.95,51.4308,14.6964,1.638,0.0,1020.3367
E86A6655-00F1-4627-AC6C-414352E75246,310104320001,2024-01-18T00:00:00+08:00,2025-07-14T08:04:26+08:00,2025-07-14T08:04:26+08:00,52.9646,54.8173,52.3193,51.1157,44.6,78.3,0.9354,71.0804,9.5241,1.5168,0.2533,1022.3547
DB0B64E4-FA22-4BF3-BEE9-644CBBDDCBEA,310104340004,2024-01-18T00:00:00+08:00,2025-07-14T08:04:18+08:00,2025-07-14T08:04:18+08:00,50.6178,51.4726,50.4693,49.7743,44.1,63.1,1.2516,68.3118,10.3158,2.9117,0.0683,1021.4031
D35DFE9F-177D-4B72-83BF-0635221D6ED3,310104330002,2024-01-19T00:00:00+08:00,2025-07-14T08:04:12+08:00,2025-07-14T08:04:12+08:00,56.4305,57.5493,56.0494,55.3119,53.0,78.7,1.2893,75.0962,9.04,0.7171,0.0733,1020.7709
FAF48D63-E778-4E40-92B7-2F4468F45180,310104320001,2024-01-20T00:00:00+08:00,2025-07-14T08:04:37+08:00,2025-07-14T08:04:37+08:00,49.3397,51.0508,48.7446,48.0022,45.2,64.1,1.1112,77.9954,5.5249,1.3114,0.2167,1024.1915
B3BE85D2-C087-413F-8850-F27A2459797F,310104330002,2024-01-20T00:00:00+08:00,2025-07-14T08:03:47+08:00,2025-07-14T08:03:47+08:00,56.6637,57.8688,56.3031,55.5656,53.0,76.3,1.7436,77.8854,5.3444,0.7286,0.0183,1021.8355
CBB019BA-F0FC-41ED-B433-D9EB0D9C724A,310104330002,2024-01-21T00:00:00+08:00,2025-07-14T08:04:05+08:00,2025-07-14T08:04:05+08:00,54.1798,55.5664,53.6837,53.0362,51.8,77.6,1.4877,74.2144,4.2172,1.2258,0.0,1027.2705
E3F136E5-0A84-46BE-990C-1E0091E063D0,310104340004,2024-01-21T00:00:00+08:00,2025-07-14T08:04:22+08:00,2025-07-14T08:04:22+08:00,54.201,55.1697,53.9532,53.3923,48.4,71.7,1.2372,72.9401,4.5422,1.0123,0.0167,1030.2828
E1B81004-31BB-4296-966D-45FA4AF27E23,310104340004,2024-01-22T00:00:00+08:00,2025-07-14T08:04:22+08:00,2025-07-14T08:04:22+08:00,61.0821,61.5233,61.0101,60.6955,50.6,74.7,1.5542,43.9329,-0.4223,2.0275,0.0,1036.4292
B6075A6A-1FB1-4B80-98E0-2FD1AF1B4C08,310104320001,2024-01-23T00:00:00+08:00,2025-07-14T08:03:49+08:00,2025-07-14T08:03:49+08:00,50.1805,50.9804,49.9726,49.523,47.1,64.5,1.4085,45.8736,-3.1701,0.3622,0.0,1036.7667
DD876C31-ACB1-48E1-B5BA-86D99E5B34BA,310104330002,2024-01-23T00:00:00+08:00,2025-07-14T08:04:19+08:00,2025-07-14T08:04:19+08:00,55.7213,57.252,55.1079,54.3209,51.8,74.0,1.8642,33.4524,-1.5649,1.1621,0.0,1035.2618
D44DEF6B-7D14-495B-B615-B26B4C2EB927,310104340004,2024-01-23T00:00:00+08:00,2025-07-14T08:04:13+08:00,2025-07-14T08:04:13+08:00,60.7506,61.2085,60.6632,60.3583,53.6,73.9,1.559,32.7076,-1.4868,2.2837,0.0,1036.0312
D1076F4F-566B-4BAE-A397-087FF2EE7788,310104320001,2024-01-24T00:00:00+08:00,2025-07-14T08:04:11+08:00,2025-07-14T08:04:11+08:00,53.0722,54.2916,52.6746,51.9673,46.5,78.5,1.2178,32.1004,1.8022,1.5608,0.0,1033.6058
C1778818-F09A-4CEC-9EDB-ACB437078EC3,310104320001,2024-01-25T00:00:00+08:00,2025-07-14T08:03:57+08:00,2025-07-14T08:03:57+08:00,52.499,53.7374,52.0794,51.391,44.9,75.5,0.9119,29.4859,4.5865,1.7177,0.0,1032.4582
FD595F19-35CB-4E80-87E8-C84461FCB163,310104330002,2024-01-25T00:00:00+08:00,2025-07-14T08:04:38+08:00,2025-07-14T08:04:38+08:00,52.7648,53.4255,52.633,52.2178,51.1,64.9,0.515,44.9697,0.9025,0.3385,0.0,1031.8304
CB45EAEF-1D7D-4C20-B69C-E7BD312F7EBA,310104320001,2024-01-26T00:00:00+08:00,2025-07-14T08:04:05+08:00,2025-07-14T08:04:05+08:00,52.6292,54.1078,52.1704,51.4317,44.5,73.3,0.8415,31.9933,6.005,2.1598,0.0,1031.1683
BBB38FBB-FC5E-4155-8309-F5766844CC06,310104330002,2024-01-26T00:00:00+08:00,2025-07-14T08:03:52+08:00,2025-07-14T08:03:52+08:00,52.9853,53.6221,52.8421,52.4294,50.7,73.4,0.2332,56.9635,1.4448,0.4179,0.0,1030.7651
FC91549E-ED88-4E67-B3E6-B9269394E3EE,310104340004,2024-01-26T00:00:00+08:00,2025-07-14T08:04:38+08:00,2025-07-14T08:04:38+08:00,57.7981,58.3591,57.6879,57.332,49.9,72.8,0.8415,31.9933,6.005,2.6667,0.0,1031.1683
EFD85091-23C2-4E0E-A032-C3A0DC6315E7,310104330002,2024-01-27T00:00:00+08:00,2025-07-14T08:04:30+08:00,2025-07-14T08:04:30+08:00,55.2465,56.8699,54.7478,53.5251,51.2,79.0,0.6489,37.3313,5.5755,1.3784,0.0,1029.096
FF79AA24-0B4E-4298-8F0D-4E2521CF2917,310104340004,2024-01-28T00:00:00+08:00,2025-07-14T08:04:39+08:00,2025-07-14T08:04:39+08:00,52.3479,53.8677,51.897,51.0959,43.8,72.2,0.8438,39.2206,7.4142,1.8667,0.0,1030.9598
B5BBA037-29BF-40FA-AF4B-B481917059DF,310104320001,2024-01-29T00:00:00+08:00,2025-07-14T08:03:49+08:00,2025-07-14T08:03:49+08:00,53.3203,54.8889,52.894,51.9273,46.6,71.2,1.1636,50.3504,8.6913,2.0367,0.0867,1027.7991
DBBF8FD2-AD04-4071-87BB-082715EFC50A,310104330002,2024-01-29T00:00:00+08:00,2025-07-14T08:04:18+08:00,2025-07-14T08:04:18+08:00,52.762,53.3995,52.6229,52.2101,51.1,66.8,0.4043,66.0775,5.0629,0.4617,0.2416,1027.8937
B2EB5B2A-B3CA-4959-A883-5CE7DEE88B21,310104320001,2024-01-30T00:00:00+08:00,2025-07-14T08:03:47+08:00,2025-07-14T08:03:47+08:00,47.9549,49.1593,47.5674,47.0719,44.2,60.8,0.7132,81.6323,8.8002,0.403,0.0067,1023.429
EE141BC0-EAD3-46ED-B7C8-A946B052CAFD,310104330002,2024-01-30T00:00:00+08:00,2025-07-14T08:04:29+08:00,2025-07-14T08:04:29+08:00,55.5806,56.7799,55.2599,54.5052,52.0,70.4,0.4726,83.177,9.4466,1.0177,0.0,1021.9105
C6FECCFD-E7DD-4AB3-A6D8-019EF8E49515,310104340004,2024-01-30T00:00:00+08:00,2025-07-14T08:04:01+08:00,2025-07-14T08:04:01+08:00,50.9827,52.0838,50.6876,50.0374,46.7,68.2,0.7132,81.6323,8.8002,0.5577,0.0067,1023.429
D9907399-99EF-4569-B18A-34CA0DC8D235,310104320001,2024-01-31T00:00:00+08:00,2025-07-14T08:04:17+08:00,2025-07-14T08:04:17+08:00,46.8807,48.3832,46.3033,45.5763,42.4,71.7,0.4936,83.9535,10.6646,1.0498,0.0,1020.5844
BA89FCBE-50A4-45B2-BB20-0470E42114F2,310104330002,2024-01-31T00:00:00+08:00,2025-07-14T08:03:52+08:00,2025-07-14T08:03:52+08:00,54.9012,56.091,54.5211,53.7637,51.7,73.7,0.5224,83.6811,11.224,0.752,0.1567,1018.3145
EF5EA5B9-5C10-4F51-B62E-09900D348B15,310104340004,2024-01-31T00:00:00+08:00,2025-07-14T08:04:29+08:00,2025-07-14T08:04:29+08:00,54.0668,55.1657,53.8445,53.2031,48.4,68.5,0.8183,82.3721,11.3306,1.1286,0.1149,1019.5117
EE8FFBE0-C229-4C67-8E02-B0411ADF5054,310104340006,2024-02-01T00:00:00+08:00,2025-07-14T08:04:29+08:00,2025-07-14T08:04:29+08:00,54.9219,55.554,54.777,54.3185,50.8,65.2,1.7195,72.7001,5.5334,0.2431,0.0,1025.8348
E7B51359-F5DF-4BA9-9941-BA070E49466D,310104320001,2024-02-03T00:00:00+08:00,2025-07-14T08:04:26+08:00,2025-07-14T08:04:26+08:00,53.5967,56.3217,52.5495,49.8798,46.9,78.7,0.759,81.2318,5.4582,2.3454,0.1767,1024.7066
C8DCCF57-8157-4D34-8BF0-810B557E9DA3,310104330002,2024-02-05T00:00:00+08:00,2025-07-14T08:04:02+08:00,2025-07-14T08:04:02+08:00,52.7153,53.2613,52.6461,52.2242,50.7,62.5,0.8482,64.4714,1.2617,0.233,0.0,1028.0135
DEDC09F0-9170-48C2-9DBF-3898EA109B16,310104340006,2024-02-05T00:00:00+08:00,2025-07-14T08:04:20+08:00,2025-07-14T08:04:20+08:00,57.7287,58.1034,57.682,57.3766,53.0,67.9,0.915,62.9815,1.3477,0.8963,0.0,1028.9831
DADD0EA7-5AF3-4B8F-9F75-53DB0F6B0507,310104320001,2024-02-06T00:00:00+08:00,2025-07-14T08:04:18+08:00,2025-07-14T08:04:18+08:00,47.7605,48.7858,47.4159,46.9333,44.1,70.8,0.889,63.549,3.6495,0.8014,0.0,1027.2494
DE56666B-4918-46F8-97DA-756736CD8086,310104320001,2024-02-07T00:00:00+08:00,2025-07-14T08:04:20+08:00,2025-07-14T08:04:20+08:00,47.5638,48.6634,47.2275,46.6464,43.3,61.8,0.6422,59.1554,2.4932,0.5745,0.0,1025.532
BB7D915C-3811-4C60-803C-7A859A193274,310104330002,2024-02-07T00:00:00+08:00,2025-07-14T08:03:52+08:00,2025-07-14T08:03:52+08:00,52.3507,53.343,52.0777,51.6749,50.4,66.9,0.5922,60.5328,2.2842,0.7157,0.0,1024.694
FA369325-2747-4422-B030-D7FCEDB7F231,310104320001,2024-02-08T00:00:00+08:00,2025-07-14T08:04:36+08:00,2025-07-14T08:04:36+08:00,47.2311,48.2684,46.9055,46.4152,43.3,62.7,0.1825,62.3716,2.2751,0.6498,0.0,1025.1757
F9607E5F-5F8F-4D58-A4AB-034EDC44EB7B,310104330002,2024-02-08T00:00:00+08:00,2025-07-14T08:04:36+08:00,2025-07-14T08:04:36+08:00,51.5388,52.6202,51.2621,50.5707,49.5,74.3,0.2646,65.3833,2.4865,1.2673,0.0,1024.8393
C194B494-7A2B-4EEA-8B32-6CAD1E8F54C7,310104320001,2024-02-09T00:00:00+08:00,2025-07-14T08:03:57+08:00,2025-07-14T08:03:57+08:00,52.1234,54.1463,51.4502,50.3095,45.2,71.1,0.4983,44.3342,6.7832,1.7149,0.0,1025.8072
BFC6A7F0-3B6A-4642-9FAC-55391B80332F,310104330002,2024-02-09T00:00:00+08:00,2025-07-14T08:03:55+08:00,2025-07-14T08:03:55+08:00,64.8043,68.2731,63.3371,57.7555,48.8,90.4,0.7679,45.5898,6.696,7.7865,0.146,1025.3899
C178FDB7-62F5-4E83-AD37-B8B6ABBA0321,310104320001,2024-02-10T00:00:00+08:00,2025-07-14T08:03:57+08:00,2025-07-14T08:03:57+08:00,47.2485,48.8369,46.6822,46.1225,42.3,59.5,0.2318,55.6728,7.5422,1.1983,0.0,1026.195
C049D018-D1FA-4D1E-A947-7B9D616FD140,310104340006,2024-02-10T00:00:00+08:00,2025-07-14T08:03:55+08:00,2025-07-14T08:03:55+08:00,50.2559,51.211,50.0498,49.4258,43.8,63.7,0.5942,48.2403,8.9969,0.957,0.0,1026.7101
F5D46166-FFD6-4890-81E3-0776DF456ACC,310104340006,2024-02-11T00:00:00+08:00,2025-07-14T08:04:34+08:00,2025-07-14T08:04:34+08:00,50.7116,51.5276,50.5458,49.9596,46.2,63.5,0.5729,56.3103,7.5599,0.5739,0.0,1028.506
BC6AC274-4FF1-4D7F-AEF9-A2666E9B9D6C,310104320001,2024-02-12T00:00:00+08:00,2025-07-14T08:03:53+08:00,2025-07-14T08:03:53+08:00,50.1259,53.069,48.7713,46.9096,43.3,66.8,1.286,42.3711,12.38,1.3243,0.0,1026.4555
EC456755-F517-480A-88E4-AF3D871A6897,310104330002,2024-02-12T00:00:00+08:00,2025-07-14T08:04:28+08:00,2025-07-14T08:04:28+08:00,53.2224,55.7985,51.9447,50.582,48.0,76.0,1.6003,45.222,12.0314,1.734,0.0,1026.0924
C51F5E31-94FB-4BC6-B017-829F6DB9C4B2,310104320001,2024-02-13T00:00:00+08:00,2025-07-14T08:03:59+08:00,2025-07-14T08:03:59+08:00,46.0625,47.4663,45.6155,44.9864,41.1,62.1,0.4478,73.2308,12.9587,1.4203,0.05,1019.315
B5A3A254-D172-4EDC-9098-0DC030F25E9A,310104330002,2024-02-13T00:00:00+08:00,2025-07-14T08:03:48+08:00,2025-07-14T08:03:48+08:00,56.6484,59.7648,55.1524,52.2411,47.6,84.1,1.4101,57.391,15.2485,4.2477,0.0633,1020.8792
EFE95897-7E76-456A-AE1A-C857FDCF4003,310104340006,2024-02-14T00:00:00+08:00,2025-07-14T08:04:30+08:00,2025-07-14T08:04:30+08:00,50.0707,51.8499,49.5844,48.4761,43.4,69.0,0.8429,51.302,19.0557,1.3377,0.0,1018.2894
E7489211-C992-4F6C-8818-5E840EFD7FD0,310104320001,2024-02-15T00:00:00+08:00,2025-07-14T08:04:25+08:00,2025-07-14T08:04:25+08:00,45.0701,46.5093,44.5548,43.8324,39.5,66.5,0.6859,53.57,4.5957,0.9386,0.0,1028.0246
B5949BFA-B04D-4E6D-B1E0-D240209E4040,310104330002,2024-02-15T00:00:00+08:00,2025-07-14T08:03:48+08:00,2025-07-14T08:03:48+08:00,50.7837,52.048,50.363,49.8064,48.3,68.8,0.8206,51.8618,4.8668,1.0866,0.0,1027.2937
B09FE0F5-54D4-4CA2-8C02-93BAFA72490A,310104320001,2024-02-17T00:00:00+08:00,2025-07-14T08:03:45+08:00,2025-07-14T08:03:45+08:00,50.9771,53.6433,49.8827,48.2092,44.1,69.1,1.2579,56.714,11.908,1.8332,0.0,1015.3431
E8F8C5A3-DBEE-4716-82A0-3BA230C0FB12,310104340006,2024-02-17T00:00:00+08:00,2025-07-14T08:04:26+08:00,2025-07-14T08:04:26+08:00,52.9654,54.7641,52.426,51.3487,47.0,70.7,1.3245,56.4836,12.0726,0.9052,0.0,1016.0114
C8F9E584-A7F0-4617-A45A-B9F1A6067372,310104340006,2024-02-18T00:00:00+08:00,2025-07-14T08:04:04+08:00,2025-07-14T08:04:04+08:00,50.1796,51.4047,49.9109,49.1421,41.7,64.9,0.4721,69.6387,16.454,1.4914,0.02,1010.0961
CC1B30D5-6150-4CD2-BF35-B56A31A2FFA6,310104320001,2024-02-19T00:00:00+08:00,2025-07-14T08:04:05+08:00,2025-07-14T08:04:05+08:00,52.606,55.6253,51.076,49.0796,43.9,72.8,1.1117,70.0562,14.7991,2.5444,0.0,1014.7576
E137A1E9-0580-4E8C-9D01-4ACC437EF53B,310104330002,2024-02-19T00:00:00+08:00,2025-07-14T08:04:22+08:00,2025-07-14T08:04:22+08:00,56.7772,59.074,55.961,53.9257,51.0,85.8,1.308,68.5019,15.6724,2.7441,0.0,1014.1679
D2EDF90E-EA2E-417A-99B2-F874A50C457D,310104340006,2024-02-19T00:00:00+08:00,2025-07-14T08:04:12+08:00,2025-07-14T08:04:12+08:00,50.6081,52.1563,50.019,49.218,45.0,67.4,1.6564,78.0188,8.5656,0.7848,0.0,1018.961
F489D121-A490-470F-8DC2-625A1DB81D6C,310104330002,2024-02-20T00:00:00+08:00,2025-07-14T08:04:33+08:00,2025-07-14T08:04:33+08:00,54.4511,57.1403,53.3946,52.3835,51.2,84.5,0.7262,82.7562,8.6648,2.2266,0.05,1014.6606
BB393C2E-E402-4D43-95E7-67E80A461E66,310104340006,2024-02-20T00:00:00+08:00,2025-07-14T08:03:52+08:00,2025-07-14T08:03:52+08:00,56.0104,56.8932,55.7844,55.2644,47.6,75.3,1.4855,76.5341,8.4891,1.9199,0.0117,1018.3976
DCFC3A48-DED1-427F-AC7A-98A79E6EEB42,310104330002,2024-02-21T00:00:00+08:00,2025-07-14T08:04:19+08:00,2025-07-14T08:04:19+08:00,55.907,57.8058,54.8145,53.7402,47.9,75.7,1.1794,79.6758,7.1646,2.1252,0.0,1016.7756
D9CD8ADD-487F-4C8B-8CB6-128F10B383AD,310104340006,2024-02-21T00:00:00+08:00,2025-07-14T08:04:17+08:00,2025-07-14T08:04:17+08:00,57.0966,58.0306,56.8365,56.3664,51.3,67.7,1.4348,77.0843,6.9653,1.8753,0.0957,1018.0826
F1BA0F6B-8D41-412E-AA8C-E5385362DEFF,310104340006,2024-02-22T00:00:00+08:00,2025-07-14T08:04:31+08:00,2025-07-14T08:04:31+08:00,60.0422,60.7393,59.8727,59.5102,53.9,74.0,1.2669,74.321,1.9253,1.4779,0.1933,1028.2651
BC1E94AD-4003-4586-B9C5-47A1C043AEA9,310104330002,2024-02-23T00:00:00+08:00,2025-07-14T08:03:53+08:00,2025-07-14T08:03:53+08:00,63.7475,57.8874,54.5475,53.8015,46.7,109.3,1.2906,74.4046,1.4834,5.1447,0.0833,1029.2635
E84A8999-DBED-4359-B992-66CC91F1E2B2,310104340006,2024-02-23T00:00:00+08:00,2025-07-14T08:04:26+08:00,2025-07-14T08:04:26+08:00,59.5468,60.027,59.4635,59.15,53.5,69.5,1.0568,72.7099,1.6898,1.6779,0.4632,1030.361
CAB091A3-B25B-43B6-B878-6F0D305ABEF6,310104320001,2024-02-24T00:00:00+08:00,2025-07-14T08:04:05+08:00,2025-07-14T08:04:05+08:00,51.0835,52.038,50.8381,50.2975,47.4,63.0,0.7427,69.4321,0.4146,0.4846,0.0,1027.5761
E0394915-C6E7-48DB-9F09-D33120767BDB,310104340006,2024-02-24T00:00:00+08:00,2025-07-14T08:04:21+08:00,2025-07-14T08:04:21+08:00,55.2359,55.7618,55.1339,54.7643,48.9,65.8,1.5722,67.1723,0.3728,0.7169,0.0,1027.9986
D150C5FA-C90E-4846-B8F3-7D5D85A1E3E4,310104320001,2024-02-25T00:00:00+08:00,2025-07-14T08:04:11+08:00,2025-07-14T08:04:11+08:00,51.6786,53.6199,51.0309,50.0327,46.4,68.7,0.6646,61.0303,2.1579,1.1319,0.0,1027.9192
E9840E5A-ED37-45EB-8724-D1165558F527,310104330002,2024-02-25T00:00:00+08:00,2025-07-14T08:04:27+08:00,2025-07-14T08:04:27+08:00,55.9579,59.6137,53.7548,52.7415,50.9,89.9,1.1789,61.7768,1.8937,2.5081,0.0,1027.434
ED03A4E1-D59E-49CA-82A1-A91CE50C7028,310104340006,2024-02-25T00:00:00+08:00,2025-07-14T08:04:28+08:00,2025-07-14T08:04:28+08:00,54.7294,55.6028,54.5426,54.0708,47.1,68.8,1.1549,59.8899,2.0962,0.921,0.0,1028.4587
EE47491D-709A-4E73-AEE3-817E470E85CA,310104330002,2024-02-26T00:00:00+08:00,2025-07-14T08:04:29+08:00,2025-07-14T08:04:29+08:00,55.3483,56.7344,54.858,54.092,51.6,79.9,1.1018,50.5433,6.1889,1.1466,0.0,1027.7887
B743AF11-F7F6-4472-858E-4D9688F29397,310104330002,2024-02-27T00:00:00+08:00,2025-07-14T08:03:49+08:00,2025-07-14T08:03:49+08:00,52.7443,53.8766,52.4698,51.8309,50.7,67.3,0.4559,66.774,5.6506,1.3446,0.0933,1024.9167
CF4CF1C3-2AE2-40A9-8F4C-12910E08F709,310104340006,2024-02-27T00:00:00+08:00,2025-07-14T08:04:08+08:00,2025-07-14T08:04:08+08:00,56.3454,57.0333,56.1679,55.7588,48.9,74.1,1.0531,52.4117,7.5748,1.9739,0.0,1027.4062
EC870FE2-E7C3-44B2-B65C-5EE1DB33CB3C,310104320001,2024-02-29T00:00:00+08:00,2025-07-14T08:04:28+08:00,2025-07-14T08:04:28+08:00,53.9796,55.3708,53.6228,52.7786,48.2,68.0,0.7652,81.92,5.6073,1.063,0.35,1021.5602
F204F965-2E54-4E70-9745-D5AFF978BF40,310104330002,2024-03-01T00:00:00+08:00,2025-07-14T08:04:31+08:00,2025-07-14T08:04:31+08:00,56.123,57.7954,55.5506,54.6552,50.7,76.2,1.455,40.9433,5.0637,1.8482,0.0,1028.5047
FE3C0EA0-2ABB-48A6-B431-704141B113A6,310104330002,2024-03-02T00:00:00+08:00,2025-07-14T08:04:39+08:00,2025-07-14T08:04:39+08:00,53.978,55.4823,53.5285,52.5478,50.3,72.6,0.756,42.1152,6.6949,0.5432,0.0,1023.1352
ED34A059-0C26-4895-A869-CEB622ADA7CF,310104340006,2024-03-02T00:00:00+08:00,2025-07-14T08:04:28+08:00,2025-07-14T08:04:28+08:00,52.7041,53.4215,52.5418,52.0719,43.6,67.2,0.6444,68.2452,4.4341,0.9902,0.0,1021.8059
BA8D06F3-B10B-4F1D-8AD6-C4E001DE66AE,310104340006,2024-03-03T00:00:00+08:00,2025-07-14T08:03:52+08:00,2025-07-14T08:03:52+08:00,52.2977,53.6855,51.9584,51.0428,46.7,68.8,1.2125,41.741,10.9392,1.0177,0.0,1019.7258
E63A6A2A-0773-456E-85FC-D701B02A46FC,310104320001,2024-03-04T00:00:00+08:00,2025-07-14T08:04:25+08:00,2025-07-14T08:04:25+08:00,53.9429,55.6018,53.4894,52.4759,46.8,68.9,1.0734,74.2931,11.1629,1.5343,0.1349,1011.6966
B728AA1A-28E5-4717-AE35-465993F8CE39,310104340006,2024-03-04T00:00:00+08:00,2025-07-14T08:03:49+08:00,2025-07-14T08:03:49+08:00,49.5138,50.4402,49.3176,48.6273,43.2,62.8,0.407,82.7988,11.335,1.4139,0.0,1007.6195
E26128ED-E89D-4EAC-97A1-119F46D71B71,310104320001,2024-03-05T00:00:00+08:00,2025-07-14T08:04:22+08:00,2025-07-14T08:04:22+08:00,48.5032,49.8151,48.0713,47.3671,43.9,66.2,0.8047,82.0249,7.4237,1.8166,0.2183,1014.3142
FB82E52A-88A4-4D71-B406-E912FF41E91E,310104320001,2024-03-06T00:00:00+08:00,2025-07-14T08:04:37+08:00,2025-07-14T08:04:37+08:00,53.1279,55.1274,52.4038,51.4492,44.6,79.7,0.9077,55.4226,8.5759,2.4424,0.0,1018.914
DA18A330-14A1-443C-9634-94CF4649FC1A,310104340006,2024-03-06T00:00:00+08:00,2025-07-14T08:04:17+08:00,2025-07-14T08:04:17+08:00,55.5413,56.3301,55.3653,54.8459,48.1,75.1,1.2781,52.9534,8.9938,2.3842,0.0,1019.2793
CF46B291-C5C9-4508-9868-6473DC8D593C,310104340006,2024-03-08T00:00:00+08:00,2025-07-14T08:04:08+08:00,2025-07-14T08:04:08+08:00,55.0429,56.0539,54.7716,54.2061,47.1,73.5,1.2451,41.3489,9.6326,2.7151,0.0,1024.1234
B8E4A570-B9F5-403F-893A-FB39EE3EDAA2,310104340006,2024-03-10T00:00:00+08:00,2025-07-14T08:03:49+08:00,2025-07-14T08:03:49+08:00,50.6812,51.9565,50.2668,49.5729,46.1,65.6,1.2648,68.9321,8.6655,1.1905,0.0,1021.7246
AFA753FA-B204-440F-8226-7602FF3C540C,310104320001,2024-03-11T00:00:00+08:00,2025-07-14T08:03:45+08:00,2025-07-14T08:03:45+08:00,52.6742,54.8114,51.9901,50.6668,44.3,67.9,0.4229,63.8916,12.2293,2.6567,0.2634,1017.0487
C6E0EA9E-CBDD-49F8-9CBF-17F3FE929CFC,310104340006,2024-03-11T00:00:00+08:00,2025-07-14T08:04:01+08:00,2025-07-14T08:04:01+08:00,49.6892,50.6411,49.4856,48.8257,43.6,62.4,0.4501,64.6413,11.9465,1.5278,0.0,1016.3009
E0985818-62D0-4F83-B14B-33E38F1451E9,310104340006,2024-03-12T00:00:00+08:00,2025-07-14T08:04:21+08:00,2025-07-14T08:04:21+08:00,54.6518,56.132,54.0917,53.241,46.7,78.0,1.376,45.9775,12.3605,1.6184,0.0,1021.2992
D13F2808-8023-4D3C-BCC5-EBFC354F7F63,310104330002,2024-03-13T00:00:00+08:00,2025-07-14T08:04:11+08:00,2025-07-14T08:04:11+08:00,54.3785,56.1642,53.8312,52.9691,51.5,68.4,0.3856,62.2134,9.6356,1.1854,0.0,1019.3741
CEF699FC-1DDC-4A2F-8AC2-53BF06E8089E,310104340006,2024-03-13T00:00:00+08:00,2025-07-14T08:04:08+08:00,2025-07-14T08:04:08+08:00,49.297,50.605,48.9474,48.1212,41.4,63.7,0.5889,60.1993,9.6973,1.3094,0.0,1020.2858
B7BB4DEC-99BB-429E-A1F7-A647F3240F3F,310104340006,2024-03-14T00:00:00+08:00,2025-07-14T08:03:49+08:00,2025-07-14T08:03:49+08:00,54.0271,55.2716,53.6922,52.9374,47.4,70.5,0.8705,53.9931,12.3286,1.4362,0.0033,1020.6196
C95AE16D-5C28-4C9B-85F3-62B459F0C442,310104320001,2024-03-15T00:00:00+08:00,2025-07-14T08:04:04+08:00,2025-07-14T08:04:04+08:00,51.2086,53.6073,50.187,48.8431,42.2,73.6,1.2015,61.6385,14.8224,2.6745,0.0,1021.4136
F33B23B9-8C5E-45CE-AF33-B0E537DF8EA3,310104330002,2024-03-15T00:00:00+08:00,2025-07-14T08:04:32+08:00,2025-07-14T08:04:32+08:00,53.8762,55.876,53.1473,52.101,50.6,71.5,0.7628,80.844,12.3683,1.8096,0.0,1019.7772
C0971590-4395-4D8A-917F-A1CCB4B9851D,310104320001,2024-03-16T00:00:00+08:00,2025-07-14T08:03:55+08:00,2025-07-14T08:03:55+08:00,49.757,52.6641,48.3434,45.8396,41.5,76.0,0.5848,70.4037,16.4701,2.1115,0.0,1016.703
D44F56F8-ECAB-46C7-B2F1-AC25ED8C50B9,310104330002,2024-03-16T00:00:00+08:00,2025-07-14T08:04:13+08:00,2025-07-14T08:04:13+08:00,55.8821,57.4914,55.1735,54.0908,51.9,82.2,0.7277,71.3295,16.3474,0.7952,0.0,1016.3602
B24695B8-F0F4-449D-94A7-0EA6708CD618,310104340006,2024-03-16T00:00:00+08:00,2025-07-14T08:03:46+08:00,2025-07-14T08:03:46+08:00,51.5473,53.325,51.0014,49.8808,44.4,66.7,0.73,68.9056,16.8719,1.633,0.0,1017.3402
C5207775-B924-4EC6-BC70-F042DA1FF72D,310104320001,2024-03-17T00:00:00+08:00,2025-07-14T08:03:59+08:00,2025-07-14T08:03:59+08:00,49.638,52.3698,48.5465,46.7361,42.2,66.3,1.0951,62.1638,11.3665,1.2175,0.1617,1020.9782
AF990E20-6D0A-4750-A89F-B6BB917BFB0E,310104330002,2024-03-17T00:00:00+08:00,2025-07-14T08:03:45+08:00,2025-07-14T08:03:45+08:00,52.5997,53.5279,52.368,51.8826,50.9,67.0,0.7976,56.7173,8.3818,0.4791,0.0,1022.7839
D363FFFF-97F9-49C2-BA58-0CA30157D295,310104340006,2024-03-17T00:00:00+08:00,2025-07-14T08:04:12+08:00,2025-07-14T08:04:12+08:00,45.5108,47.656,44.796,43.6666,37.9,65.2,1.0999,56.052,8.3038,2.7652,0.0,1023.6572
DD10A9B5-5B42-4237-8DD5-9072593B7C11,310104330002,2024-03-18T00:00:00+08:00,2025-07-14T08:04:19+08:00,2025-07-14T08:04:19+08:00,52.6813,53.9029,52.3669,51.6978,50.5,64.8,0.5397,67.5816,9.1428,0.8794,0.0,1021.5785
EDE08131-E294-4BBA-831D-94B2BDDCF5EE,310104320001,2024-03-19T00:00:00+08:00,2025-07-14T08:04:29+08:00,2025-07-14T08:04:29+08:00,46.5124,48.0542,46.0681,45.2868,40.9,64.3,0.2967,35.6068,8.3234,1.045,0.0,1025.5754
F89BB219-1C56-49A9-A346-32F68B63EBBD,310104330002,2024-03-19T00:00:00+08:00,2025-07-14T08:04:35+08:00,2025-07-14T08:04:35+08:00,52.032,53.2627,51.6681,51.1009,50.0,67.0,0.4624,37.6566,8.4357,0.8056,0.0,1025.0112
FC13474F-3D5B-427E-92ED-9C5D3F7578F2,310104340006,2024-03-19T00:00:00+08:00,2025-07-14T08:04:37+08:00,2025-07-14T08:04:37+08:00,46.5444,47.9406,46.1625,45.3491,39.7,64.4,0.9124,32.6916,9.2394,1.3862,0.0,1026.0
B6BD8913-3DDF-492B-9139-CD8337AA23AE,310104320001,2024-03-20T00:00:00+08:00,2025-07-14T08:03:49+08:00,2025-07-14T08:03:49+08:00,51.4716,53.6819,50.5493,49.0795,42.7,75.2,0.9267,34.3506,14.1072,2.8052,0.0,1024.8307
F4CF76F0-3165-4837-A14C-B8473AA3C9F1,310104320001,2024-03-21T00:00:00+08:00,2025-07-14T08:04:33+08:00,2025-07-14T08:04:33+08:00,46.1276,47.7323,45.5905,44.7463,41.8,60.7,1.1441,55.0813,13.045,1.5691,0.0,1010.8601
E850839E-3E1C-429A-B127-18946772FBF7,310104340006,2024-03-21T00:00:00+08:00,2025-07-14T08:04:26+08:00,2025-07-14T08:04:26+08:00,51.3601,52.6715,50.9869,50.196,45.9,67.1,1.4345,54.5951,13.2145,1.0723,0.0,1011.02
DAF3B5FB-1236-4A70-8F3C-1C3307349C77,310104320001,2024-03-22T00:00:00+08:00,2025-07-14T08:04:18+08:00,2025-07-14T08:04:18+08:00,50.9638,53.4704,49.8921,48.3453,42.4,75.6,1.1877,47.247,19.8411,2.7672,0.0,1007.8904
E25D9277-E0DC-4A00-AA2A-8CDC50D15ABD,310104330002,2024-03-22T00:00:00+08:00,2025-07-14T08:04:22+08:00,2025-07-14T08:04:22+08:00,52.8941,53.9994,52.6026,51.9704,50.7,68.3,0.39,65.8175,15.1574,0.6606,0.0,1007.6428
C97438EC-EE78-475B-9ACC-A23979C462E2,310104340006,2024-03-22T00:00:00+08:00,2025-07-14T08:04:04+08:00,2025-07-14T08:04:04+08:00,49.7622,50.7324,49.5577,48.9194,45.2,63.0,0.5713,62.2031,15.9863,1.5889,0.0,1008.4757
DDD84D1C-8D87-4328-82C4-B65EE6B8ECD6,310104320001,2024-03-24T00:00:00+08:00,2025-07-14T08:04:20+08:00,2025-07-14T08:04:20+08:00,49.2152,52.2748,47.7599,45.3887,41.4,70.9,0.5534,68.246,18.6344,1.7346,0.1283,1011.05
CA33BF2D-7C26-4735-861F-DCFF365291AF,310104330002,2024-03-24T00:00:00+08:00,2025-07-14T08:04:04+08:00,2025-07-14T08:04:04+08:00,51.2846,52.3806,50.9982,50.3593,48.9,68.4,0.4624,75.4889,14.7079,1.1627,0.0,1009.3327
E0E30E5F-B694-4BBF-AA40-585AC955EE59,310104340006,2024-03-24T00:00:00+08:00,2025-07-14T08:04:21+08:00,2025-07-14T08:04:21+08:00,50.4554,52.1721,49.9596,48.8083,44.3,72.1,0.8791,66.8396,19.2747,0.8464,0.05,1011.6708
D4A59906-0353-4195-908E-5211C175BBF2,310104320001,2024-03-25T00:00:00+08:00,2025-07-14T08:04:13+08:00,2025-07-14T08:04:13+08:00,52.1518,55.1636,50.4124,48.8219,43.9,83.9,0.8788,64.743,17.2368,2.3118,0.0567,1009.7596
CFE08CFB-926D-4347-AA50-F3F3F7A717FB,310104330002,2024-03-25T00:00:00+08:00,2025-07-14T08:04:10+08:00,2025-07-14T08:04:10+08:00,59.0809,62.2554,56.2174,54.6997,51.5,84.4,1.6518,65.6147,17.0938,3.0854,0.0133,1009.3453
C4F33792-A9D8-4EA6-9CB1-38F2A215B862,310104340006,2024-03-25T00:00:00+08:00,2025-07-14T08:03:59+08:00,2025-07-14T08:03:59+08:00,53.7974,56.2089,52.1431,51.1746,47.4,80.7,1.6172,65.0023,17.036,1.7785,0.0,1010.3562
C6FDC0F2-02B8-4579-BAF8-EB46E8EDA5CA,310104320001,2024-03-27T00:00:00+08:00,2025-07-14T08:04:01+08:00,2025-07-14T08:04:01+08:00,48.1803,50.4328,47.5347,45.3291,41.4,62.9,0.8455,72.6269,12.5156,2.0801,0.0,1010.7617
EDDC0943-D2D2-40FB-95C7-A6C215411FCE,310104340006,2024-03-27T00:00:00+08:00,2025-07-14T08:04:29+08:00,2025-07-14T08:04:29+08:00,50.5524,52.1067,50.1365,49.1802,45.7,66.5,1.0414,71.0706,12.6546,0.9974,0.0683,1011.4941
F26C4C5D-86A8-4820-940D-E57ACB66A4CC,310104320001,2024-03-28T00:00:00+08:00,2025-07-14T08:04:31+08:00,2025-07-14T08:04:31+08:00,51.7502,54.3048,50.7056,48.8864,42.4,74.3,0.4792,73.5216,13.6544,2.763,0.0733,1010.6056
E7EA6449-BFDE-47E4-BE6C-23A50D075A8E,310104320001,2024-03-30T00:00:00+08:00,2025-07-14T08:04:26+08:00,2025-07-14T08:04:26+08:00,48.2338,51.3804,46.681,44.502,40.0,67.5,0.4855,35.4218,25.4593,1.9911,0.0,1009.1271
D76DD141-0528-4908-A6F9-714CC1DB7387,310104330002,2024-03-30T00:00:00+08:00,2025-07-14T08:04:16+08:00,2025-07-14T08:04:16+08:00,54.2757,55.7119,53.8162,52.9369,50.5,73.0,0.63,36.8683,25.0121,1.2087,0.0,1008.9178
B7D41104-D0E6-45D2-9752-8CFB1C1AA84D,310104340006,2024-03-30T00:00:00+08:00,2025-07-14T08:03:49+08:00,2025-07-14T08:03:49+08:00,50.6021,52.6781,49.9843,48.5778,43.2,70.0,0.9933,34.6335,25.5691,1.5216,0.0,1009.6443
C7D7DA53-5535-483E-ACED-6CC33BB28F19,310104320001,2024-04-01T00:00:00+08:00,2025-07-14T08:04:02+08:00,2025-07-14T08:04:02+08:00,46.9698,48.7604,46.2043,45.3876,42.8,59.6,1.4252,62.3598,17.4904,0.6529,0.07,1009.2884
F39F584C-F06E-40A3-B7E3-21D40DC596F0,310104330002,2024-04-01T00:00:00+08:00,2025-07-14T08:04:32+08:00,2025-07-14T08:04:32+08:00,55.4558,57.4442,54.6475,53.5326,51.1,76.8,1.6271,55.386,18.857,0.7152,0.0,1011.0167
C9200372-5603-43F9-A5C9-C119FE8A38EF,310104320001,2024-04-02T00:00:00+08:00,2025-07-14T08:04:04+08:00,2025-07-14T08:04:04+08:00,49.3598,52.0167,48.1836,46.4178,42.2,69.2,0.6368,76.7905,19.9593,1.6943,0.1516,1000.9398
F00DCEDA-6579-4216-82A1-74C0BDC259C6,310104330002,2024-04-02T00:00:00+08:00,2025-07-14T08:04:30+08:00,2025-07-14T08:04:30+08:00,56.0993,58.0688,54.9392,53.7982,51.4,87.4,1.1458,74.1464,19.5296,1.6089,0.24,1002.2406
B73E5FE8-3124-4220-85A4-ECAADC276FDB,310104320001,2024-04-03T00:00:00+08:00,2025-07-14T08:03:49+08:00,2025-07-14T08:03:49+08:00,50.9284,54.0112,49.4467,47.3226,42.0,75.9,0.7726,72.2847,17.2888,2.1154,0.0383,1008.2771
F0C4982C-B017-495D-B387-0C63066472CE,310104330002,2024-04-03T00:00:00+08:00,2025-07-14T08:04:30+08:00,2025-07-14T08:04:30+08:00,56.9834,59.3823,55.6991,54.4649,51.1,78.2,1.4488,70.5196,17.654,1.9013,0.0,1007.8332
C033EDEC-AC59-4B07-BCF5-B1BD56C65161,310104340006,2024-04-03T00:00:00+08:00,2025-07-14T08:03:55+08:00,2025-07-14T08:03:55+08:00,45.5559,47.1846,45.1597,44.0128,38.5,60.4,1.1859,49.0526,13.3842,2.22,0.0,1014.8332
FF9D141B-1815-4155-9CCF-4D897478B302,310104340006,2024-04-04T00:00:00+08:00,2025-07-14T08:04:40+08:00,2025-07-14T08:04:40+08:00,49.2686,51.7403,48.3708,46.7676,42.0,68.3,1.2455,31.5648,15.964,1.1771,0.0267,1017.0918
E76DFBD5-E77C-4BA7-92D8-5241DC472019,310104320001,2024-04-05T00:00:00+08:00,2025-07-14T08:04:25+08:00,2025-07-14T08:04:25+08:00,48.7429,51.8767,47.3057,45.115,40.5,69.7,1.0502,40.3341,15.7864,1.6148,0.0,1017.8118
E811EDD0-39D4-4CDA-8287-3FDB7905910C,310104330002,2024-04-05T00:00:00+08:00,2025-07-14T08:04:26+08:00,2025-07-14T08:04:26+08:00,50.1881,51.1508,49.8879,49.3326,48.4,68.7,0.6017,68.0368,12.9481,0.4749,0.1516,1017.39
F07B0160-3D36-4DD9-AA12-370966F436EB,310104330002,2024-04-07T00:00:00+08:00,2025-07-14T08:04:30+08:00,2025-07-14T08:04:30+08:00,53.3625,54.4782,53.0595,52.5166,51.5,63.2,0.5754,82.16,12.0476,0.2257,0.0383,1014.3096
E5562817-73FA-48E8-973F-0CFCCF66C532,310104340006,2024-04-07T00:00:00+08:00,2025-07-14T08:04:24+08:00,2025-07-14T08:04:24+08:00,48.826,50.7905,48.3133,46.9951,44.2,62.6,0.975,79.5841,12.2176,0.431,0.0833,1015.7493
BAC6F97A-D51A-4CC8-BD96-B52F30F6AE0A,310104320001,2024-04-08T00:00:00+08:00,2025-07-14T08:03:52+08:00,2025-07-14T08:03:52+08:00,53.1221,55.5602,52.3487,50.3673,42.9,72.5,0.5962,77.1942,12.6784,2.6315,0.4416,1016.592
EB170B44-3BDA-448E-841B-371458B90595,310104330002,2024-04-08T00:00:00+08:00,2025-07-14T08:04:28+08:00,2025-07-14T08:04:28+08:00,55.1959,57.1145,54.5178,53.6631,52.2,74.9,0.4278,73.6401,11.8126,2.0718,0.0,1018.7787
DD4076C9-F5E8-4DCB-A4C3-BF3DD11CE67E,310104320001,2024-04-09T00:00:00+08:00,2025-07-14T08:04:19+08:00,2025-07-14T08:04:19+08:00,50.3282,53.0926,49.1527,47.2079,40.8,73.8,0.7937,35.3207,18.6502,2.4381,0.0,1021.5526
E2C5DF84-1121-46EC-94BC-8D424331F07C,310104320001,2024-04-10T00:00:00+08:00,2025-07-14T08:04:22+08:00,2025-07-14T08:04:22+08:00,46.2682,49.5077,44.9081,42.6184,38.8,68.3,0.8468,75.2246,14.8356,3.6889,0.1083,1017.9406
D019DA01-0DB6-4D34-9015-49ABEF22F3D2,310104330002,2024-04-10T00:00:00+08:00,2025-07-14T08:04:10+08:00,2025-07-14T08:04:10+08:00,57.453,60.2459,55.7044,54.1937,50.8,78.9,1.7377,54.6912,17.302,2.4549,0.0,1019.9688
C5BC0025-1206-4B20-AA85-DBEF2ACE26BF,310104340006,2024-04-10T00:00:00+08:00,2025-07-14T08:04:01+08:00,2025-07-14T08:04:01+08:00,47.9157,49.7577,47.339,46.15,42.2,67.6,1.2649,73.7781,14.9183,2.1405,0.085,1018.5878
E3A584D8-5F42-414D-B075-154D3A15CAE3,310104320001,2024-04-11T00:00:00+08:00,2025-07-14T08:04:22+08:00,2025-07-14T08:04:22+08:00,50.3349,53.1046,48.7999,46.6538,40.9,84.3,1.0143,60.9054,19.8834,2.6819,0.0,1015.8627
B63B1783-F89F-4A81-9B01-B229FC2C4228,310104330002,2024-04-11T00:00:00+08:00,2025-07-14T08:03:49+08:00,2025-07-14T08:03:49+08:00,55.1317,56.8246,54.3748,53.3268,50.6,77.8,1.2276,61.4647,19.7566,1.1959,0.0,1015.5177
C3E17407-BF66-429A-B7FE-C2204C325101,310104320001,2024-04-12T00:00:00+08:00,2025-07-14T08:03:58+08:00,2025-07-14T08:03:58+08:00,51.4963,56.0867,48.2568,42.7583,38.1,75.3,0.4106,84.1525,15.5195,5.675,0.0,1013.4267
D2FF4C71-EE17-4E72-B915-B6B2AF2ADBEF,310104320001,2024-04-13T00:00:00+08:00,2025-07-14T08:04:12+08:00,2025-07-14T08:04:12+08:00,56.4809,59.4071,49.2668,45.8852,41.0,83.6,0.9621,77.4165,17.1597,5.5623,0.0,1013.8917
FE61BD15-F115-40C8-854D-3B4FD8006316,310104330002,2024-04-14T00:00:00+08:00,2025-07-14T08:04:39+08:00,2025-07-14T08:04:39+08:00,55.0048,56.9324,54.1574,53.0887,50.4,76.8,1.1653,75.0849,19.8344,1.6414,0.21,1008.167
FE9E274A-38DC-490E-8D14-DBA5CDFCF441,310104320001,2024-04-15T00:00:00+08:00,2025-07-14T08:04:39+08:00,2025-07-14T08:04:39+08:00,48.2546,51.8207,46.6569,43.1602,39.4,66.1,0.6088,71.7695,17.5789,4.1452,0.0,1011.2137
E3BCBD2C-C473-4198-BF49-EC71A636E068,310104330002,2024-04-15T00:00:00+08:00,2025-07-14T08:04:22+08:00,2025-07-14T08:04:22+08:00,55.3834,57.0591,54.7184,53.8659,51.9,76.4,1.164,59.5277,22.9506,0.8944,0.0,1011.3606
D92977AE-7528-4CA7-A6D3-3563CC14B7D9,310104340006,2024-04-15T00:00:00+08:00,2025-07-14T08:04:17+08:00,2025-07-14T08:04:17+08:00,47.568,49.2726,47.1096,46.0748,41.0,66.3,0.8984,71.5545,17.5031,2.7626,0.0,1011.7017
B201BE4C-0C4A-4A73-A5DE-EE6F59CCC2BB,310104330002,2024-04-17T00:00:00+08:00,2025-07-14T08:03:46+08:00,2025-07-14T08:03:46+08:00,55.0563,56.0351,54.8088,54.2933,53.3,64.8,0.4828,77.3346,13.0795,0.0632,0.0,1011.1092
EAC24E35-0AD4-4DF7-83A9-F2D4C0155C5C,310104340006,2024-04-17T00:00:00+08:00,2025-07-14T08:04:28+08:00,2025-07-14T08:04:28+08:00,48.2428,49.8491,47.917,46.814,43.4,60.3,0.524,75.5251,13.3721,0.7036,0.0,1012.0
B13863C6-48B6-4875-85FF-86351B144474,310104340006,2024-04-18T00:00:00+08:00,2025-07-14T08:03:46+08:00,2025-07-14T08:03:46+08:00,49.793,51.4145,49.4527,48.2864,45.5,58.6,0.8344,56.7998,14.8836,0.3814,0.0,1012.8552
B9F20BA2-70FE-48A3-B121-54F3CC6944B9,310104320001,2024-04-19T00:00:00+08:00,2025-07-14T08:03:51+08:00,2025-07-14T08:03:51+08:00,48.7186,52.0915,46.8302,44.262,39.8,71.8,0.8228,78.5337,17.7424,3.6562,0.0383,1002.4277
FE4CC7C9-26CF-40E5-898D-6F3FC4F7C697,310104340006,2024-04-19T00:00:00+08:00,2025-07-14T08:04:39+08:00,2025-07-14T08:04:39+08:00,54.3258,56.7487,53.0571,51.61,47.9,73.8,1.9181,41.8582,18.6692,0.8597,0.2598,1008.5458
B0FB8288-66AA-4F91-96A2-F106EE388910,310104320001,2024-04-20T00:00:00+08:00,2025-07-14T08:03:46+08:00,2025-07-14T08:03:46+08:00,49.6602,52.8386,47.5004,45.2164,41.0,79.6,0.7014,60.638,20.3069,2.2112,0.0,1005.8942
BFC0B4AC-11DB-4D6E-8AA2-F6661D9D5811,310104330002,2024-04-20T00:00:00+08:00,2025-07-14T08:03:55+08:00,2025-07-14T08:03:55+08:00,56.0833,58.4823,54.7197,53.5833,50.5,82.4,1.3465,58.7537,20.8248,1.8239,0.0,1005.5222
EE76FB46-07D6-4439-9C4E-7B9C8286E0A1,310104340006,2024-04-20T00:00:00+08:00,2025-07-14T08:04:29+08:00,2025-07-14T08:04:29+08:00,45.8657,47.9508,45.2583,43.8557,37.8,62.5,0.6207,66.1069,16.3596,3.2699,0.045,1009.3342
B8B9B5B4-7E9F-41AD-9B6E-2420FD4A8FDA,310104340006,2024-04-21T00:00:00+08:00,2025-07-14T08:03:49+08:00,2025-07-14T08:03:49+08:00,48.8611,51.327,48.0682,46.5162,42.9,62.7,0.6344,72.4374,17.1316,0.3784,0.1217,1012.224
C08C9912-B182-48B1-B9CD-4CF085E033B3,310104320001,2024-04-23T00:00:00+08:00,2025-07-14T08:03:55+08:00,2025-07-14T08:03:55+08:00,50.5936,53.4358,48.778,46.6817,41.5,74.9,0.4352,64.6933,19.1148,2.552,0.0283,1008.1446
CC7B0712-1387-4AB9-BF6F-A61FD00C50DF,310104330002,2024-04-24T00:00:00+08:00,2025-07-14T08:04:06+08:00,2025-07-14T08:04:06+08:00,55.0653,56.9456,54.2476,53.2655,50.5,79.2,1.017,30.1821,22.4233,1.1772,0.0,1011.1826
C8853338-2643-4035-84E5-B29CFE7EC15D,310104320001,2024-04-25T00:00:00+08:00,2025-07-14T08:04:02+08:00,2025-07-14T08:04:02+08:00,49.7,52.2459,48.4873,46.7488,42.6,71.5,1.2811,27.7132,21.0384,1.4348,0.0,1008.5712
BC96D4F5-690B-4CAF-8023-D144FEF3E17D,310104320001,2024-04-26T00:00:00+08:00,2025-07-14T08:03:53+08:00,2025-07-14T08:03:53+08:00,52.2721,55.7113,50.616,47.4783,40.4,74.8,0.9966,66.8594,17.799,3.7835,0.0,1006.1207
D492DACF-8F57-4097-BD54-EA5840BCCA2B,310104330002,2024-04-26T00:00:00+08:00,2025-07-14T08:04:13+08:00,2025-07-14T08:04:13+08:00,57.4839,58.1681,54.1284,53.0534,50.5,95.2,0.8386,69.1988,17.5161,3.3225,0.0382,1005.7865
BA9940DC-4BC9-44CD-AFAA-2CDE03865F1F,310104340006,2024-04-26T00:00:00+08:00,2025-07-14T08:03:52+08:00,2025-07-14T08:03:52+08:00,47.9806,50.7594,46.8959,44.7468,38.3,71.0,0.8422,79.1968,16.5052,2.8471,0.0,1008.046
D0E5D094-78E9-409F-AD94-0C7B91F029EC,310104320001,2024-04-27T00:00:00+08:00,2025-07-14T08:04:11+08:00,2025-07-14T08:04:11+08:00,49.8077,53.4924,48.8425,42.6768,39.9,74.2,0.9966,78.8479,17.9489,5.5011,0.0,1010.9158
B5AEBB55-E632-4C02-985F-99B12932A102,310104330002,2024-04-27T00:00:00+08:00,2025-07-14T08:03:49+08:00,2025-07-14T08:03:49+08:00,52.164,53.202,51.8404,51.2798,50.5,63.5,1.046,79.929,17.7106,0.0872,0.0,1010.4564
E7A6EC6C-405F-470B-86E2-E1AD10394313,310104340006,2024-04-27T00:00:00+08:00,2025-07-14T08:04:26+08:00,2025-07-14T08:04:26+08:00,50.537,52.45,50.0382,48.679,42.5,67.5,1.1195,71.3257,19.1038,1.1688,0.0,1009.7971
C135A166-BD22-4B07-808A-3EA7DA14602E,310104320001,2024-04-29T00:00:00+08:00,2025-07-14T08:03:57+08:00,2025-07-14T08:03:57+08:00,51.7968,54.5713,50.8135,48.2066,41.3,71.1,0.601,66.5636,20.5711,3.104,0.0133,1007.8069
BA2FC3ED-6B41-4B8B-9912-05C0E512E98B,310104330002,2024-04-29T00:00:00+08:00,2025-07-14T08:03:51+08:00,2025-07-14T08:03:51+08:00,52.4302,53.3563,52.2368,51.6451,50.6,61.9,0.4515,74.475,18.0632,0.0518,0.0,1008.911
F4FA0754-0758-4867-94D2-9596E91F3DF3,310104340006,2024-04-29T00:00:00+08:00,2025-07-14T08:04:33+08:00,2025-07-14T08:04:33+08:00,48.7029,50.5424,48.2635,46.9574,43.2,63.7,0.8812,70.8734,18.536,0.4352,0.0,1009.8694
E4055408-5F73-4F00-B19C-EE42E43163D0,310104340006,2024-05-01T00:00:00+08:00,2025-07-14T08:04:22+08:00,2025-07-14T08:04:22+08:00,46.6066,49.0919,45.7961,44.061,38.4,65.7,0.5139,45.8917,15.9888,2.4566,0.0,1015.4381
C7A4023D-6FB3-412D-8127-534F76D4F621,310104320001,2024-05-02T00:00:00+08:00,2025-07-14T08:04:02+08:00,2025-07-14T08:04:02+08:00,48.869,52.0539,46.7679,44.8651,41.0,77.3,1.0617,57.4517,18.1362,1.9099,0.0,1016.9145
CBC1A8DC-4A52-43DF-8D34-B9FC7690B04C,310104340006,2024-05-02T00:00:00+08:00,2025-07-14T08:04:05+08:00,2025-07-14T08:04:05+08:00,52.7143,55.1119,52.1834,49.6025,43.6,69.0,1.5531,54.5174,18.6063,2.1904,0.0,1017.5224
E59A7D5F-A130-4823-891A-2DCB9F7D8C9B,310104320001,2024-05-03T00:00:00+08:00,2025-07-14T08:04:24+08:00,2025-07-14T08:04:24+08:00,48.9697,52.6642,47.1536,43.2579,40.3,72.1,0.8099,70.1932,16.5261,3.8656,0.0,1013.9178
D28354A5-591A-4A7B-B690-5A783F2ACE4C,310104340006,2024-05-03T00:00:00+08:00,2025-07-14T08:04:12+08:00,2025-07-14T08:04:12+08:00,51.5116,54.0277,50.5675,48.8796,43.9,74.9,1.5427,46.6978,19.6494,1.1794,0.0,1016.8292
E46B156C-0C6F-4EFE-9A75-98EC1A98AA5F,310104320001,2024-05-04T00:00:00+08:00,2025-07-14T08:04:24+08:00,2025-07-14T08:04:24+08:00,48.5364,51.5056,47.5389,44.4222,40.5,66.0,1.0612,80.4376,17.1644,3.6034,0.0,1007.1889
E898EFA1-5016-4890-9228-2E820B088B1C,310104330002,2024-05-04T00:00:00+08:00,2025-07-14T08:04:26+08:00,2025-07-14T08:04:26+08:00,52.044,53.4422,51.4714,50.756,49.2,70.5,1.356,81.0004,17.1786,0.4302,0.0,1006.994
D0614614-1C5B-4B94-A710-877FDEE8E372,310104340006,2024-05-06T00:00:00+08:00,2025-07-14T08:04:10+08:00,2025-07-14T08:04:10+08:00,51.9012,53.7532,50.3878,49.0829,44.9,89.2,1.0271,47.733,24.0516,1.8063,0.0,1012.157
CD8E3EED-E830-44C1-8295-C5479DF5C351,310104320001,2024-05-07T00:00:00+08:00,2025-07-14T08:04:06+08:00,2025-07-14T08:04:06+08:00,43.7598,46.3509,42.5352,41.2159,39.5,57.3,0.3251,55.45,19.4702,0.3125,0.0,1016.6592
DE708920-BBB4-4CDD-867B-6D1B0C78D611,310104330002,2024-05-07T00:00:00+08:00,2025-07-14T08:04:20+08:00,2025-07-14T08:04:20+08:00,51.857,52.728,51.5928,50.9451,50.0,69.5,0.3674,60.5059,19.7914,0.5305,0.0,1016.0
FC8D5799-5290-4D82-9D3E-34451E85EB04,310104320001,2024-05-08T00:00:00+08:00,2025-07-14T08:04:38+08:00,2025-07-14T08:04:38+08:00,49.3134,52.0079,47.9761,46.2339,40.8,71.0,0.9383,43.0258,21.0907,1.79,0.0,1018.5351
C164EBC9-4E5E-47D0-9CDD-E054AA108B9B,310104330002,2024-05-08T00:00:00+08:00,2025-07-14T08:03:57+08:00,2025-07-14T08:03:57+08:00,52.0322,53.0285,51.7976,51.1542,50.2,66.3,0.4188,64.3572,16.3342,0.1632,0.0,1019.8097
DECD705C-4C85-4E00-AF74-42229A655ADE,310104340006,2024-05-08T00:00:00+08:00,2025-07-14T08:04:20+08:00,2025-07-14T08:04:20+08:00,51.219,53.4505,50.3715,48.9706,43.8,75.0,1.7156,40.7227,21.3636,1.0378,0.0,1018.9341
D09093D4-6E6B-4B91-87D8-EF87C60C7181,310104340006,2024-05-09T00:00:00+08:00,2025-07-14T08:04:10+08:00,2025-07-14T08:04:10+08:00,49.7318,51.5828,49.303,47.9601,44.8,59.3,1.2692,59.1268,16.9818,0.2961,0.0,1018.2116
CF491746-750E-4A92-A693-DB5586026C8E,310104330002,2024-05-10T00:00:00+08:00,2025-07-14T08:04:08+08:00,2025-07-14T08:04:08+08:00,52.2805,53.3693,51.9869,51.2106,50.1,63.7,1.1594,65.3458,20.2549,0.5039,0.0,1011.8038
EC83606E-A476-4B44-9142-4521FDE20F63,310104340006,2024-05-11T00:00:00+08:00,2025-07-14T08:04:28+08:00,2025-07-14T08:04:28+08:00,48.6264,50.8368,48.0046,46.7098,40.9,64.7,1.1967,78.9209,20.1916,2.0054,0.0,1010.4243
FF59B0CA-ECD4-40FD-9A36-9992B421EDF6,310104320001,2024-05-12T00:00:00+08:00,2025-07-14T08:04:39+08:00,2025-07-14T08:04:39+08:00,50.2774,52.4209,49.4749,48.0829,40.9,68.9,0.7298,42.8022,19.8014,3.1062,0.0617,1013.4081
FD9118ED-F58A-4AFB-A337-5836545DCF5D,310104330002,2024-05-13T00:00:00+08:00,2025-07-14T08:04:38+08:00,2025-07-14T08:04:38+08:00,53.545,55.0879,52.9768,51.9979,49.4,70.5,1.0086,33.4127,22.7759,0.8879,0.0,1015.1052
EDB26F40-8776-44C7-BBB0-664B83759784,310104320001,2024-05-14T00:00:00+08:00,2025-07-14T08:04:28+08:00,2025-07-14T08:04:28+08:00,43.5768,46.1036,42.5687,41.4606,39.8,54.0,0.6993,53.5554,18.4074,0.2266,0.0,1014.355
E4AF5A08-9189-4BD5-81BF-4F4F07147D3D,310104340006,2024-05-14T00:00:00+08:00,2025-07-14T08:04:24+08:00,2025-07-14T08:04:24+08:00,51.4265,53.3242,50.3858,49.0519,45.0,86.6,1.1657,31.768,23.8414,1.1392,0.0,1014.9144
B1EB7E49-82B2-4CEF-8000-2D0D36902432,310104320001,2024-05-15T00:00:00+08:00,2025-07-14T08:03:46+08:00,2025-07-14T08:03:46+08:00,51.3293,53.9488,49.828,48.1152,41.0,75.1,1.0833,41.5237,21.0966,2.4009,0.0,1017.7122
E3F6B0F8-0CEA-45BB-AC57-2E9D12389FE0,310104330002,2024-05-15T00:00:00+08:00,2025-07-14T08:04:22+08:00,2025-07-14T08:04:22+08:00,52.5708,53.6159,52.3281,51.7206,50.0,64.4,0.466,35.3382,17.52,0.2221,0.0,1020.0
E61B906D-5480-4A9E-95B1-66D0992E5174,310104330002,2024-05-16T00:00:00+08:00,2025-07-14T08:04:25+08:00,2025-07-14T08:04:25+08:00,53.4868,54.9854,52.9214,51.9458,49.8,74.0,1.3828,26.375,22.5959,0.7372,0.0,1014.8871
C6688D30-7547-4851-8DD2-9157FA26624E,310104330002,2024-05-18T00:00:00+08:00,2025-07-14T08:04:01+08:00,2025-07-14T08:04:01+08:00,51.8439,53.0903,51.4707,50.8266,49.5,72.1,0.7319,76.3692,19.5932,0.9732,0.0,1010.6068
B7E51EBC-DB1F-4E9C-AF16-AD48A1E432FD,310104320001,2024-05-19T00:00:00+08:00,2025-07-14T08:03:49+08:00,2025-07-14T08:03:49+08:00,49.3143,51.9756,48.0911,46.211,40.9,68.5,1.1613,57.8251,23.8969,2.3229,0.0,1010.8793
FD4058EE-D244-4B64-AE56-783A06C6478B,310104340006,2024-05-19T00:00:00+08:00,2025-07-14T08:04:38+08:00,2025-07-14T08:04:38+08:00,53.6409,57.3357,52.0525,47.8082,42.0,72.2,0.612,70.1086,21.6433,0.9971,0.0,1013.5136
C5C90427-41C6-4718-B5D6-F5F1E785B493,310104320001,2024-05-20T00:00:00+08:00,2025-07-14T08:04:01+08:00,2025-07-14T08:04:01+08:00,43.6828,46.0928,42.7425,41.5712,40.2,58.3,0.9572,74.6906,22.7511,0.7924,0.0,1014.004
F038B5DB-41C3-4788-9004-AB48509F65A3,310104330002,2024-05-20T00:00:00+08:00,2025-07-14T08:04:30+08:00,2025-07-14T08:04:30+08:00,51.5603,52.418,51.3901,50.9069,50.0,58.0,1.0581,76.1015,22.3754,0.166,0.0,1013.8346
C9495EF9-6921-43FF-8ACB-BB1F80FBC612,310104340006,2024-05-20T00:00:00+08:00,2025-07-14T08:04:04+08:00,2025-07-14T08:04:04+08:00,54.5729,57.9692,53.4128,49.4177,43.1,66.1,0.6646,72.1382,23.2188,0.7931,0.0,1016.8084
EB7E9461-C19C-4A4B-AE54-5C5A2E992386,310104330002,2024-05-21T00:00:00+08:00,2025-07-14T08:04:28+08:00,2025-07-14T08:04:28+08:00,54.1457,55.5194,53.6731,52.7516,49.9,69.5,1.0635,58.5137,23.77,1.0236,0.0,1014.3386
D5C6624E-86AD-4D7A-8A21-C14AC6E29EC2,310104340006,2024-05-21T00:00:00+08:00,2025-07-14T08:04:15+08:00,2025-07-14T08:04:15+08:00,53.9164,57.6559,52.3473,48.0504,42.5,71.1,0.4566,58.8049,21.6464,0.9287,0.0,1017.0998
E4C359B5-10A5-4390-B018-307CE2E9B531,310104320001,2024-05-22T00:00:00+08:00,2025-07-14T08:04:24+08:00,2025-07-14T08:04:24+08:00,50.6754,53.793,48.6854,46.7447,40.6,75.8,0.9739,54.4112,24.0863,2.6547,0.0,1012.4578
C52A745D-2F46-4C48-846D-BC14FF87760A,310104330002,2024-05-22T00:00:00+08:00,2025-07-14T08:03:59+08:00,2025-07-14T08:03:59+08:00,51.6463,52.7811,51.2821,50.7176,49.6,66.9,0.7487,72.9022,21.0332,0.0926,0.0,1011.2272
EF8EAD8D-39DC-4D12-B890-31AFA2E287EC,310104320001,2024-05-23T00:00:00+08:00,2025-07-14T08:04:30+08:00,2025-07-14T08:04:30+08:00,51.0699,54.1032,49.1604,46.9112,40.6,75.9,1.0161,60.8296,24.0654,2.8019,0.0,1009.2118
F3616ACE-3226-402A-B5FB-BD102F1B0B4F,310104330002,2024-05-23T00:00:00+08:00,2025-07-14T08:04:32+08:00,2025-07-14T08:04:32+08:00,51.7534,52.7895,51.5021,50.935,49.8,64.5,1.2768,75.4292,21.2006,0.0544,0.0,1009.9086
D0DA8D1E-2F5E-4763-9C33-0607FB43B103,310104340006,2024-05-23T00:00:00+08:00,2025-07-14T08:04:10+08:00,2025-07-14T08:04:10+08:00,57.8977,60.1521,57.3377,54.9942,45.0,74.7,0.643,55.9058,25.4738,1.1815,0.0,1011.7381
E5219CB8-FDB2-4B1F-A9D0-D1DE47D425EC,310104320001,2024-05-24T00:00:00+08:00,2025-07-14T08:04:24+08:00,2025-07-14T08:04:24+08:00,49.6006,51.6897,48.8177,47.2746,41.3,68.5,1.1566,59.5821,24.8449,1.7754,0.0,1010.6362
CAE17817-F1B6-45DB-97AE-702B7792A1BD,310104330002,2024-05-24T00:00:00+08:00,2025-07-14T08:04:05+08:00,2025-07-14T08:04:05+08:00,51.6422,52.5518,51.4701,50.7722,49.7,61.6,1.0268,73.4404,21.9056,0.2181,0.0,1012.0
EE7A46D4-9783-4E32-A16A-95DA8F3FBD11,310104320001,2024-05-25T00:00:00+08:00,2025-07-14T08:04:29+08:00,2025-07-14T08:04:29+08:00,46.8133,50.6052,44.3126,41.5803,38.2,71.1,1.1038,77.5604,22.7352,3.7763,0.0,1006.3087
DC06DC01-852A-40BB-BD23-8B58F8D01E1A,310104330002,2024-05-25T00:00:00+08:00,2025-07-14T08:04:18+08:00,2025-07-14T08:04:18+08:00,52.267,53.3354,51.941,51.3,49.7,69.6,1.5124,78.8234,22.4349,0.7004,0.0,1006.1848
B8F7846D-21C5-4D69-929A-1D6D087E66ED,310104320001,2024-05-26T00:00:00+08:00,2025-07-14T08:03:51+08:00,2025-07-14T08:03:51+08:00,41.3759,41.4294,41.1115,40.9027,38.9,64.8,0.5214,84.586,25.26,0.0875,0.1067,1003.2876
F118062E-AFDF-4D83-83F5-A728803D4A90,310104320001,2024-05-27T00:00:00+08:00,2025-07-14T08:04:31+08:00,2025-07-14T08:04:31+08:00,52.8329,55.3157,50.575,48.7938,41.1,81.4,1.2128,67.4882,19.4864,3.7737,0.35,1004.5763
E2F8A24E-553A-4093-BA15-7BF5BD96042A,310104330002,2024-05-27T00:00:00+08:00,2025-07-14T08:04:22+08:00,2025-07-14T08:04:22+08:00,52.1353,52.8518,51.969,51.5068,50.7,63.3,0.794,55.735,18.6094,0.164,0.0,1005.0
D660AB89-6730-4783-8E6C-5C4B76EC4F0F,310104340006,2024-05-27T00:00:00+08:00,2025-07-14T08:04:15+08:00,2025-07-14T08:04:15+08:00,58.2723,60.7977,57.6229,54.8643,45.0,76.0,0.7118,64.6491,20.2631,1.4884,0.1283,1006.9459
EF94A08E-FE18-40E7-AFFB-089F99D83278,310104320001,2024-05-28T00:00:00+08:00,2025-07-14T08:04:30+08:00,2025-07-14T08:04:30+08:00,50.2856,52.7814,49.1429,47.3624,40.3,76.2,0.8991,33.0518,23.9359,2.5319,0.0,1008.8598
F2DE282B-8C80-4D1F-A72C-2B1D2A323473,310104330002,2024-05-28T00:00:00+08:00,2025-07-14T08:04:32+08:00,2025-07-14T08:04:32+08:00,51.2014,52.329,50.8598,50.2433,49.5,63.3,0.2624,43.0713,20.7454,0.4538,0.0,1011.0
E6BAE6FE-1E92-43ED-916B-F5623E56F8ED,310104340006,2024-05-28T00:00:00+08:00,2025-07-14T08:04:25+08:00,2025-07-14T08:04:25+08:00,54.9914,58.591,53.6986,49.3143,43.4,70.0,0.2581,36.4906,21.6164,1.0459,0.0,1013.3836
B94CBC8B-6114-4CB7-83BD-B5183207FE9E,310104340006,2024-05-30T00:00:00+08:00,2025-07-14T08:03:51+08:00,2025-07-14T08:03:51+08:00,57.8922,60.4173,57.1488,54.461,46.6,80.9,0.672,50.5336,25.7286,0.8511,0.0,1009.3052
C8D54874-17BA-458C-BA0F-7ECCD9400728,310104320001,2024-05-31T00:00:00+08:00,2025-07-14T08:04:02+08:00,2025-07-14T08:04:02+08:00,46.9023,50.982,44.2124,40.8222,37.8,69.2,0.2982,81.403,19.6891,4.1627,0.0,1013.0428
DA316DE1-DE87-4DE5-80B0-61D97E841CA4,310104330002,2024-05-31T00:00:00+08:00,2025-07-14T08:04:17+08:00,2025-07-14T08:04:17+08:00,56.8062,56.9427,55.6469,54.9623,50.9,89.6,0.6611,74.8574,21.4711,2.9568,0.405,1011.0649
ED5BBB3C-EFD8-447E-96AD-1BFE9F48AA4D,310104330002,2024-06-01T00:00:00+08:00,2025-07-14T08:04:28+08:00,2025-07-14T08:04:28+08:00,53.8515,55.2821,53.3818,52.5623,50.7,72.3,0.8918,61.0049,22.9092,0.5911,0.0,1013.1873
DA4E566B-3186-471E-B515-A16B7129CF92,310104340006,2024-06-01T00:00:00+08:00,2025-07-14T08:04:17+08:00,2025-07-14T08:04:17+08:00,53.1575,57.1795,51.2162,46.1316,38.5,72.7,0.264,64.4031,19.8711,1.7577,0.0,1015.2923
ECE05EC1-3DAD-4778-9470-71B8BF8484CF,310104330002,2024-06-02T00:00:00+08:00,2025-07-14T08:04:28+08:00,2025-07-14T08:04:28+08:00,53.3429,54.8226,52.8287,51.9236,49.7,74.4,1.153,39.7712,24.4742,0.8552,0.04,1011.2036
EE6A3D2A-ABEB-47F4-89C9-CEF21BDA7BDD,310104340006,2024-06-03T00:00:00+08:00,2025-07-14T08:04:29+08:00,2025-07-14T08:04:29+08:00,53.5941,57.1537,52.2632,48.0825,42.9,63.7,0.4,41.4178,25.4086,1.3742,0.0,1013.0466
E51BADCA-8414-428D-A94F-7FD0C4A4450B,310104320001,2024-06-04T00:00:00+08:00,2025-07-14T08:04:24+08:00,2025-07-14T08:04:24+08:00,52.5616,56.1282,50.1031,48.1179,40.6,81.6,1.0311,54.0034,24.7897,2.9541,0.0,1012.7737
BCB66CE6-8D28-4F7C-8B0D-EE7475193111,310104330002,2024-06-04T00:00:00+08:00,2025-07-14T08:03:53+08:00,2025-07-14T08:03:53+08:00,53.9357,55.4149,53.4469,52.3775,50.1,72.4,1.1472,51.3495,25.1594,0.8033,0.0,1012.5944
D72D7F8E-A866-43D6-9FE1-CC006CF81EA7,310104340006,2024-06-04T00:00:00+08:00,2025-07-14T08:04:15+08:00,2025-07-14T08:04:15+08:00,57.3333,59.7645,56.6503,54.0935,44.4,78.9,0.7132,48.624,26.3149,1.1414,0.0,1015.3021
EC513AFD-27F5-4862-A7B5-53B12E445F9C,310104330002,2024-06-05T00:00:00+08:00,2025-07-14T08:04:28+08:00,2025-07-14T08:04:28+08:00,61.3497,64.42,55.7842,53.1035,51.3,87.5,2.1192,71.8547,18.8368,2.2342,0.0,1015.0
D0F59008-657C-4755-9410-34B447B9C2D5,310104340006,2024-06-05T00:00:00+08:00,2025-07-14T08:04:11+08:00,2025-07-14T08:04:11+08:00,58.167,60.6389,57.5315,54.7506,44.5,75.8,0.5677,71.9797,21.5285,0.987,0.2116,1017.2341
F6E1881F-29DC-4DCF-9601-BE6F6A6A3ACC,310104330002,2024-06-06T00:00:00+08:00,2025-07-14T08:04:34+08:00,2025-07-14T08:04:34+08:00,55.2097,57.3888,54.3379,53.2482,50.4,82.3,0.6226,68.2368,20.3383,1.617,0.0,1013.5972
AF4F5F6E-04D6-4AAB-844C-FFA39E562127,310104340006,2024-06-06T00:00:00+08:00,2025-07-14T08:03:45+08:00,2025-07-14T08:03:45+08:00,55.1206,58.9192,53.5807,48.8943,43.4,71.9,0.2421,68.8995,19.3652,0.291,0.0,1016.1707
FBFAA06D-A80F-4502-A262-372E2E8A0B8F,310104320001,2024-06-08T00:00:00+08:00,2025-07-14T08:04:37+08:00,2025-07-14T08:04:37+08:00,47.1019,49.5845,46.0718,43.9607,38.3,71.9,0.7109,55.7833,26.1022,1.7764,0.0,1007.0197
E90DB92E-1B07-4A2B-A225-117BF220148B,310104330002,2024-06-08T00:00:00+08:00,2025-07-14T08:04:27+08:00,2025-07-14T08:04:27+08:00,53.3116,55.1317,52.6304,51.6864,49.1,71.2,0.8323,56.2908,26.0072,0.9227,0.0,1006.8287
E98A2D4B-0347-41A3-A432-7A043E2CC42F,310104340006,2024-06-08T00:00:00+08:00,2025-07-14T08:04:27+08:00,2025-07-14T08:04:27+08:00,56.601,59.1118,55.8208,53.1477,44.4,74.0,0.587,53.2291,26.9119,1.2245,0.0,1009.4815
B24C0385-5F2E-470C-993E-D62875DAAB06,310104320001,2024-06-09T00:00:00+08:00,2025-07-14T08:03:46+08:00,2025-07-14T08:03:46+08:00,43.9965,47.2565,42.2983,40.9535,38.4,64.1,0.5681,60.7887,23.8595,2.2422,0.0717,1008.076
AF8DA4E0-7724-479E-B043-68AC5D7C19F2,310104330002,2024-06-09T00:00:00+08:00,2025-07-14T08:03:45+08:00,2025-07-14T08:03:45+08:00,49.9728,51.3756,49.5729,48.9084,47.7,69.3,0.7038,64.7005,23.4565,0.9391,0.035,1008.0019
FB9788A5-374E-41D6-A02C-9F226DD7BD53,310104340006,2024-06-09T00:00:00+08:00,2025-07-14T08:04:37+08:00,2025-07-14T08:04:37+08:00,52.0035,56.1058,49.9509,45.843,40.8,70.6,0.3033,60.014,24.3498,1.6055,0.12,1010.6428
B092C1CE-9FD1-4734-8EF2-F81331A0D65A,310104320001,2024-06-10T00:00:00+08:00,2025-07-14T08:03:45+08:00,2025-07-14T08:03:45+08:00,47.6186,49.939,46.4578,44.9665,39.6,73.3,1.0817,57.6104,23.6491,1.6895,0.0083,1007.5283
C65F5FF1-CEF0-4788-8046-DA5C2B396C3C,310104330002,2024-06-10T00:00:00+08:00,2025-07-14T08:04:01+08:00,2025-07-14T08:04:01+08:00,54.1237,56.4471,52.9687,51.7427,48.9,73.3,1.4279,61.1355,23.0979,0.8927,0.045,1007.3463
CA51770B-6358-4CD4-8BF7-C55C39B1DFF1,310104330002,2024-06-11T00:00:00+08:00,2025-07-14T08:04:04+08:00,2025-07-14T08:04:04+08:00,54.4853,56.3597,53.7793,52.6929,50.6,77.2,0.9534,80.2781,22.5709,1.0939,0.0667,1004.4117
BBF08836-3329-4737-AD75-97602DFB1E94,310104340006,2024-06-11T00:00:00+08:00,2025-07-14T08:03:52+08:00,2025-07-14T08:03:52+08:00,53.7961,57.7642,51.8869,47.2981,42.4,72.6,0.4948,82.185,22.6557,0.2959,0.0,1006.4797
C1CB155A-52ED-4DF5-AE93-33D6949C7AB6,310104320001,2024-06-12T00:00:00+08:00,2025-07-14T08:03:57+08:00,2025-07-14T08:03:57+08:00,43.6035,46.2789,42.4183,41.1975,39.1,57.1,0.7717,80.1072,23.6584,1.0033,0.0,1003.0
FD289E37-7FD1-4E50-9C40-E461586B68A7,310104330002,2024-06-12T00:00:00+08:00,2025-07-14T08:04:38+08:00,2025-07-14T08:04:38+08:00,51.6214,52.6731,51.3232,50.7641,49.9,65.6,0.8132,79.5712,23.6406,0.27,0.0,1003.0
BF250699-5D30-4F04-826D-26AE53802CCF,310104320001,2024-06-13T00:00:00+08:00,2025-07-14T08:03:54+08:00,2025-07-14T08:03:54+08:00,51.3786,53.9073,50.1548,48.0759,41.1,73.8,0.8613,63.6938,26.8597,3.1069,0.0,1002.7261
BB1A1991-C67C-4568-A308-0F5668F39273,310104330002,2024-06-13T00:00:00+08:00,2025-07-14T08:03:52+08:00,2025-07-14T08:03:52+08:00,54.75,56.2196,54.2778,53.3266,50.3,70.7,1.0412,63.6967,26.7371,1.0428,0.0,1002.5559
F4650ECB-01C2-4FD1-8E3C-035037D8CAF9,310104340006,2024-06-13T00:00:00+08:00,2025-07-14T08:04:33+08:00,2025-07-14T08:04:33+08:00,57.6382,60.2709,56.6644,54.0892,44.7,84.4,0.5934,59.3324,27.9969,1.4479,0.0,1005.1786
F9091F6A-F58D-4F91-B151-CEFE97CC797F,310104330002,2024-06-14T00:00:00+08:00,2025-07-14T08:04:36+08:00,2025-07-14T08:04:36+08:00,52.3027,53.2715,52.0687,51.6375,49.6,61.5,0.7412,76.5707,23.8596,0.3892,0.0,1001.7222
FD3CBD1D-AEE7-4ECB-8728-6C4455946239,310104320001,2024-06-15T00:00:00+08:00,2025-07-14T08:04:38+08:00,2025-07-14T08:04:38+08:00,47.9253,50.6821,46.7214,43.9214,36.9,74.8,0.3145,71.5298,23.9242,2.718,0.0,1005.415
F1925F6B-1E98-4694-8A00-8E32E4AE3673,310104340006,2024-06-15T00:00:00+08:00,2025-07-14T08:04:31+08:00,2025-07-14T08:04:31+08:00,56.5901,59.0647,55.8717,53.3578,44.9,77.5,0.602,51.0473,30.0504,1.0253,0.0,1005.3743
CC558F60-31D9-474C-A46A-FFE0DE72775C,310104330002,2024-06-16T00:00:00+08:00,2025-07-14T08:04:06+08:00,2025-07-14T08:04:06+08:00,53.8649,55.4614,53.3658,52.4691,49.6,70.0,0.9091,54.3079,28.2139,0.6809,0.0,1006.6005
BC2120CA-9880-4CFD-9948-EB7EDDF7F02C,310104340006,2024-06-16T00:00:00+08:00,2025-07-14T08:03:53+08:00,2025-07-14T08:03:53+08:00,53.6225,57.2423,52.3156,48.3651,44.1,69.1,0.6492,67.5621,25.7238,0.2687,0.0,1010.1684
FBB8FE53-5223-452A-A0FD-ACD03266E965,310104320001,2024-06-17T00:00:00+08:00,2025-07-14T08:04:37+08:00,2025-07-14T08:04:37+08:00,43.4801,45.8816,42.5086,41.461,39.5,54.9,0.683,65.9456,23.2162,0.5394,0.0,1007.0
FABA19D1-D434-47DE-BDA0-A1C694258BF0,310104340006,2024-06-17T00:00:00+08:00,2025-07-14T08:04:37+08:00,2025-07-14T08:04:37+08:00,57.5633,60.0535,56.8677,54.3226,45.7,75.3,0.6154,50.4541,27.6333,1.5394,0.2434,1008.5837
B6AF725E-16AE-4802-AE41-60DFA467D46E,310104340006,2024-06-18T00:00:00+08:00,2025-07-14T08:03:49+08:00,2025-07-14T08:03:49+08:00,53.8221,57.1833,52.6982,48.9917,44.2,64.8,0.7792,65.7794,24.6042,0.8137,0.0,1008.1957
D0B6B5EC-CDBB-4D9D-83DA-6EFA7BC79C69,310104320001,2024-06-20T00:00:00+08:00,2025-07-14T08:04:10+08:00,2025-07-14T08:04:10+08:00,44.8721,47.6206,43.6142,42.4281,40.5,61.2,0.2468,79.8676,27.1232,0.9214,0.0,1001.169
B63C297D-91E3-4520-8583-98B0C60375A3,310104330002,2024-06-21T00:00:00+08:00,2025-07-14T08:03:49+08:00,2025-07-14T08:03:49+08:00,53.7338,55.6985,52.9611,52.4525,50.0,72.8,0.4381,79.9799,26.7783,1.2662,0.0,997.8994
F1C16267-0F58-4561-868D-B92C3CB2ADA3,310104320001,2024-06-22T00:00:00+08:00,2025-07-14T08:04:31+08:00,2025-07-14T08:04:31+08:00,51.1638,53.9802,50.141,47.4896,40.8,72.9,0.4017,74.8006,28.7957,3.4924,0.2883,999.4593
DFC16C7A-5C67-4DE7-BCEC-CC8AA61FC1E7,310104330002,2024-06-22T00:00:00+08:00,2025-07-14T08:04:21+08:00,2025-07-14T08:04:21+08:00,55.0278,56.8061,54.2371,53.3248,50.4,75.0,0.8108,71.1347,29.2272,1.036,0.0966,999.2693
C53374C4-B492-486A-9E27-445C66E9CDF5,310104330002,2024-06-23T00:00:00+08:00,2025-07-14T08:03:59+08:00,2025-07-14T08:03:59+08:00,52.9345,53.8899,52.6975,52.1334,51.0,61.0,0.736,80.8609,22.0964,0.2607,0.0383,1003.6671
D1EF9239-F6A5-4421-AFAD-C98B34A8A9D4,310104320001,2024-06-24T00:00:00+08:00,2025-07-14T08:04:11+08:00,2025-07-14T08:04:11+08:00,51.3727,53.1985,50.8077,49.4157,42.3,74.2,0.4229,71.9819,26.7712,1.8419,0.2183,1005.6334
FA6C8D69-A768-426F-84F0-83DED4DD0104,310104330002,2024-06-24T00:00:00+08:00,2025-07-14T08:04:36+08:00,2025-07-14T08:04:36+08:00,52.2009,53.1182,52.0015,51.4905,50.6,64.1,0.6388,77.267,23.4864,0.1787,0.04,1008.5478
F7A42D7C-341B-462C-840C-CC52F2FAE436,310104340006,2024-06-24T00:00:00+08:00,2025-07-14T08:04:35+08:00,2025-07-14T08:04:35+08:00,58.4821,60.9862,57.7672,55.0293,46.8,82.6,0.4379,70.2364,27.0908,1.0916,0.19,1008.1271
DC827733-A9F7-4F32-A297-0476A2B7992B,310104330002,2024-06-25T00:00:00+08:00,2025-07-14T08:04:19+08:00,2025-07-14T08:04:19+08:00,54.0529,55.6047,53.6159,52.6251,51.1,68.5,0.5267,78.1605,22.809,0.6548,0.4817,1011.102
F8013715-53CC-40DA-88C4-93DCCC4EAB9A,310104320001,2024-06-27T00:00:00+08:00,2025-07-14T08:04:35+08:00,2025-07-14T08:04:35+08:00,54.7274,51.675,51.3979,51.1781,43.6,91.4,0.3621,82.617,23.9045,3.6723,0.4367,1008.3562
C8BE39E4-6A95-4831-8C46-AA28443C37B2,310104330002,2024-06-27T00:00:00+08:00,2025-07-14T08:04:02+08:00,2025-07-14T08:04:02+08:00,54.3205,54.7141,53.4572,52.6628,50.0,77.6,0.4797,84.1034,23.5439,1.8809,0.1717,1008.3333
EA745220-877C-46B1-B43E-DBA2523EC079,310104330002,2024-06-28T00:00:00+08:00,2025-07-14T08:04:27+08:00,2025-07-14T08:04:27+08:00,53.4006,54.6869,53.0065,52.3253,51.4,62.2,1.3667,84.4742,23.8524,,0.1,1004.4285
FFCA1353-BE42-4C69-B26B-807350CB690E,310104330002,2024-06-29T00:00:00+08:00,2025-07-14T08:04:40+08:00,2025-07-14T08:04:40+08:00,55.4704,57.0351,54.3449,53.3993,50.8,83.4,0.9576,66.6346,29.672,1.689,0.0,999.8789
EA2EB233-D14D-4F9C-9A3A-F5B9341B9F88,310104330002,2024-06-30T00:00:00+08:00,2025-07-14T08:04:27+08:00,2025-07-14T08:04:27+08:00,55.8474,56.424,55.6092,54.9907,52.9,73.7,0.8164,85.1994,25.3116,0.235,0.09,1001.1946
CFEB77AA-5A8B-4BD0-B03A-77921E85B371,310104340006,2024-06-30T00:00:00+08:00,2025-07-14T08:04:10+08:00,2025-07-14T08:04:10+08:00,47.1058,45.4276,43.4221,42.0381,39.9,85.6,0.2695,85.5796,25.157,4.1163,0.0533,1003.5434
FCB01F1C-FA21-438A-8AA7-09F2EFCA764A,310104330002,2024-07-01T00:00:00+08:00,2025-07-14T08:04:38+08:00,2025-07-14T08:04:38+08:00,55.6845,57.1069,55.2524,54.4161,52.0,74.9,0.7693,74.0519,28.8008,1.4796,0.045,1000.4365
F4852852-0594-4485-BE94-EB158ABFC856,310104340006,2024-07-01T00:00:00+08:00,2025-07-14T08:04:33+08:00,2025-07-14T08:04:33+08:00,57.6958,59.4209,56.5017,54.4756,37.0,95.6,0.3696,74.0113,29.1821,4.8147,0.2532,1003.3867
C47401EC-8CF2-407D-825E-4750448EB909,310104320001,2024-07-02T00:00:00+08:00,2025-07-14T08:03:59+08:00,2025-07-14T08:03:59+08:00,54.7726,56.941,53.9882,52.5386,44.4,73.9,0.8933,59.4409,31.4094,2.8923,0.005,1000.3335
DDF2F225-D4FD-4092-9C04-A3B11A32C98A,310104330002,2024-07-03T00:00:00+08:00,2025-07-14T08:04:20+08:00,2025-07-14T08:04:20+08:00,55.7327,58.5223,54.3611,53.4714,51.9,86.2,0.9257,54.2188,32.9052,1.6519,0.0,1008.8039
DB5DF391-C470-40AB-B580-B68F0D866ECA,310104340006,2024-07-03T00:00:00+08:00,2025-07-14T08:04:18+08:00,2025-07-14T08:04:18+08:00,58.2474,60.7562,57.4632,55.3391,51.5,77.0,0.5325,53.5976,33.465,0.7106,0.0434,1011.4747
F2512840-07E0-4151-BE7B-AE4E089A3DF8,310104320001,2024-07-04T00:00:00+08:00,2025-07-14T08:04:31+08:00,2025-07-14T08:04:31+08:00,57.6324,60.0619,56.7794,55.0175,43.5,70.9,0.7086,49.1205,35.4648,4.2635,0.0,1005.8281
BBF212D7-42D6-4934-9B5A-898F48F4F52F,310104330002,2024-07-04T00:00:00+08:00,2025-07-14T08:03:52+08:00,2025-07-14T08:03:52+08:00,53.1299,53.9924,52.7967,52.339,51.3,68.2,0.5153,66.7042,30.937,0.4072,0.0,1006.0
C23BDDD4-19E3-405F-9C1B-664BB09CECAA,310104320001,2024-07-05T00:00:00+08:00,2025-07-14T08:03:57+08:00,2025-07-14T08:03:57+08:00,48.8032,50.9453,47.9283,46.9623,41.7,68.1,0.9524,66.2635,30.3761,2.7143,0.0,1002.4215
C55397A8-9369-4955-B716-7451638555F2,310104330002,2024-07-06T00:00:00+08:00,2025-07-14T08:03:59+08:00,2025-07-14T08:03:59+08:00,54.8073,56.6253,53.7857,52.8659,50.4,80.0,1.2498,50.6948,34.5193,0.6199,0.0,1003.5901
FE9ADEEB-0EA0-427B-85D6-BBB38C7F4B9C,310104340006,2024-07-06T00:00:00+08:00,2025-07-14T08:04:39+08:00,2025-07-14T08:04:39+08:00,59.4913,62.6069,58.2719,55.604,51.5,76.2,0.6141,47.3402,36.0866,2.0272,0.0,1006.1621
B7DA7EEA-A62D-4F79-9C13-EE3CB04AB961,310104320001,2024-07-07T00:00:00+08:00,2025-07-14T08:03:49+08:00,2025-07-14T08:03:49+08:00,61.6056,64.9666,60.2377,55.2032,42.8,77.4,0.791,46.0223,36.1614,4.992,0.0,1003.9559
C377F04C-8AAE-4B9D-AD89-8F628C858FB4,310104340006,2024-07-07T00:00:00+08:00,2025-07-14T08:03:58+08:00,2025-07-14T08:03:58+08:00,53.9312,56.4492,53.0313,51.9161,50.7,70.1,0.4237,64.2219,31.3529,1.0722,0.0,1005.2325
EE02A6AF-F53F-45BB-B748-3362AA2CEB9D,310104320001,2024-07-08T00:00:00+08:00,2025-07-14T08:04:29+08:00,2025-07-14T08:04:29+08:00,62.9674,66.199,61.7394,57.1254,44.7,85.4,0.7825,48.4564,35.6072,4.6798,0.0,1002.5588
E6F65D48-34A9-4DCA-839A-5F23F2703888,310104340006,2024-07-08T00:00:00+08:00,2025-07-14T08:04:25+08:00,2025-07-14T08:04:25+08:00,53.8049,56.2421,52.9833,51.828,50.4,66.0,0.4051,56.9886,31.097,1.114,0.0,1004.1827
CD7FBC68-5FA8-4D99-BB87-89EDEEFD20BA,310104320001,2024-07-09T00:00:00+08:00,2025-07-14T08:04:06+08:00,2025-07-14T08:04:06+08:00,63.9277,67.4348,62.5968,56.9208,44.7,78.5,0.7402,49.6078,33.9895,5.4025,0.0,1002.5047
EFF79BEB-B7DC-469A-ACCA-D9840B294A1F,310104330002,2024-07-09T00:00:00+08:00,2025-07-14T08:04:30+08:00,2025-07-14T08:04:30+08:00,52.7778,53.806,52.4927,51.906,50.5,67.7,0.6984,60.4136,31.4477,0.6046,0.0,1002.207
F9DCB045-8E54-4FA9-9A9F-68BD3CCB9152,310104340006,2024-07-09T00:00:00+08:00,2025-07-14T08:04:36+08:00,2025-07-14T08:04:36+08:00,54.0379,56.4994,53.2044,52.0001,50.5,66.9,0.3009,55.4121,32.3769,1.1993,0.0,1004.3998
CCE1DAF8-A187-4B46-973F-48FA3E67AD1B,310104340006,2024-07-10T00:00:00+08:00,2025-07-14T08:04:06+08:00,2025-07-14T08:04:06+08:00,61.0253,63.9864,59.9239,57.0746,52.0,82.2,0.6776,57.5753,31.9847,2.1325,0.155,1004.9988
CC98A5C2-2A33-4AFC-A3B3-59D21EC25486,310104320001,2024-07-11T00:00:00+08:00,2025-07-14T08:04:06+08:00,2025-07-14T08:04:06+08:00,56.7784,59.5484,55.8486,52.1661,32.2,84.6,0.6332,79.1952,25.253,7.4225,0.2383,1002.1075
D1CC3ED2-FEA0-4F46-874B-51EA711FA4CF,310104330002,2024-07-11T00:00:00+08:00,2025-07-14T08:04:11+08:00,2025-07-14T08:04:11+08:00,56.1927,57.5413,55.7681,54.9507,51.6,76.8,0.9007,75.8751,25.7914,1.239,0.0534,1001.8863
B2EE8870-5B39-4896-99AE-3FACA28131AB,310104340006,2024-07-11T00:00:00+08:00,2025-07-14T08:03:47+08:00,2025-07-14T08:03:47+08:00,59.1147,61.5926,58.368,55.8804,35.8,80.7,0.4578,75.622,25.9025,5.161,0.04,1004.3688
F8057EB5-B414-4023-873E-9AEA9078564D,310104320001,2024-07-12T00:00:00+08:00,2025-07-14T08:04:35+08:00,2025-07-14T08:04:35+08:00,48.8362,52.02,47.1659,45.8056,40.9,68.7,0.6835,82.0527,25.9594,4.159,0.0,999.8631
C175038C-2CEA-4F5C-8B22-F34636CE4EFA,310104330002,2024-07-13T00:00:00+08:00,2025-07-14T08:03:57+08:00,2025-07-14T08:03:57+08:00,52.6827,54.3014,52.1702,51.6051,50.5,70.8,0.3794,81.3317,27.5009,1.1377,0.105,1004.0075
F23CA967-8D15-47AE-8888-5E75DC01A883,310104340006,2024-07-13T00:00:00+08:00,2025-07-14T08:04:31+08:00,2025-07-14T08:04:31+08:00,54.9697,57.895,53.9268,52.1329,50.3,70.0,0.2056,81.4176,27.7139,0.864,0.0,1006.6234
FD28ABCC-5E64-4E74-AB2D-3A5EABF82337,310104320001,2024-07-16T00:00:00+08:00,2025-07-14T08:04:38+08:00,2025-07-14T08:04:38+08:00,48.6428,51.8461,47.1211,45.779,41.3,70.8,1.0549,70.4346,28.9577,4.0139,0.0,1006.495
E7E7E4C3-F266-47B4-BAD9-99565A974FDF,310104340006,2024-07-16T00:00:00+08:00,2025-07-14T08:04:26+08:00,2025-07-14T08:04:26+08:00,63.9607,67.3465,62.7192,58.1465,51.6,74.8,0.701,52.4757,33.9342,3.3576,0.0,1009.5956
C7578D22-5886-414C-916E-DAA4A92A386E,310104340006,2024-07-17T00:00:00+08:00,2025-07-14T08:04:02+08:00,2025-07-14T08:04:02+08:00,55.3304,58.6959,53.7519,51.9285,50.2,69.8,0.333,65.1627,31.6997,2.0306,0.0,1006.4714
E231D0AF-CEE0-4851-A268-ADDDCE99DB36,310104340006,2024-07-18T00:00:00+08:00,2025-07-14T08:04:22+08:00,2025-07-14T08:04:22+08:00,64.4196,67.5106,63.4609,59.2568,51.1,81.1,0.6738,46.7434,35.3535,3.823,0.15,1006.9857
FCF5C9B6-ECC7-4352-9F16-3127E590855B,310104330002,2024-07-19T00:00:00+08:00,2025-07-14T08:04:38+08:00,2025-07-14T08:04:38+08:00,57.7503,60.3737,56.8319,54.2759,50.2,70.9,0.9578,49.3884,35.2742,2.3276,0.0,1004.1244
E893E899-7400-47E3-8B35-6304FF59DBBD,310104340006,2024-07-19T00:00:00+08:00,2025-07-14T08:04:26+08:00,2025-07-14T08:04:26+08:00,65.5322,68.6937,64.5133,60.091,50.9,76.9,0.5264,45.7827,36.6565,3.2736,0.0,1006.5688
E62C8EFC-AC41-4713-AC6D-96679DD709F3,310104330002,2024-07-20T00:00:00+08:00,2025-07-14T08:04:25+08:00,2025-07-14T08:04:25+08:00,57.9964,60.617,56.9696,54.5316,50.1,75.3,1.4697,53.9996,33.6988,2.1754,0.0,1005.1111
ECDA8D14-C69B-437D-8719-BA5B5EB59DAE,310104320001,2024-07-21T00:00:00+08:00,2025-07-14T08:04:28+08:00,2025-07-14T08:04:28+08:00,69.5255,72.2185,69.0344,64.9952,43.2,75.9,1.0908,56.9632,33.7723,7.2329,0.0,1005.3894
E0AEB779-A16B-47FC-9235-2DAE03CAD478,310104330002,2024-07-21T00:00:00+08:00,2025-07-14T08:04:21+08:00,2025-07-14T08:04:21+08:00,54.0605,56.0599,52.8032,52.0196,50.6,79.7,1.3596,67.0315,29.3776,1.6244,0.0,1005.0517
B98AFC50-4D09-444E-8FCF-132EB9ED0334,310104320001,2024-07-22T00:00:00+08:00,2025-07-14T08:03:51+08:00,2025-07-14T08:03:51+08:00,50.9385,53.4018,49.9087,48.5837,42.2,73.4,1.2402,67.624,29.4248,4.4746,0.0,1002.3729
E891848E-B272-4E3E-ADC5-572FC23F7F46,310104340006,2024-07-22T00:00:00+08:00,2025-07-14T08:04:26+08:00,2025-07-14T08:04:26+08:00,53.7726,56.3149,52.8426,51.645,50.2,70.2,0.6199,65.5461,29.8812,1.3223,0.0,1005.121
DE234945-0E62-4232-9E32-48D3BC5815C3,310104340006,2024-07-23T00:00:00+08:00,2025-07-14T08:04:20+08:00,2025-07-14T08:04:20+08:00,64.4603,67.3212,63.6216,59.9911,50.1,73.8,0.8726,51.6789,34.2829,3.5179,0.0,1003.5245
D43B7E52-73FB-46FC-83F2-39CE51B9A602,310104320001,2024-07-24T00:00:00+08:00,2025-07-14T08:04:13+08:00,2025-07-14T08:04:13+08:00,68.9488,72.0875,68.1011,63.0772,44.9,79.0,1.4588,59.1569,32.1205,6.751,0.0,999.6133
DC20A177-A8F3-4F9C-9568-9DFCDC0FB29E,310104340006,2024-07-24T00:00:00+08:00,2025-07-14T08:04:19+08:00,2025-07-14T08:04:19+08:00,65.4283,68.5968,64.4016,59.9094,51.5,82.4,0.9993,54.7754,33.3951,3.8005,0.0,1001.9654
B5EB418A-535B-40BB-AE6F-C5526DF70749,310104340006,2024-07-25T00:00:00+08:00,2025-07-14T08:03:49+08:00,2025-07-14T08:03:49+08:00,65.8461,68.9937,64.873,60.6918,51.0,80.3,1.0354,62.7555,31.3929,4.6585,0.0667,999.8588
B7F1109F-6951-48D1-AFA1-B5D698BBF60F,310104320001,2024-07-26T00:00:00+08:00,2025-07-14T08:03:49+08:00,2025-07-14T08:03:49+08:00,67.7049,70.9104,66.8112,61.7565,44.1,80.6,1.7161,72.7048,29.4951,4.8524,0.4367,997.8187
DBC7A20C-40CC-4998-80B4-17994DA1B7FB,310104330002,2024-07-26T00:00:00+08:00,2025-07-14T08:04:18+08:00,2025-07-14T08:04:18+08:00,66.1191,70.2585,61.6002,57.3031,52.8,88.8,2.6658,72.448,29.3823,3.1603,0.495,997.4889
FC0AE79A-4823-4E62-8F3A-36683B28018B,310104340006,2024-07-26T00:00:00+08:00,2025-07-14T08:04:37+08:00,2025-07-14T08:04:37+08:00,64.7864,67.7921,63.8475,59.9078,51.9,82.5,1.2506,69.8518,30.0698,3.0621,0.1908,1000.3067
EBD1FC38-9333-454F-B73F-8A437C153613,310104330002,2024-07-27T00:00:00+08:00,2025-07-14T08:04:28+08:00,2025-07-14T08:04:28+08:00,70.6159,74.7486,64.5698,59.7688,53.4,93.4,3.4679,64.8195,30.8307,2.3563,0.0,1004.3005
BE09B4AD-8392-486E-82A6-42E4AEF53371,310104340006,2024-07-29T00:00:00+08:00,2025-07-14T08:03:54+08:00,2025-07-14T08:03:54+08:00,64.9751,67.928,64.2116,60.1134,51.4,74.6,0.815,52.0902,33.7138,4.0033,0.0,1010.0722
BB078FE5-4436-4642-A276-8E444A09436B,310104320001,2024-07-30T00:00:00+08:00,2025-07-14T08:03:52+08:00,2025-07-14T08:03:52+08:00,68.9384,71.9589,68.2341,63.4251,44.6,76.9,1.441,58.1512,32.5109,6.5155,0.0,1005.4975
B6FEE6D8-A85A-4161-A6C0-35A911BF1283,310104330002,2024-07-30T00:00:00+08:00,2025-07-14T08:03:49+08:00,2025-07-14T08:03:49+08:00,54.3364,56.1029,53.7008,52.7709,51.6,70.8,1.5668,72.1778,29.2026,0.5991,0.0,1004.9728
CC78A6D4-743A-4589-BDAE-6D71C884D216,310104320001,2024-07-31T00:00:00+08:00,2025-07-14T08:04:06+08:00,2025-07-14T08:04:06+08:00,68.8282,71.9503,68.0088,62.6047,43.8,77.3,0.9823,51.7005,34.6162,6.8039,0.0,1003.0846
B93ECC95-74F1-4568-9287-C90B0DA053CD,310104330002,2024-07-31T00:00:00+08:00,2025-07-14T08:03:51+08:00,2025-07-14T08:03:51+08:00,53.5478,55.0857,53.0728,52.3348,51.2,69.5,0.8,72.4486,30.326,0.8613,0.0,1002.3914
C792F190-222A-4E28-AE79-11AB5E6EE579,310104340006,2024-08-01T00:00:00+08:00,2025-07-14T08:04:02+08:00,2025-07-14T08:04:02+08:00,57.975,61.346,56.7071,53.0006,51.0,68.0,0.4271,55.8687,34.0914,0.1781,0.0,1005.0
C3A81966-A927-4797-9067-D2C103D96BC0,310104330002,2024-08-02T00:00:00+08:00,2025-07-14T08:03:58+08:00,2025-07-14T08:03:58+08:00,52.0481,53.2633,51.7318,51.0334,50.0,59.8,1.0814,66.1975,32.1507,0.1756,0.0,1005.0
CF7E6B43-B49B-43A0-B887-6689D69458A6,310104340006,2024-08-02T00:00:00+08:00,2025-07-14T08:04:10+08:00,2025-07-14T08:04:10+08:00,56.2603,58.8516,55.3103,53.0615,51.2,74.3,0.5244,62.1871,33.387,0.6366,0.0,1007.0
D22A39AC-BB56-47EA-9BA9-DE66B0E73995,310104320001,2024-08-03T00:00:00+08:00,2025-07-14T08:04:11+08:00,2025-07-14T08:04:11+08:00,66.8825,70.5411,65.2554,58.8997,43.6,75.7,0.6111,56.573,34.3485,7.1211,0.035,1005.4279
CD7732E3-8E58-4AFA-B2C7-884F621E9B0A,310104330002,2024-08-03T00:00:00+08:00,2025-07-14T08:04:06+08:00,2025-07-14T08:04:06+08:00,55.5879,57.8781,54.7366,53.0306,49.9,77.5,0.9833,48.7873,35.7878,1.5099,0.0,1005.2123
F5E213E9-4395-45F3-BBEE-337A3558205C,310104340006,2024-08-03T00:00:00+08:00,2025-07-14T08:04:34+08:00,2025-07-14T08:04:34+08:00,61.0871,63.5464,59.5794,56.079,50.9,97.5,0.567,47.649,36.4374,2.891,0.0783,1007.7085
CE1A9D03-4BFA-48AE-8949-FF04F0003C64,310104320001,2024-08-04T00:00:00+08:00,2025-07-14T08:04:08+08:00,2025-07-14T08:04:08+08:00,46.3498,48.3883,44.9038,44.1102,42.4,68.3,1.091,62.431,30.9122,1.45,0.0,1005.5757
FEF5D385-991D-49D4-81C4-3CB3A545EAD8,310104340006,2024-08-04T00:00:00+08:00,2025-07-14T08:04:39+08:00,2025-07-14T08:04:39+08:00,54.5564,57.0283,53.7656,52.116,50.9,68.4,0.671,61.1494,31.5198,0.3275,0.0,1008.0
F90802ED-DB91-46C7-9004-FE4D7EAF7183,310104320001,2024-08-05T00:00:00+08:00,2025-07-14T08:04:36+08:00,2025-07-14T08:04:36+08:00,46.0745,47.9531,45.2058,44.3502,43.2,62.0,1.253,65.3946,30.4528,0.4533,0.0,1003.7696
E1B96A0E-479E-4D91-82A6-86C77CD91722,310104330002,2024-08-05T00:00:00+08:00,2025-07-14T08:04:22+08:00,2025-07-14T08:04:22+08:00,56.1395,58.0473,55.5904,53.9046,51.3,74.6,1.4791,57.2435,33.1376,1.5728,0.0,1004.2799
B88D81C0-17D9-4B1B-AAC2-6A0777F5F951,310104340006,2024-08-05T00:00:00+08:00,2025-07-14T08:03:49+08:00,2025-07-14T08:03:49+08:00,59.3434,61.7837,58.7846,56.1196,51.3,76.4,0.6974,51.0923,35.2661,2.0476,0.0,1006.5922
C7CF8C99-5054-413E-B4BC-7A51D645DE95,310104340006,2024-08-06T00:00:00+08:00,2025-07-14T08:04:02+08:00,2025-07-14T08:04:02+08:00,54.8345,57.3889,54.0606,52.3584,51.0,63.9,0.679,62.1972,30.8698,0.6708,0.0,1008.0
DFDB4F98-63E9-468F-94E1-89E924AB54EB,310104320001,2024-08-07T00:00:00+08:00,2025-07-14T08:04:21+08:00,2025-07-14T08:04:21+08:00,46.8526,49.6901,45.7656,43.8493,42.5,60.8,1.1475,71.1672,30.136,0.9512,0.0,1004.4249
B401068A-586B-4B12-8EB1-3167D6959077,310104330002,2024-08-07T00:00:00+08:00,2025-07-14T08:03:48+08:00,2025-07-14T08:03:48+08:00,54.0657,55.6579,53.5581,52.8194,51.5,67.5,1.522,74.9464,29.5614,0.7067,0.0,1004.0754
E872A59F-AF97-47FA-8FB4-3760398C2D89,310104340006,2024-08-07T00:00:00+08:00,2025-07-14T08:04:26+08:00,2025-07-14T08:04:26+08:00,55.0056,57.411,54.2331,52.4159,51.0,71.2,0.647,68.8667,30.7279,0.6003,0.0,1007.0
DF2DC401-98E1-4A08-96E8-DD0F85FD7CC1,310104340006,2024-08-08T00:00:00+08:00,2025-07-14T08:04:20+08:00,2025-07-14T08:04:20+08:00,55.4441,57.9875,54.6925,52.6854,51.0,64.3,0.3083,73.3198,29.3846,0.2418,0.0,1006.0
B9D8FA75-50D8-4EF6-A8EB-7BDD7DEBADAC,310104320001,2024-08-09T00:00:00+08:00,2025-07-14T08:03:51+08:00,2025-07-14T08:03:51+08:00,63.9668,67.2166,63.0853,57.4422,43.4,76.1,0.9688,53.6288,33.9764,7.0192,0.0,1001.4456
F48759FE-83C4-49CB-B9B2-1667DCA7F140,310104330002,2024-08-09T00:00:00+08:00,2025-07-14T08:04:33+08:00,2025-07-14T08:04:33+08:00,56.1986,58.2011,55.8766,53.4338,51.7,71.5,1.2594,72.3559,29.2823,2.8102,0.0,1000.7042
E2A3634E-EC72-47AF-91DE-E0DB07543ACA,310104340006,2024-08-09T00:00:00+08:00,2025-07-14T08:04:22+08:00,2025-07-14T08:04:22+08:00,54.2875,57.0576,53.2009,51.8115,50.4,73.6,0.5422,69.2488,30.0065,1.2373,0.0,1003.3779
F2F5E414-7E2B-4FEA-8E49-34C1EDF0055C,310104330002,2024-08-10T00:00:00+08:00,2025-07-14T08:04:32+08:00,2025-07-14T08:04:32+08:00,60.6015,62.9695,60.5863,55.2688,51.7,74.9,1.6299,56.2048,33.4377,4.2154,0.0,999.6319
D2AFADB9-5799-46D5-83A7-FDD929556653,310104340006,2024-08-10T00:00:00+08:00,2025-07-14T08:04:12+08:00,2025-07-14T08:04:12+08:00,54.3024,57.12,53.2323,51.8762,48.6,74.9,0.5438,70.4499,30.4864,1.0265,0.0,1001.5648
CA188193-D21B-40C4-A8A5-A181D0F45443,310104330002,2024-08-11T00:00:00+08:00,2025-07-14T08:04:04+08:00,2025-07-14T08:04:04+08:00,53.6807,54.8914,53.286,52.6732,51.8,68.5,1.1336,67.767,30.8059,0.1706,0.0,999.7268
FC515209-12F3-45B4-9696-85F926E1BF1D,310104340006,2024-08-11T00:00:00+08:00,2025-07-14T08:04:38+08:00,2025-07-14T08:04:38+08:00,56.6645,58.8782,55.9416,54.027,51.2,84.3,0.6433,52.6775,35.2627,0.7819,0.0,1000.9216
C2ABA13D-73F4-4F09-A70A-F86693CA99E0,310104320001,2024-08-12T00:00:00+08:00,2025-07-14T08:03:58+08:00,2025-07-14T08:03:58+08:00,61.8307,65.4417,60.3638,54.474,42.5,72.0,0.4075,67.833,31.3067,7.0862,0.01,1000.7932
E4207957-0FCB-4575-BB00-0688A94A6B00,310104330002,2024-08-12T00:00:00+08:00,2025-07-14T08:04:22+08:00,2025-07-14T08:04:22+08:00,55.7728,57.4351,55.1225,54.1146,51.7,77.5,0.8765,58.5823,32.2456,1.21,0.0,1000.6395
BA825787-4CCD-43DF-A454-9CF169D4B964,310104340006,2024-08-13T00:00:00+08:00,2025-07-14T08:03:52+08:00,2025-07-14T08:03:52+08:00,58.0047,60.5799,57.1391,55.1357,51.2,83.6,0.68,56.3155,33.3436,1.2977,0.0,1006.8973
DD91CEF0-59CD-42BD-9D5F-584C3F34BCCB,310104320001,2024-08-14T00:00:00+08:00,2025-07-14T08:04:19+08:00,2025-07-14T08:04:19+08:00,46.4577,48.7892,45.5264,44.7188,42.9,55.5,0.2444,85.3981,27.0617,,0.0,1006.0
F383E3A7-BCE5-4B3C-A575-75D59C0BF47C,310104340006,2024-08-14T00:00:00+08:00,2025-07-14T08:04:32+08:00,2025-07-14T08:04:32+08:00,57.8015,59.8931,57.2958,55.3753,50.2,77.7,0.6536,49.4771,33.7583,1.19,0.0,1007.8937
E84E6501-9020-491C-B9E1-B19B1919CD7D,310104330002,2024-08-15T00:00:00+08:00,2025-07-14T08:04:26+08:00,2025-07-14T08:04:26+08:00,56.5854,58.5569,56.0804,54.4924,51.8,74.0,0.9002,53.2357,32.2961,1.5983,0.0,1004.7295
F3E88267-D066-4511-83E9-40C3D4F890CD,310104340006,2024-08-15T00:00:00+08:00,2025-07-14T08:04:32+08:00,2025-07-14T08:04:32+08:00,57.81,60.2807,57.0027,55.0084,51.3,85.8,0.5614,53.9185,32.6334,1.449,0.0,1007.2472
BC178EE4-07D6-421D-8599-E8726B57A773,310104320001,2024-08-16T00:00:00+08:00,2025-07-14T08:03:53+08:00,2025-07-14T08:03:53+08:00,43.921,45.6088,43.2112,42.4967,40.2,64.3,0.4475,71.0913,28.6685,1.2159,0.0,1007.1007
B31D1A5E-BC3F-4DE2-BEC2-7194EA8F1C36,310104330002,2024-08-16T00:00:00+08:00,2025-07-14T08:03:47+08:00,2025-07-14T08:03:47+08:00,53.3041,54.3657,53.0367,52.4295,50.8,67.8,0.3897,71.5607,28.7096,0.644,0.0,1007.0
F90E1E93-8D75-4FD0-ABD8-7518B46FBCCE,310104340006,2024-08-16T00:00:00+08:00,2025-07-14T08:04:36+08:00,2025-07-14T08:04:36+08:00,57.5754,59.8466,56.9545,54.9011,51.2,79.9,0.6464,51.6552,33.2322,0.9349,0.05,1008.2332
F80D7B2D-058F-4307-94A4-6056593D3921,310104320001,2024-08-17T00:00:00+08:00,2025-07-14T08:04:35+08:00,2025-07-14T08:04:35+08:00,58.8277,62.4885,57.2001,51.2957,41.5,77.6,0.9772,55.2961,31.8348,5.4957,0.0,1007.2076
C9D40754-CF07-40CA-B75B-92B664CA45D8,310104330002,2024-08-18T00:00:00+08:00,2025-07-14T08:04:04+08:00,2025-07-14T08:04:04+08:00,57.5618,59.6635,56.8982,54.5528,51.2,78.3,1.3408,56.3088,31.8521,2.1534,0.0,1005.3988
E61B1116-A77D-45ED-9E51-55D5AE994B08,310104320001,2024-08-19T00:00:00+08:00,2025-07-14T08:04:25+08:00,2025-07-14T08:04:25+08:00,56.8771,60.0488,55.2191,51.5538,43.4,77.3,1.1892,57.7444,32.3476,4.3822,0.0,1003.0875
F175557C-BB39-48F3-9C9C-74115AB23637,310104330002,2024-08-19T00:00:00+08:00,2025-07-14T08:04:31+08:00,2025-07-14T08:04:31+08:00,53.7712,55.3191,53.2858,52.4863,51.2,66.5,1.1106,68.5518,30.1124,0.3768,0.0,1004.0
BCCECE92-1F41-4483-BCFF-C6AA4AFB4ADD,310104320001,2024-08-20T00:00:00+08:00,2025-07-14T08:03:53+08:00,2025-07-14T08:03:53+08:00,56.0519,59.0813,55.0396,51.1937,43.2,72.9,1.0185,57.0823,33.0592,4.3762,0.0,1002.81
DC642E97-6397-41B1-810C-D92A6204DED2,310104330002,2024-08-20T00:00:00+08:00,2025-07-14T08:04:19+08:00,2025-07-14T08:04:19+08:00,53.4318,54.612,53.0513,52.3407,51.3,64.4,1.2322,69.6549,30.8394,0.2958,0.0,1004.0
F544D34A-7ED6-470B-A6DA-E2674065C702,310104320001,2024-08-21T00:00:00+08:00,2025-07-14T08:04:33+08:00,2025-07-14T08:04:33+08:00,45.3211,47.4864,44.4356,43.622,42.1,59.0,0.5696,77.0042,27.1508,0.3484,0.0,1004.0
D9C7BFAC-EEC8-4341-8C91-AACBB4CE1E1C,310104340006,2024-08-22T00:00:00+08:00,2025-07-14T08:04:17+08:00,2025-07-14T08:04:17+08:00,55.3066,57.8933,54.5033,52.3566,50.8,67.0,0.5024,64.1694,30.8777,0.5445,0.0,1010.0
D5BDE357-90C6-4BCF-9AA6-5A77CFDA2E3E,310104330002,2024-08-23T00:00:00+08:00,2025-07-14T08:04:15+08:00,2025-07-14T08:04:15+08:00,57.0156,59.8549,55.6489,54.0273,51.4,78.9,1.0556,46.7108,33.9203,1.9532,0.0,1007.1609
B59119B5-5288-45BA-AA15-61BEBF28636F,310104320001,2024-08-24T00:00:00+08:00,2025-07-14T08:03:48+08:00,2025-07-14T08:03:48+08:00,55.102,58.4146,52.8144,49.1648,42.7,82.9,0.9641,57.2802,32.2545,4.7533,0.0,1007.705
BC8241A6-A70C-45EA-8EDE-C02A15538507,310104330002,2024-08-24T00:00:00+08:00,2025-07-14T08:03:53+08:00,2025-07-14T08:03:53+08:00,53.7477,54.8582,53.3716,52.8041,51.2,73.0,0.4926,75.0447,28.4691,0.6833,0.0,1006.874
BA344AA4-62B3-43EF-8330-CEBA13990ED4,310104340006,2024-08-24T00:00:00+08:00,2025-07-14T08:03:51+08:00,2025-07-14T08:03:51+08:00,56.6172,58.7763,56.0369,54.187,50.9,73.2,0.6434,52.9288,33.584,0.6862,0.0,1010.0525
B5AD0B4A-2B99-46CA-8DF2-5091E71E6E44,310104320001,2024-08-25T00:00:00+08:00,2025-07-14T08:03:49+08:00,2025-07-14T08:03:49+08:00,45.7206,47.4981,44.7686,44.0694,42.2,66.0,0.8285,71.147,29.0648,0.2744,0.0,1006.4889
F948E1C6-91DB-40A4-898B-4FA821994B33,310104330002,2024-08-25T00:00:00+08:00,2025-07-14T08:04:36+08:00,2025-07-14T08:04:36+08:00,53.8223,55.0827,53.4043,52.6733,51.4,69.3,0.9688,73.7111,28.6874,0.4573,0.0,1006.2016
AF816B36-C82A-4D7F-BC85-BCD250EC11E2,310104340006,2024-08-25T00:00:00+08:00,2025-07-14T08:03:45+08:00,2025-07-14T08:03:45+08:00,54.6966,57.4411,53.7311,52.0272,50.7,71.5,0.6869,68.4346,29.5761,0.2507,0.0,1008.6452
FB567F8A-F091-4E66-AABD-997957BD3068,310104320001,2024-08-26T00:00:00+08:00,2025-07-14T08:04:37+08:00,2025-07-14T08:04:37+08:00,55.0662,57.8965,54.487,50.1273,43.3,72.2,1.0252,56.1341,32.5602,4.6293,0.0,1003.4858
EFF6A5A4-5395-48F1-9026-A96C20134A86,310104320001,2024-08-27T00:00:00+08:00,2025-07-14T08:04:30+08:00,2025-07-14T08:04:30+08:00,54.2211,57.1473,53.1102,50.1571,42.3,76.5,0.6791,64.5613,31.3414,3.6231,0.1017,1000.9882
F44B8449-6CB5-401F-8650-14501AA9D59F,310104330002,2024-08-27T00:00:00+08:00,2025-07-14T08:04:33+08:00,2025-07-14T08:04:33+08:00,55.8205,57.5478,55.0828,54.1057,51.9,77.5,1.0147,61.8426,31.6395,0.7391,0.0317,1000.8372
DC281AF2-3189-4652-BFFF-8C973ADBE6E3,310104330002,2024-08-28T00:00:00+08:00,2025-07-14T08:04:19+08:00,2025-07-14T08:04:19+08:00,53.8282,54.8876,53.5084,52.9011,51.9,68.5,1.0533,70.4696,29.1398,0.0976,0.0,1004.0
FC6DB378-40E7-4B50-9C77-27A107A23CC6,310104340006,2024-08-28T00:00:00+08:00,2025-07-14T08:04:38+08:00,2025-07-14T08:04:38+08:00,55.4896,58.2133,54.4891,52.4278,50.7,74.1,0.5344,67.2773,29.692,0.4233,0.0,1007.0
CC675924-8ED5-4B2E-B9FD-CA1AA793D431,310104340006,2024-08-29T00:00:00+08:00,2025-07-14T08:04:06+08:00,2025-07-14T08:04:06+08:00,57.4662,59.7616,56.7826,54.8265,51.3,80.9,0.6413,52.3641,33.0916,1.0104,0.0,1007.6847
E76BF15A-F4A3-4A24-93DF-2C1C7F7B045A,310104320001,2024-08-30T00:00:00+08:00,2025-07-14T08:04:25+08:00,2025-07-14T08:04:25+08:00,46.7167,48.0599,46.3491,45.46,41.5,63.2,0.4915,71.3031,28.6215,2.9506,0.0,1008.0785
FE3F7280-E128-4DB1-8EE1-3D6EBA971997,310104330002,2024-08-30T00:00:00+08:00,2025-07-14T08:04:39+08:00,2025-07-14T08:04:39+08:00,55.8647,57.3112,55.4149,54.3715,52.1,73.8,0.8678,54.2204,32.2069,0.6723,0.0,1006.8748
E7EE68B8-FF71-4B9D-9F4D-E671C8B43823,310104320001,2024-09-01T00:00:00+08:00,2025-07-14T08:04:26+08:00,2025-07-14T08:04:26+08:00,52.3319,53.9245,51.8442,50.556,42.6,72.3,0.8616,52.8696,32.6342,3.6594,0.0,1006.1606
EBB98CE0-5015-40F7-99BA-33D0487B4E5A,310104330002,2024-09-01T00:00:00+08:00,2025-07-14T08:04:28+08:00,2025-07-14T08:04:28+08:00,56.364,57.4735,56.0371,55.2661,51.2,80.4,0.9867,54.7071,32.4377,2.229,0.0,1006.1119
B31C6D5F-7A86-4252-B558-992DDC3622C2,310104320001,2024-09-02T00:00:00+08:00,2025-07-14T08:03:47+08:00,2025-07-14T08:03:47+08:00,52.2889,53.5459,51.9507,50.9578,42.5,69.7,0.8119,53.2046,33.177,3.1647,0.0,1007.0882
D4305D20-8825-458F-A56A-6A1B3E574D8D,310104340006,2024-09-02T00:00:00+08:00,2025-07-14T08:04:13+08:00,2025-07-14T08:04:13+08:00,57.53,59.8784,56.77,54.9264,51.1,82.0,0.5638,50.0544,34.1176,1.1894,0.0,1009.512
BD0821AC-5836-40D0-BD32-B1F27E73121B,310104320001,2024-09-03T00:00:00+08:00,2025-07-14T08:03:53+08:00,2025-07-14T08:03:53+08:00,51.1744,53.101,50.579,49.2841,42.3,68.0,0.6676,75.8804,27.705,2.8406,0.0467,1008.4521
EFF994F3-F7FD-472B-8A24-BA4C2E547A6E,310104330002,2024-09-03T00:00:00+08:00,2025-07-14T08:04:30+08:00,2025-07-14T08:04:30+08:00,55.866,57.2164,55.4742,54.5767,51.5,77.0,0.9527,75.6096,27.6343,1.1697,0.0067,1008.0711
E98114CC-C454-496E-9B4D-A40EF1C1379D,310104340006,2024-09-03T00:00:00+08:00,2025-07-14T08:04:27+08:00,2025-07-14T08:04:27+08:00,57.9298,60.0679,57.4053,55.3821,49.1,75.5,0.4741,74.2552,28.0869,1.1177,0.0133,1010.7156
F7E11ED8-8DB5-4C2B-818F-14AAB9532D01,310104330002,2024-09-04T00:00:00+08:00,2025-07-14T08:04:35+08:00,2025-07-14T08:04:35+08:00,56.0661,57.6245,55.521,54.4776,52.2,76.1,1.1484,57.3328,31.0394,0.8386,0.0,1005.3712
E943D15C-C6C3-4939-922D-682070FEE9B8,310104320001,2024-09-06T00:00:00+08:00,2025-07-14T08:04:27+08:00,2025-07-14T08:04:27+08:00,45.9692,47.5235,45.5651,44.5717,40.3,61.0,0.5772,70.0824,27.8878,2.9748,0.0,1011.13
C5D81724-BCAB-488B-A604-38209A950828,310104330002,2024-09-06T00:00:00+08:00,2025-07-14T08:04:01+08:00,2025-07-14T08:04:01+08:00,53.4295,54.3541,53.1846,52.6366,51.4,69.0,0.4365,72.0878,27.555,0.5617,0.0,1010.8728
F61CC541-6CDF-49B0-9E10-CA0B6BE1947F,310104340006,2024-09-06T00:00:00+08:00,2025-07-14T08:04:34+08:00,2025-07-14T08:04:34+08:00,54.2822,57.0192,53.3079,51.8089,50.4,67.1,0.4068,67.6908,28.372,1.1096,0.0,1013.55
E2534C8D-3BB9-4625-9589-04A069132ED7,310104320001,2024-09-07T00:00:00+08:00,2025-07-14T08:04:22+08:00,2025-07-14T08:04:22+08:00,53.9192,56.1064,53.3594,50.6946,42.5,78.7,0.998,54.9349,31.4664,3.8997,0.0,1011.4974
DACF5A8D-9346-465C-8949-77A52211E0F1,310104340006,2024-09-07T00:00:00+08:00,2025-07-14T08:04:18+08:00,2025-07-14T08:04:18+08:00,56.9293,59.2018,56.2742,54.3707,49.5,75.2,0.643,51.0752,32.7076,0.6889,0.0,1014.006
B55E1FC8-04EF-48FD-88A4-5B18AD6602FC,310104320001,2024-09-08T00:00:00+08:00,2025-07-14T08:03:48+08:00,2025-07-14T08:03:48+08:00,53.2042,55.1897,52.3898,50.5768,42.2,76.3,1.0666,56.7105,31.4598,3.0827,0.0683,1010.7782
EC0B6745-E836-4E97-AC32-F0D023457F1B,310104340006,2024-09-08T00:00:00+08:00,2025-07-14T08:04:28+08:00,2025-07-14T08:04:28+08:00,55.0273,57.8315,54.0835,52.174,50.6,66.7,0.5038,68.3366,29.5512,0.4754,0.0,1013.0
D6F00092-56F7-4AD3-B35B-FE8D4B27F263,310104320001,2024-09-13T00:00:00+08:00,2025-07-14T08:04:15+08:00,2025-07-14T08:04:15+08:00,94.8136,94.8594,94.8152,94.7673,94.5,95.2,0.5083,75.426,27.8743,0.078,0.0,1004.5283
F348876D-9142-4386-843C-CE98D334EF61,310104330002,2024-09-13T00:00:00+08:00,2025-07-14T08:04:32+08:00,2025-07-14T08:04:32+08:00,52.9422,53.8588,52.7307,52.2216,50.5,66.0,0.4188,77.2589,27.5424,0.8202,0.0,1004.3661
E10D5900-6368-4D6F-86A0-837B27A21CA7,310104320001,2024-09-14T00:00:00+08:00,2025-07-14T08:04:22+08:00,2025-07-14T08:04:22+08:00,90.9945,91.0543,90.9957,90.9399,10.6,97.7,0.8118,58.7145,30.7603,15.6604,0.0,1003.91
D72FDC1F-F2BC-4657-B928-F5AEACD96643,310104330002,2024-09-14T00:00:00+08:00,2025-07-14T08:04:15+08:00,2025-07-14T08:04:15+08:00,52.6862,53.8441,52.4138,51.7726,50.1,65.7,1.1285,69.5335,28.3477,0.547,0.0,1003.6767
FFF4EA9E-DD4C-4FA4-93E7-E351A37D2EF2,310104340006,2024-09-14T00:00:00+08:00,2025-07-14T08:04:40+08:00,2025-07-14T08:04:40+08:00,54.4679,57.1424,53.486,52.2518,50.9,69.6,0.5752,67.0645,28.8517,1.0643,0.0,1006.3451
EAF8138D-6B13-4B57-9890-5B347B0C9006,310104320001,2024-09-15T00:00:00+08:00,2025-07-14T08:04:28+08:00,2025-07-14T08:04:28+08:00,64.3736,64.8365,64.2012,64.0699,45.2,82.3,1.2325,67.0333,29.859,1.3589,0.08,1004.7941
CD1A86FE-EF8F-4610-8A3B-5D891498056C,310104330002,2024-09-15T00:00:00+08:00,2025-07-14T08:04:06+08:00,2025-07-14T08:04:06+08:00,59.9955,63.7905,55.2775,52.1962,50.0,83.2,2.1638,74.5849,28.6766,6.3743,0.115,1002.2068
EB5EB74E-49DC-409E-8378-3C206EB6B4F2,310104330002,2024-09-16T00:00:00+08:00,2025-07-14T08:04:28+08:00,2025-07-14T08:04:28+08:00,56.544,59.4188,54.6199,52.5714,41.5,80.9,2.1554,79.2308,27.881,3.819,0.0,1006.7665
E03C0975-7C99-4BB5-9415-C362359A5EBD,310104340006,2024-09-16T00:00:00+08:00,2025-07-14T08:04:21+08:00,2025-07-14T08:04:21+08:00,54.5151,57.1995,53.3043,52.2782,51.2,75.9,0.7996,80.5996,28.3746,1.0694,0.0,1011.4076
F103DE7E-FA8E-439A-A959-06F93B7149C8,310104320001,2024-09-17T00:00:00+08:00,2025-07-14T08:04:30+08:00,2025-07-14T08:04:30+08:00,93.1662,93.2008,93.1653,93.1349,62.5,95.2,1.1817,64.8447,30.2907,13.5909,0.0033,1010.4334
E357209F-F339-4DCA-8091-6E0BC70933E4,310104330002,2024-09-17T00:00:00+08:00,2025-07-14T08:04:22+08:00,2025-07-14T08:04:22+08:00,54.8334,57.0282,52.9039,51.5043,48.6,88.0,1.4326,64.5824,30.2486,2.0149,0.0,1010.2755
CAFE4E99-B0CE-4936-965E-653EBCEEAD91,310104340006,2024-09-17T00:00:00+08:00,2025-07-14T08:04:05+08:00,2025-07-14T08:04:05+08:00,57.606,60.1182,56.818,54.7881,51.6,83.4,0.787,62.0477,31.1508,0.9174,0.0,1012.9434
B994D7B1-D38F-42AE-9BA1-2259041AB8B2,310104320001,2024-09-18T00:00:00+08:00,2025-07-14T08:03:51+08:00,2025-07-14T08:03:51+08:00,89.6006,89.6452,89.6017,89.5594,44.1,95.1,1.223,65.2434,29.7999,20.7729,0.04,1009.0825
FFB7BE35-ECBC-4BB4-8A66-5FBBDE526DD4,310104320001,2024-09-19T00:00:00+08:00,2025-07-14T08:04:40+08:00,2025-07-14T08:04:40+08:00,50.1268,51.52,49.5816,48.6985,41.9,69.3,0.7151,87.5923,26.877,2.2724,0.18,998.7959
FF478308-F35C-4D79-AC08-31F928C56654,310104330002,2024-09-19T00:00:00+08:00,2025-07-14T08:04:39+08:00,2025-07-14T08:04:39+08:00,56.5676,58.3543,55.6585,54.2944,51.0,80.2,1.1509,76.413,28.6795,0.9143,0.3983,1003.6206
E6B16244-53E6-4DF9-BAA8-F95845C3FEE2,310104340006,2024-09-20T00:00:00+08:00,2025-07-14T08:04:25+08:00,2025-07-14T08:04:25+08:00,52.8145,54.3647,52.3196,51.0277,45.1,71.6,0.2885,85.7416,28.0733,1.0007,0.03,1005.6662
E28E5A66-702A-4837-BA8A-3A45301BC5AE,310104320001,2024-09-21T00:00:00+08:00,2025-07-14T08:04:22+08:00,2025-07-14T08:04:22+08:00,44.5675,46.5198,43.8891,42.9882,40.0,61.4,0.6526,66.9914,21.8277,1.2256,0.0,1012.0668
C28D0DF4-8DD6-4B82-9D9D-6FC4BDBA16C4,310104330002,2024-09-21T00:00:00+08:00,2025-07-14T08:03:58+08:00,2025-07-14T08:03:58+08:00,57.8282,60.1854,56.5201,54.7723,48.8,81.3,1.4908,72.214,24.5787,1.5708,0.0,1008.4096
EBD94060-6B21-4213-AC9D-9C0BC07B80DE,310104320001,2024-09-22T00:00:00+08:00,2025-07-14T08:04:28+08:00,2025-07-14T08:04:28+08:00,44.5311,46.814,43.529,42.4508,40.6,59.9,0.4205,61.3904,20.599,1.0403,0.0,1016.0
B5EDE076-0191-4A7E-A873-E206E106B143,310104320001,2024-09-24T00:00:00+08:00,2025-07-14T08:03:49+08:00,2025-07-14T08:03:49+08:00,47.1878,51.418,43.5483,41.7549,39.6,68.6,0.1376,87.3053,22.2198,3.7916,0.0,1012.0
E1988B3E-86AD-4D39-8B65-9896A15E6402,310104330002,2024-09-24T00:00:00+08:00,2025-07-14T08:04:22+08:00,2025-07-14T08:04:22+08:00,56.0881,57.9669,55.5212,54.1228,51.4,76.8,0.6633,81.7148,21.8646,0.8597,0.0,1011.9559
C21C06BA-E96D-4266-8B0E-15C40D07082D,310104320001,2024-09-25T00:00:00+08:00,2025-07-14T08:03:57+08:00,2025-07-14T08:03:57+08:00,50.337,52.4626,49.6168,48.0707,41.6,75.6,0.231,86.1435,23.5491,2.4267,0.2,1011.9449
CE5FBCD5-A61F-467F-B87E-52E62838D644,310104330002,2024-09-27T00:00:00+08:00,2025-07-14T08:04:08+08:00,2025-07-14T08:04:08+08:00,52.4237,53.8184,52.0418,51.3086,50.1,62.9,0.5448,72.2127,23.2482,0.4955,0.0,1012.8863
DC731227-3961-4047-A702-1129FDEDC42B,310104340006,2024-09-27T00:00:00+08:00,2025-07-14T08:04:19+08:00,2025-07-14T08:04:19+08:00,54.9059,57.6743,53.8249,52.3731,50.9,70.7,0.3764,69.5562,23.8113,0.9784,0.0,1015.5198
E88264F3-9C1C-4CB5-8353-8A3E08858919,310104340006,2024-09-28T00:00:00+08:00,2025-07-14T08:04:26+08:00,2025-07-14T08:04:26+08:00,55.2481,57.8541,54.2787,52.5834,51.4,70.8,0.3396,73.419,25.5213,0.4477,0.0,1017.0
D5BE8893-121F-4D40-9EEF-60F6536AA07B,310104320001,2024-09-29T00:00:00+08:00,2025-07-14T08:04:15+08:00,2025-07-14T08:04:15+08:00,44.2108,45.9803,43.6176,42.7334,40.8,54.3,0.7907,76.8724,26.2894,0.4764,0.0,1013.586
DF9606C7-041E-4FC3-B8D4-FDA30E879841,310104340006,2024-09-29T00:00:00+08:00,2025-07-14T08:04:21+08:00,2025-07-14T08:04:21+08:00,57.9445,60.3814,57.139,55.2442,51.7,81.5,0.6573,61.4838,28.9608,0.9414,0.0,1015.7195
C421D22E-A8EA-4AE2-91B8-5A86DB05CF08,310104320001,2024-09-30T00:00:00+08:00,2025-07-14T08:03:58+08:00,2025-07-14T08:03:58+08:00,43.2358,44.6325,42.7553,42.0937,39.0,58.5,0.4475,80.3572,26.1295,0.5561,0.0,1009.4589
BA7EC69A-9774-49A4-8804-36BC71953A37,310104330002,2024-10-02T00:00:00+08:00,2025-07-14T08:03:52+08:00,2025-07-14T08:03:52+08:00,52.0663,53.6618,51.2265,50.484,49.2,75.8,1.1657,54.2132,18.5788,0.6851,0.0,1019.1945
C1E7692F-503F-49F5-B61D-4BA8155998C1,310104340006,2024-10-02T00:00:00+08:00,2025-07-14T08:03:57+08:00,2025-07-14T08:03:57+08:00,63.1246,65.3045,62.3755,60.3467,51.1,84.4,0.7006,54.1884,18.8742,3.6088,0.0,1022.1455
F3EEF65F-9F4E-4E6E-934B-A6273D3A6317,310104340006,2024-10-03T00:00:00+08:00,2025-07-14T08:04:32+08:00,2025-07-14T08:04:32+08:00,61.1806,63.0575,60.6325,58.6855,51.2,84.7,0.4412,47.0545,19.6755,3.1937,0.0,1023.5493
E5E46D72-D62D-4A88-996E-F7FEEA50FB10,310104320001,2024-10-04T00:00:00+08:00,2025-07-14T08:04:25+08:00,2025-07-14T08:04:25+08:00,61.2496,66.7162,54.5125,49.3348,41.7,93.3,0.9562,47.8306,22.1874,6.2578,0.0,1020.9368
F25BA408-A440-498B-AA65-78942D497FB4,310104330002,2024-10-04T00:00:00+08:00,2025-07-14T08:04:31+08:00,2025-07-14T08:04:31+08:00,52.5862,54.1233,52.1041,51.3268,49.7,66.5,1.2035,56.1191,21.8008,0.0009,0.0,1019.6298
C5E4EA15-BA34-479B-A540-30CAE7649398,310104340006,2024-10-04T00:00:00+08:00,2025-07-14T08:04:01+08:00,2025-07-14T08:04:01+08:00,56.3273,59.1721,55.3801,53.3997,51.5,71.8,0.6098,54.5818,22.2153,0.3364,0.0,1022.1411
CC94D62B-5BF9-476B-A091-D02D9B2BB928,310104340006,2024-10-05T00:00:00+08:00,2025-07-14T08:04:06+08:00,2025-07-14T08:04:06+08:00,57.2867,59.5658,56.6269,54.6166,51.5,81.2,0.5856,68.0581,22.4795,0.8643,0.05,1020.9943
CD5493DC-98B7-40FA-854A-1BD026067CD8,310104320001,2024-10-06T00:00:00+08:00,2025-07-14T08:04:06+08:00,2025-07-14T08:04:06+08:00,44.7499,46.2987,44.2571,43.4941,40.4,57.0,0.4848,86.6641,19.1191,1.0693,0.0,1017.5017
C2A2A716-EDC8-4995-B372-AB6F29FB2983,310104340006,2024-10-06T00:00:00+08:00,2025-07-14T08:03:58+08:00,2025-07-14T08:03:58+08:00,59.9228,62.5357,59.2942,56.5242,51.8,77.6,0.4624,82.3756,19.7687,1.2256,0.0284,1020.0317
D638583A-D446-4024-BB4A-CB374B5AB284,310104330002,2024-10-07T00:00:00+08:00,2025-07-14T08:04:15+08:00,2025-07-14T08:04:15+08:00,56.5837,58.3546,55.6999,54.371,51.6,80.6,0.9232,80.4052,18.9429,1.0497,0.0983,1018.668
CFA462F8-C0CD-4923-B1A8-80BDC245F336,310104320001,2024-10-09T00:00:00+08:00,2025-07-14T08:04:10+08:00,2025-07-14T08:04:10+08:00,44.0026,46.3964,43.026,41.7827,39.0,57.8,0.1654,73.6664,16.332,0.7591,0.0,1015.1997
E5E67D58-67B2-40C4-AF5B-C221422D4F0E,310104330002,2024-10-09T00:00:00+08:00,2025-07-14T08:04:25+08:00,2025-07-14T08:04:25+08:00,52.4482,53.7932,52.075,51.3298,50.3,65.0,0.2576,64.8588,18.0352,0.2232,0.0,1015.0
F31B6FE9-96F8-4D64-AAD5-11C7093139EA,310104340006,2024-10-09T00:00:00+08:00,2025-07-14T08:04:32+08:00,2025-07-14T08:04:32+08:00,56.5567,59.4345,55.6662,53.4883,51.6,66.4,0.1412,66.945,17.6628,0.5624,0.0,1018.0
CA222521-4BC8-4B73-BF60-FA193F5596CF,310104320001,2024-10-10T00:00:00+08:00,2025-07-14T08:04:04+08:00,2025-07-14T08:04:04+08:00,43.7657,45.8999,42.924,41.9282,39.3,54.5,0.1778,69.2591,18.4744,0.9543,0.0,1016.5053
F56A142B-0650-481C-BADE-DF494E5B2411,310104340006,2024-10-10T00:00:00+08:00,2025-07-14T08:04:33+08:00,2025-07-14T08:04:33+08:00,58.7038,60.8555,57.9989,56.0434,52.2,82.5,0.4385,46.3297,21.8589,0.8063,0.0,1018.3475
E2442011-BA6B-42F7-9291-A12B53B29150,310104320001,2024-10-11T00:00:00+08:00,2025-07-14T08:04:22+08:00,2025-07-14T08:04:22+08:00,56.1856,59.7215,53.1894,48.7007,40.1,85.6,0.558,55.1312,22.393,6.1319,0.0,1017.6422
E6B267B9-4840-4C51-9D38-66D6D2CBBA77,310104330002,2024-10-11T00:00:00+08:00,2025-07-14T08:04:25+08:00,2025-07-14T08:04:25+08:00,55.0176,56.7505,54.4761,53.1074,50.1,78.7,0.6824,52.032,22.7827,1.1235,0.0,1017.3695
CC5C6092-663E-4491-B2EF-207F3B8B88AC,310104340006,2024-10-11T00:00:00+08:00,2025-07-14T08:04:06+08:00,2025-07-14T08:04:06+08:00,58.6726,61.3953,57.6808,55.5717,51.7,85.0,0.4442,50.5056,23.544,1.383,0.0,1020.179
DB0E768B-F821-43D4-8B67-593CF55EC203,310104320001,2024-10-12T00:00:00+08:00,2025-07-14T08:04:18+08:00,2025-07-14T08:04:18+08:00,56.3933,58.7515,52.3944,48.8635,41.9,88.1,0.8592,60.2503,23.3239,5.9137,0.0,1019.8246
F0172320-DA48-4249-BFA7-A0CB5DEB25A1,310104340006,2024-10-12T00:00:00+08:00,2025-07-14T08:04:30+08:00,2025-07-14T08:04:30+08:00,60.7069,63.7885,59.2394,56.6513,51.7,84.1,0.5542,56.2706,24.2604,2.4951,0.0,1022.0945
BDFC8BFA-5E98-436C-8F98-B64C5A4C8A2D,310104320001,2024-10-13T00:00:00+08:00,2025-07-14T08:03:54+08:00,2025-07-14T08:03:54+08:00,52.9885,56.5603,49.7878,46.1124,41.7,82.4,0.8208,60.8264,24.4698,4.0674,0.0633,1017.5984
F7360B14-9DEA-4D27-B648-0CA381FCC564,310104340006,2024-10-13T00:00:00+08:00,2025-07-14T08:04:34+08:00,2025-07-14T08:04:34+08:00,55.0548,57.9474,53.9042,52.0843,50.8,65.5,0.4238,69.9018,23.2562,0.2484,0.0,1018.9622
F521B17A-4665-4903-AEEF-0B07FEF01B7D,310104320001,2024-10-15T00:00:00+08:00,2025-07-14T08:04:33+08:00,2025-07-14T08:04:33+08:00,44.3917,47.1239,43.2508,41.9486,40.0,56.8,0.2882,85.4368,20.3305,0.6682,0.0,1019.2029
B3A6907D-DCBA-4042-82D7-CE2836879ED1,310104330002,2024-10-15T00:00:00+08:00,2025-07-14T08:03:47+08:00,2025-07-14T08:03:47+08:00,55.3203,57.1564,54.7173,53.5033,51.1,72.6,0.7805,73.0789,21.9348,0.6807,0.3533,1017.2479
F332ED0B-81F6-4C1B-831B-EB1EE99359B9,310104320001,2024-10-16T00:00:00+08:00,2025-07-14T08:04:32+08:00,2025-07-14T08:04:32+08:00,51.9274,55.3891,49.6327,47.3829,42.8,77.1,0.8303,74.1717,22.7206,2.2628,0.08,1019.9
EDAAC8D3-2168-4D36-A7F1-8D8AD9E5DCC3,310104340006,2024-10-16T00:00:00+08:00,2025-07-14T08:04:28+08:00,2025-07-14T08:04:28+08:00,58.6894,61.1713,57.9252,55.7033,51.9,82.7,0.5349,71.4969,23.2674,0.7232,0.0433,1022.3758
BFCAE2EA-88AA-4D41-995E-B552C01E99ED,310104320001,2024-10-17T00:00:00+08:00,2025-07-14T08:03:55+08:00,2025-07-14T08:03:55+08:00,48.9853,51.0884,48.1574,46.7661,41.9,68.2,0.7898,74.4081,24.4085,1.5494,0.075,1015.9645
D03F25F3-367F-4DE2-AFF7-E05E3279A65C,310104340006,2024-10-17T00:00:00+08:00,2025-07-14T08:04:10+08:00,2025-07-14T08:04:10+08:00,56.8371,58.8906,56.0472,54.4058,52.1,80.3,0.3488,82.9881,23.519,0.8755,0.0,1016.6784
DA08EFF5-DAB5-4D5F-952A-72C893ADCE2B,310104330002,2024-10-18T00:00:00+08:00,2025-07-14T08:04:17+08:00,2025-07-14T08:04:17+08:00,53.061,54.5709,52.5803,51.745,50.5,67.7,0.7718,70.6566,25.8302,0.1166,0.0,1013.29
F17CD98B-F1BB-4583-A1A5-ACD48F80CBD3,310104340006,2024-10-18T00:00:00+08:00,2025-07-14T08:04:31+08:00,2025-07-14T08:04:31+08:00,58.8241,61.1739,58.1766,55.7172,51.9,80.8,0.4777,60.8816,28.7704,1.5724,0.085,1013.5155
CA361979-1276-4BAE-8D6E-A3140B9A305C,310104340006,2024-10-19T00:00:00+08:00,2025-07-14T08:04:04+08:00,2025-07-14T08:04:04+08:00,55.2273,58.1167,54.1201,52.7184,49.3,73.6,0.6431,56.5743,17.3713,0.9609,0.0,1027.4558
F5093961-D209-44FF-94B8-66DF21DED686,310104320001,2024-10-21T00:00:00+08:00,2025-07-14T08:04:33+08:00,2025-07-14T08:04:33+08:00,44.6114,46.1664,44.002,43.5568,42.9,54.6,0.371,77.8978,20.602,0.0419,0.0,1018.0
B22F9287-95C9-4B97-8AFE-06C595388EBE,310104330002,2024-10-21T00:00:00+08:00,2025-07-14T08:03:46+08:00,2025-07-14T08:03:46+08:00,55.068,56.6582,54.6582,53.4113,50.8,70.6,0.7765,69.808,21.5302,0.8648,0.0,1018.3905
BBD35EA0-5014-460F-8341-8E43BD0AC7FB,310104340006,2024-10-21T00:00:00+08:00,2025-07-14T08:03:52+08:00,2025-07-14T08:03:52+08:00,56.1039,59.062,55.0844,52.906,51.5,65.6,0.6439,75.8686,20.891,0.4362,0.0,1020.5242
FC461F9B-7795-4AD2-B578-2C9C4F6A0FC8,310104320001,2024-10-24T00:00:00+08:00,2025-07-14T08:04:38+08:00,2025-07-14T08:04:38+08:00,46.3755,47.7769,45.9036,45.3826,44.1,55.4,0.8215,61.575,17.8243,0.0885,0.0,1019.3975
B849F112-ED7A-47AD-B4C8-F96A42ADD41F,310104340006,2024-10-24T00:00:00+08:00,2025-07-14T08:03:49+08:00,2025-07-14T08:03:49+08:00,56.4649,59.0843,55.6574,53.5964,51.8,66.7,0.6224,57.666,18.5256,0.299,0.0,1021.6288
BFD10B73-37F7-4D83-8AA1-67C385990959,310104320001,2024-10-25T00:00:00+08:00,2025-07-14T08:03:55+08:00,2025-07-14T08:03:55+08:00,50.2381,52.704,48.8956,47.4275,44.2,74.3,0.9601,68.4704,21.395,1.881,0.0,1017.8569
D6E0A6FC-5321-409D-9C5D-856569943B37,310104330002,2024-10-25T00:00:00+08:00,2025-07-14T08:04:15+08:00,2025-07-14T08:04:15+08:00,53.1251,54.8987,52.605,51.5068,49.4,66.5,1.0808,84.993,21.2584,0.6071,0.0,1014.8605
FDC6FFFB-FC15-4A11-A30F-6D63F67205C8,310104340006,2024-10-25T00:00:00+08:00,2025-07-14T08:04:38+08:00,2025-07-14T08:04:38+08:00,58.7167,61.1859,58.0302,56.0196,52.3,82.5,0.7185,64.6664,22.0899,0.8667,0.0717,1020.318
DBBB272C-349E-45B8-91D8-A3793BD0FA9D,310104320001,2024-10-26T00:00:00+08:00,2025-07-14T08:04:18+08:00,2025-07-14T08:04:18+08:00,49.7372,51.736,49.0471,48.0379,43.8,70.6,0.7531,86.8018,21.8862,1.2331,0.0,1013.8472
F82D2782-FC7F-4B1A-9C79-5DD209CA29F4,310104340006,2024-10-26T00:00:00+08:00,2025-07-14T08:04:35+08:00,2025-07-14T08:04:35+08:00,57.8904,61.5455,56.3439,53.2043,51.0,70.4,0.2164,86.0731,21.9515,1.7065,0.1267,1015.5845
E7087F56-F609-4CED-A7B6-01B1596D0766,310104320001,2024-10-27T00:00:00+08:00,2025-07-14T08:04:25+08:00,2025-07-14T08:04:25+08:00,45.445,47.1516,44.7776,44.2176,43.2,62.7,0.3724,70.4711,18.1567,0.1246,0.0,1015.4703
FD2656BD-8804-41D7-854E-36E3BD1988FA,310104330002,2024-10-27T00:00:00+08:00,2025-07-14T08:04:38+08:00,2025-07-14T08:04:38+08:00,57.157,59.8526,54.3701,52.538,38.0,83.5,1.1414,70.1729,19.5162,2.6676,0.115,1013.5804
FA794EA9-909D-416D-91D8-1A3CC7009F1D,310104330002,2024-10-28T00:00:00+08:00,2025-07-14T08:04:36+08:00,2025-07-14T08:04:36+08:00,52.9758,54.3766,52.5552,51.7159,50.5,65.0,0.4172,58.6354,16.3389,0.4752,0.0,1016.5094
BC14F1A4-A3EF-4F7F-BB03-2FB115C6F863,310104340006,2024-10-28T00:00:00+08:00,2025-07-14T08:03:53+08:00,2025-07-14T08:03:53+08:00,60.5693,62.4934,60.1841,58.4179,52.4,80.5,0.664,57.618,19.0738,2.492,0.0,1018.3637
E1220B61-0FF9-41DD-AE2B-CB5C4CDF40C3,310104320001,2024-10-29T00:00:00+08:00,2025-07-14T08:04:22+08:00,2025-07-14T08:04:22+08:00,46.0269,47.7547,45.3852,44.8476,43.9,59.0,0.2996,67.5574,15.4608,0.3091,0.0,1019.8266
E2F1E5C8-6479-44C0-A126-747304ACEC77,310104330002,2024-10-29T00:00:00+08:00,2025-07-14T08:04:22+08:00,2025-07-14T08:04:22+08:00,53.4343,55.0212,52.8929,52.0904,50.4,64.9,0.5396,60.7243,16.6523,0.3689,0.0,1019.0
B9CBAB0B-F876-4C38-825A-B26C9DCEF433,310104340006,2024-10-29T00:00:00+08:00,2025-07-14T08:03:51+08:00,2025-07-14T08:03:51+08:00,59.6093,61.8648,59.1017,56.9626,52.6,75.3,0.5855,49.2313,18.8544,1.7244,0.0,1020.2706
BB8EFC29-C90A-4EBE-A0E3-DF7ACBB0EEA3,310104340006,2024-10-31T00:00:00+08:00,2025-07-14T08:03:52+08:00,2025-07-14T08:03:52+08:00,60.4381,62.8185,59.6609,57.3968,52.4,85.2,0.5379,76.8451,19.6361,1.2912,0.2516,1018.8797
EF757AB8-0296-4C90-920E-D71026157F9D,310104320001,2024-11-01T00:00:00+08:00,2025-07-14T08:04:30+08:00,2025-07-14T08:04:30+08:00,47.0009,48.4779,46.5531,45.955,44.3,59.1,0.56,84.0873,16.6357,1.7751,0.0,1015.9943
E26D4249-0093-46E0-9C98-2B5AE138B885,310104330002,2024-11-02T00:00:00+08:00,2025-07-14T08:04:22+08:00,2025-07-14T08:04:22+08:00,52.9737,54.3109,52.6138,51.9423,50.2,68.7,0.3714,78.0604,16.854,0.3579,0.0,1020.7024
D27A4085-D06B-46B1-863B-4B64DD4CE89D,310104340006,2024-11-02T00:00:00+08:00,2025-07-14T08:04:12+08:00,2025-07-14T08:04:12+08:00,55.9228,59.0631,54.6797,52.9281,51.4,73.6,0.2745,77.7572,17.1505,0.9039,0.0,1023.6292
CC313A6D-07EA-42F6-84B0-A67B5D5CA1C0,310104320001,2024-11-03T00:00:00+08:00,2025-07-14T08:04:05+08:00,2025-07-14T08:04:05+08:00,48.739,50.9236,47.8184,46.3762,44.3,69.1,0.3583,63.2922,20.9952,1.411,0.0,1020.0795
B1BD41B8-225C-41E2-8A76-8D8DFDD8E138,310104330002,2024-11-03T00:00:00+08:00,2025-07-14T08:03:46+08:00,2025-07-14T08:03:46+08:00,51.9788,53.329,51.6621,50.8419,49.7,63.6,0.2596,77.094,18.2398,0.0435,0.0,1020.0
B2A31D57-4706-4DFD-A063-D82F062DA3A9,310104340006,2024-11-04T00:00:00+08:00,2025-07-14T08:03:47+08:00,2025-07-14T08:03:47+08:00,57.105,60.1245,56.085,53.7869,52.1,67.2,0.7472,58.1872,18.1158,0.0781,0.0,1027.307
D53229F8-F143-4643-B142-5996898B62C8,310104320001,2024-11-06T00:00:00+08:00,2025-07-14T08:04:13+08:00,2025-07-14T08:04:13+08:00,47.7375,49.1286,47.328,46.6329,45.3,59.8,0.341,51.9362,13.5272,0.4516,0.0,1028.0721
BC605B1F-4DE8-4593-94ED-761541AAA465,310104340006,2024-11-06T00:00:00+08:00,2025-07-14T08:03:53+08:00,2025-07-14T08:03:53+08:00,57.913,61.0412,56.7967,54.0624,52.2,70.7,0.3028,45.775,14.6846,0.8299,0.0,1030.4066
B2DB0C93-9924-455A-827B-EAA571A97233,310104320001,2024-11-07T00:00:00+08:00,2025-07-14T08:03:47+08:00,2025-07-14T08:03:47+08:00,55.425,59.3412,52.6146,49.6327,45.1,80.4,0.6048,51.6906,15.3844,4.6354,0.0,1027.5788
D044D0A8-7947-4049-B51B-0AD94EE27160,310104340006,2024-11-07T00:00:00+08:00,2025-07-14T08:04:10+08:00,2025-07-14T08:04:10+08:00,59.0749,61.3238,58.59,56.4007,52.6,74.2,0.5146,46.6377,16.3635,0.5727,0.0,1030.0127
BCB6CC92-4883-42EF-BC5D-C903DC8BAB2A,310104320001,2024-11-09T00:00:00+08:00,2025-07-14T08:03:53+08:00,2025-07-14T08:03:53+08:00,45.8875,47.1528,45.4452,45.0512,43.9,54.0,0.5039,77.0376,18.1592,0.3537,0.0284,1019.9554
D16FF3D3-FE27-40E8-B8F9-7447B3A1F215,310104330002,2024-11-09T00:00:00+08:00,2025-07-14T08:04:11+08:00,2025-07-14T08:04:11+08:00,55.1858,57.0576,54.4245,52.9626,49.5,79.8,0.8673,62.2062,20.3307,1.1863,0.0,1021.1864
D4B8CE73-8A81-4C1A-9952-30CF10755BB9,310104320001,2024-11-10T00:00:00+08:00,2025-07-14T08:04:13+08:00,2025-07-14T08:04:13+08:00,48.6352,49.8181,48.2562,47.8138,46.5,57.1,0.2806,79.2611,15.409,0.1464,0.0,1021.0
AF326D3A-2643-480A-BFA0-C848D5CA2C98,310104330002,2024-11-10T00:00:00+08:00,2025-07-14T08:03:45+08:00,2025-07-14T08:03:45+08:00,55.7358,57.9179,55.0651,53.6056,50.5,75.7,0.7954,74.3295,18.0735,0.9933,0.11,1019.3048
B7D89C8E-8E56-4F24-88DE-4A121D4B1156,310104340006,2024-11-10T00:00:00+08:00,2025-07-14T08:03:49+08:00,2025-07-14T08:03:49+08:00,59.4966,61.7975,59.0256,56.562,52.5,73.6,0.5412,73.1777,18.3864,0.8147,0.06,1022.1748
F442550E-E07C-4AFD-83F7-4D15917AB398,310104340006,2024-11-11T00:00:00+08:00,2025-07-14T08:04:33+08:00,2025-07-14T08:04:33+08:00,58.5207,60.2501,58.1899,56.8411,52.2,69.0,0.1822,73.783,16.2588,0.2268,0.0,1022.4121
E137E85B-BD07-411C-9E78-7E82B10EADEE,310104340006,2024-11-12T00:00:00+08:00,2025-07-14T08:04:22+08:00,2025-07-14T08:04:22+08:00,59.1575,61.5711,58.439,56.2521,52.5,85.2,0.4748,61.1517,19.145,0.9763,0.0,1022.2535
BE2DCF32-A432-4143-9DC3-8317FA1AEBE6,310104330002,2024-11-14T00:00:00+08:00,2025-07-14T08:03:54+08:00,2025-07-14T08:03:54+08:00,55.5705,57.615,54.9796,53.3156,49.5,71.1,1.03,77.5147,21.0687,1.106,0.1,1014.7849
FA8E49B8-C16B-418A-AF43-CC12FD2162CE,310104320001,2024-11-15T00:00:00+08:00,2025-07-14T08:04:36+08:00,2025-07-14T08:04:36+08:00,54.4667,57.9929,53.2662,47.7027,41.4,75.1,0.4133,84.7315,20.6828,5.1693,0.1433,1014.139
CEFC75A2-1093-4AE5-8C94-48C46CCF7851,310104340006,2024-11-15T00:00:00+08:00,2025-07-14T08:04:08+08:00,2025-07-14T08:04:08+08:00,59.5497,61.7561,59.0895,56.7983,51.3,73.3,0.3106,82.2452,21.1766,0.9559,0.1417,1016.6902
C1855C6D-8E42-4DBC-9ED6-C72185BDED3F,310104330002,2024-11-16T00:00:00+08:00,2025-07-14T08:03:57+08:00,2025-07-14T08:03:57+08:00,54.752,56.579,54.188,52.6769,49.9,75.2,0.8941,74.3971,20.8078,0.6398,0.0,1015.1366
B9B59425-BFC6-446B-B5DE-794638DB24AD,310104340006,2024-11-16T00:00:00+08:00,2025-07-14T08:03:51+08:00,2025-07-14T08:03:51+08:00,55.6492,58.73,54.4968,52.528,51.1,68.6,0.5962,74.1268,18.903,1.4159,0.0383,1020.3909
B888EA52-96DD-4752-9752-E86CD8C0D0C7,310104320001,2024-11-17T00:00:00+08:00,2025-07-14T08:03:49+08:00,2025-07-14T08:03:49+08:00,50.3323,52.4751,49.7041,48.0349,44.0,68.4,1.2703,61.1391,15.3206,1.7288,0.19,1024.5235
B9179F04-293B-4291-9875-52442808E6BE,310104330002,2024-11-17T00:00:00+08:00,2025-07-14T08:03:51+08:00,2025-07-14T08:03:51+08:00,54.0148,56.2369,52.6256,51.3601,49.3,70.8,1.4806,50.9672,14.4394,0.6679,0.0,1028.653
DF87C2AC-4C2C-4740-9E0C-FB9A7FDBE0CF,310104320001,2024-11-18T00:00:00+08:00,2025-07-14T08:04:21+08:00,2025-07-14T08:04:21+08:00,45.2167,46.3585,44.9489,44.1903,42.2,53.3,0.7574,53.9665,12.436,0.2684,0.0,1029.5
CC5FA35E-F1F5-45AD-A290-8FC94CD2D375,310104340006,2024-11-18T00:00:00+08:00,2025-07-14T08:04:06+08:00,2025-07-14T08:04:06+08:00,59.9496,62.1691,59.4608,57.4087,53.0,74.4,0.9032,48.5624,14.1642,0.7843,0.0,1033.2615
BED1DA21-A078-47D5-AF9E-74B207973599,310104330002,2024-11-19T00:00:00+08:00,2025-07-14T08:03:54+08:00,2025-07-14T08:03:54+08:00,55.3491,57.2791,54.7776,53.2928,49.7,75.1,0.9748,51.5264,14.0681,1.2746,0.0,1026.8797
F4585E35-EF68-4871-B20B-0D9564E02009,310104320001,2024-11-20T00:00:00+08:00,2025-07-14T08:04:33+08:00,2025-07-14T08:04:33+08:00,46.3791,47.9214,45.8292,45.1666,43.6,62.4,0.4491,61.9766,11.9114,0.4178,0.0,1024.0
FED6E299-EE00-42C8-819E-81287E84DF29,310104330002,2024-11-20T00:00:00+08:00,2025-07-14T08:04:39+08:00,2025-07-14T08:04:39+08:00,55.297,57.0711,54.813,53.447,49.5,73.6,0.7046,53.0811,14.1961,1.0992,0.0,1024.1424
DD06ACAE-97F9-422C-84C4-B9655A954A73,310104330002,2024-11-21T00:00:00+08:00,2025-07-14T08:04:19+08:00,2025-07-14T08:04:19+08:00,49.1541,51.8514,48.2987,46.0658,42.6,60.9,0.3938,58.15,12.1063,1.1536,0.0,1024.229
E790142C-031D-4C6A-9E07-8AAB6162BB8D,310104340006,2024-11-21T00:00:00+08:00,2025-07-14T08:04:26+08:00,2025-07-14T08:04:26+08:00,57.6075,60.5191,56.6754,54.2837,52.2,68.1,0.4573,55.5345,12.8106,0.6953,0.0,1027.0656
D299A2D8-B761-4FB8-AA96-3DB8D6CF28FF,310104320001,2024-11-23T00:00:00+08:00,2025-07-14T08:04:12+08:00,2025-07-14T08:04:12+08:00,50.8363,53.1289,48.463,47.2649,43.6,80.8,0.659,49.4831,14.0738,2.5377,0.0,1027.0943
D4EE8660-2612-48A7-B68B-E8A2F18AF264,310104330002,2024-11-23T00:00:00+08:00,2025-07-14T08:04:13+08:00,2025-07-14T08:04:13+08:00,54.7364,56.8751,54.0304,52.0247,44.3,76.9,0.8927,46.5488,14.4464,1.1849,0.0,1026.5633
FDA3C9D1-CB80-4651-B123-94788C31658C,310104340006,2024-11-23T00:00:00+08:00,2025-07-14T08:04:38+08:00,2025-07-14T08:04:38+08:00,56.2262,59.0068,55.2744,53.6741,51.7,68.7,0.2456,52.0661,12.1302,1.0929,0.0,1029.4002
CD70BDBB-CE76-4880-ABD7-3D906B2D5232,310104330002,2024-11-24T00:00:00+08:00,2025-07-14T08:04:06+08:00,2025-07-14T08:04:06+08:00,50.3829,53.0886,49.5036,47.1507,43.7,62.5,0.4104,62.741,13.9903,0.2954,0.0333,1024.2698
E7B432CF-D3DB-4F8D-AEE0-2EE34455D495,310104340006,2024-11-24T00:00:00+08:00,2025-07-14T08:04:26+08:00,2025-07-14T08:04:26+08:00,58.6859,61.0612,58.1448,55.8751,48.8,74.3,0.5023,49.3387,15.7195,0.6214,0.0,1028.0568
BAFDDFC0-7066-4DAC-9B2C-441323BE3EEC,310104320001,2024-11-25T00:00:00+08:00,2025-07-14T08:03:52+08:00,2025-07-14T08:03:52+08:00,52.3675,54.0788,51.6665,50.8502,46.4,73.2,0.5929,67.9746,16.0996,1.1459,0.1483,1019.2026
F05E1AE9-4466-41D5-A5D5-A25DCCFF9D09,310104320001,2024-11-26T00:00:00+08:00,2025-07-14T08:04:30+08:00,2025-07-14T08:04:30+08:00,49.5158,50.547,49.208,48.8316,47.1,60.7,0.4636,37.4606,8.6696,0.0471,0.0,1022.5966
DE9C5C56-FD0A-4CC8-8880-BB5554677FE6,310104340006,2024-11-26T00:00:00+08:00,2025-07-14T08:04:20+08:00,2025-07-14T08:04:20+08:00,58.9045,61.5098,58.3248,55.6514,47.9,66.7,0.9689,34.6457,9.2708,1.316,0.0,1025.0
DEB85FCE-DA5F-4BA1-9CD7-CBED214A6948,310104340006,2024-11-27T00:00:00+08:00,2025-07-14T08:04:20+08:00,2025-07-14T08:04:20+08:00,58.1041,60.7306,57.4773,55.0216,53.1,69.6,0.7595,32.7808,8.6446,1.0748,0.0,1025.0368
F7A4CAB8-177D-4024-9BF7-F45D2641DBE3,310104320001,2024-11-28T00:00:00+08:00,2025-07-14T08:04:35+08:00,2025-07-14T08:04:35+08:00,48.231,49.6336,47.8135,47.1583,45.4,58.2,0.5484,33.6182,8.1844,0.0275,0.0,1022.447
F1A6AAD3-56C3-4CBE-B376-90124070F7C7,310104330002,2024-11-28T00:00:00+08:00,2025-07-14T08:04:31+08:00,2025-07-14T08:04:31+08:00,62.5231,66.5297,57.4054,53.3005,45.7,88.0,1.6205,27.5205,11.2589,4.8342,0.0,1020.1029
E52F3FDF-0E82-478B-B4A0-9C0A840C12A4,310104340006,2024-11-28T00:00:00+08:00,2025-07-14T08:04:24+08:00,2025-07-14T08:04:24+08:00,58.427,61.4409,57.3969,54.9185,53.1,75.9,0.9136,29.397,9.2457,0.7266,0.0,1025.0
F69AA52E-9BF4-4A41-8748-9B46C0422F65,310104330002,2024-12-01T00:00:00+08:00,2025-07-14T08:04:34+08:00,2025-07-14T08:04:34+08:00,52.9046,56.4209,51.3337,48.0657,45.1,69.1,0.3269,54.42,11.6197,1.916,0.0,1014.0848
D69A8E99-1F9E-4FBE-8012-8DF7855A385C,310104340006,2024-12-01T00:00:00+08:00,2025-07-14T08:04:15+08:00,2025-07-14T08:04:15+08:00,59.3812,61.7568,58.7641,56.5709,53.1,78.5,0.3871,42.4033,14.4242,0.6332,0.0,1016.3625
F1AC8A55-60BB-4B08-B7EE-61B5D4FEFB21,310104320001,2024-12-02T00:00:00+08:00,2025-07-14T08:04:31+08:00,2025-07-14T08:04:31+08:00,52.9076,56.2138,51.2365,49.2042,45.1,72.4,0.338,45.273,16.4019,3.3763,0.0,1017.5258
BC4CD836-C961-4FE3-8F7F-F38DE5878702,310104320001,2024-12-04T00:00:00+08:00,2025-07-14T08:03:53+08:00,2025-07-14T08:03:53+08:00,50.5339,51.8342,50.071,49.4006,45.1,70.5,0.7251,54.6824,12.8443,1.4693,0.0,1022.0874
FA06436A-AF77-497D-90B3-6B85E29B6461,310104330002,2024-12-04T00:00:00+08:00,2025-07-14T08:04:36+08:00,2025-07-14T08:04:36+08:00,50.2368,53.6518,49.0243,46.2021,42.3,63.0,0.8158,56.434,11.6114,0.4557,0.0,1021.5798
CE535917-817E-40BC-BD60-77B661D6362F,310104330002,2024-12-05T00:00:00+08:00,2025-07-14T08:04:08+08:00,2025-07-14T08:04:08+08:00,58.1014,61.1585,56.8034,53.6957,44.5,79.7,0.5782,62.6536,10.474,3.4494,0.0,1020.9331
CA23AE61-F9AF-45C6-BB99-E2F16CBC1033,310104330002,2024-12-06T00:00:00+08:00,2025-07-14T08:04:04+08:00,2025-07-14T08:04:04+08:00,58.1695,61.5297,56.5071,53.1515,42.5,76.5,0.5348,55.3272,10.7778,2.8847,0.0,1021.4396
D62EF64F-0811-4C6D-883C-1B8C0597B548,310104340006,2024-12-07T00:00:00+08:00,2025-07-14T08:04:15+08:00,2025-07-14T08:04:15+08:00,60.0905,62.6398,59.4002,57.196,53.6,80.3,0.876,50.8834,11.461,0.931,0.0,1028.0755
D91DEA02-0DEB-4DBB-BFB2-B359E4E0AA11,310104340006,2024-12-08T00:00:00+08:00,2025-07-14T08:04:17+08:00,2025-07-14T08:04:17+08:00,58.1751,60.8984,57.3081,55.2319,48.8,68.7,0.2444,51.8629,6.4328,0.1766,0.0,1031.0152
DBD5225F-1387-4506-9EDC-AB841D10EFD7,310104320001,2024-12-09T00:00:00+08:00,2025-07-14T08:04:18+08:00,2025-07-14T08:04:18+08:00,50.5892,52.3699,49.9016,49.0114,43.0,74.0,0.5595,44.9448,9.1229,2.1266,0.0,1024.9035
E50C15C2-B35F-4431-AE89-724D179109CF,310104330002,2024-12-09T00:00:00+08:00,2025-07-14T08:04:24+08:00,2025-07-14T08:04:24+08:00,55.2469,57.9663,54.3572,51.6986,43.1,73.4,0.6231,44.9104,9.1618,1.4731,0.0,1024.432
C34D03DC-B85E-4D11-9A7A-F9FBD1C21AB8,310104340006,2024-12-09T00:00:00+08:00,2025-07-14T08:03:58+08:00,2025-07-14T08:03:58+08:00,59.712,61.8429,59.2482,57.1807,53.9,78.8,0.4191,42.9605,9.5599,0.7215,0.0,1027.3927
CDF2C8CB-6B98-47A9-9C70-EBCAA80CC2F2,310104320001,2024-12-10T00:00:00+08:00,2025-07-14T08:04:08+08:00,2025-07-14T08:04:08+08:00,52.7246,54.2713,52.2178,51.0164,43.7,79.8,0.625,73.0437,9.1111,2.6516,0.2033,1022.3816
BA1A1567-2310-4303-AD1F-D2A23C5043F2,310104340006,2024-12-10T00:00:00+08:00,2025-07-14T08:03:51+08:00,2025-07-14T08:03:51+08:00,61.5368,64.1463,60.7328,58.1792,53.6,86.7,0.4209,69.8835,9.6867,1.0683,0.2833,1024.7746
F44CC1E5-9976-4A43-946E-136066A04F45,310104330002,2024-12-11T00:00:00+08:00,2025-07-14T08:04:33+08:00,2025-07-14T08:04:33+08:00,52.6999,55.3523,51.3167,49.3829,46.3,73.1,1.1606,63.1822,7.0796,1.6386,0.0,1025.9304
F8AFDA50-F048-4792-A376-15A29367BA45,310104340006,2024-12-11T00:00:00+08:00,2025-07-14T08:04:35+08:00,2025-07-14T08:04:35+08:00,61.6144,63.8924,61.1886,58.8262,54.9,73.3,0.8295,70.6,8.0238,1.1429,0.3266,1026.7695
E4C40D75-147B-495E-9817-8B20308FBE20,310104330002,2024-12-12T00:00:00+08:00,2025-07-14T08:04:24+08:00,2025-07-14T08:04:24+08:00,49.9316,52.866,48.7339,46.2884,41.6,66.4,0.5854,54.6671,8.193,1.7123,0.1333,1024.4102
FA7EC813-EB15-4C02-ACFA-CF8C5A11B2C2,310104340006,2024-12-12T00:00:00+08:00,2025-07-14T08:04:36+08:00,2025-07-14T08:04:36+08:00,57.1258,60.5079,56.054,51.6253,48.1,70.0,0.4582,53.7192,8.8438,0.9986,0.05,1028.0
F11A8BA7-54AD-4A80-A969-F27007EE6570,310104330002,2024-12-13T00:00:00+08:00,2025-07-14T08:04:31+08:00,2025-07-14T08:04:31+08:00,57.4106,59.6842,56.8072,54.7344,44.7,75.3,1.5139,59.43,5.1367,4.7338,0.0,1029.9251
E68BB174-004D-4A60-8DC7-A580582C9A86,310104340006,2024-12-14T00:00:00+08:00,2025-07-14T08:04:25+08:00,2025-07-14T08:04:25+08:00,54.5117,58.7188,52.3413,47.7961,41.8,76.3,0.6864,47.3109,3.5488,1.9256,0.0,1032.7472
C13D5857-A8B4-491B-90F7-61F7A1AC76A5,310104320001,2024-12-16T00:00:00+08:00,2025-07-14T08:03:57+08:00,2025-07-14T08:03:57+08:00,52.0364,55.1602,50.0674,49.1509,43.9,81.4,0.427,37.8606,7.8743,2.4566,0.0,1024.58
F2E9C744-E089-4ABE-81CE-7E7364B580C9,310104330002,2024-12-17T00:00:00+08:00,2025-07-14T08:04:32+08:00,2025-07-14T08:04:32+08:00,52.839,55.2835,51.8897,49.7755,43.5,73.5,0.5196,35.4664,10.3625,1.5255,0.015,1024.5982
FBB27953-F770-4833-822F-2EFA9C8A287B,310104320001,2024-12-18T00:00:00+08:00,2025-07-14T08:04:37+08:00,2025-07-14T08:04:37+08:00,29.7841,30.848,29.5285,28.8776,23.7,43.0,0.5337,55.6835,3.5663,1.7731,0.0,1032.0521
C43F4676-F430-4DEA-B6E7-07603ABE0834,310104330002,2024-12-18T00:00:00+08:00,2025-07-14T08:03:59+08:00,2025-07-14T08:03:59+08:00,50.4366,52.7981,49.2904,47.4554,43.2,68.9,1.1973,54.5196,3.556,1.5761,0.0,1031.8606
ECC27108-C3D9-4C7D-8754-DF47D9C6776A,310104320001,2024-12-19T00:00:00+08:00,2025-07-14T08:04:28+08:00,2025-07-14T08:04:28+08:00,56.9168,58.8289,47.3002,46.4015,29.9,101.1,0.4961,51.8688,5.954,8.3952,0.0,1029.9725
E797BAD1-61B9-451E-9356-6D9DD7DB0BF3,310104330002,2024-12-19T00:00:00+08:00,2025-07-14T08:04:26+08:00,2025-07-14T08:04:26+08:00,49.6402,52.2283,48.608,46.8648,43.0,66.7,0.3338,63.8717,4.246,1.9834,0.0,1025.2814
C2D830AF-CD9D-44FD-ACAF-743A2D2E4BC3,310104330002,2024-12-20T00:00:00+08:00,2025-07-14T08:03:58+08:00,2025-07-14T08:03:58+08:00,50.1447,52.7192,48.9898,47.5198,44.3,66.1,0.6575,52.4232,4.8873,1.076,0.0,1023.3082
CE295E4E-0382-4A10-8BBD-358BD01E7E49,310104320001,2024-12-21T00:00:00+08:00,2025-07-14T08:04:08+08:00,2025-07-14T08:04:08+08:00,51.5098,53.5873,50.7513,49.1376,44.0,71.2,0.7386,35.4788,6.0669,1.7781,0.0,1027.649
B55675A3-03BB-4CAB-96BD-15E32ED7362B,310104340006,2024-12-21T00:00:00+08:00,2025-07-14T08:03:48+08:00,2025-07-14T08:03:48+08:00,54.3292,58.4001,52.4045,48.465,43.5,69.4,1.0699,45.9501,3.0189,1.7391,0.0,1033.2484
C8CD6E1D-022D-4F1C-A889-EBF66C0D1189,310104330002,2024-12-22T00:00:00+08:00,2025-07-14T08:04:02+08:00,2025-07-14T08:04:02+08:00,55.1607,58.0534,53.5847,50.7576,44.9,77.5,0.9964,45.0055,5.6989,1.7168,0.0,1030.0209
CBD0DB6F-5E15-40D6-96FD-C3DD17862731,310104340006,2024-12-22T00:00:00+08:00,2025-07-14T08:04:05+08:00,2025-07-14T08:04:05+08:00,58.5498,61.3114,57.8543,54.68,45.4,80.4,0.7116,44.9159,5.9251,1.1355,0.0,1033.0384
E283C474-FE67-407A-862E-F05BB4C93489,310104320001,2024-12-23T00:00:00+08:00,2025-07-14T08:04:22+08:00,2025-07-14T08:04:22+08:00,48.8101,50.5762,48.4951,46.8174,42.4,59.4,0.4974,60.5963,6.5466,1.5047,0.0,1029.1222
F72BDCA4-6A0C-4278-938F-30343EAE853D,310104320001,2024-12-24T00:00:00+08:00,2025-07-14T08:04:34+08:00,2025-07-14T08:04:34+08:00,52.9407,55.5019,51.788,49.9016,44.5,74.2,0.5681,51.7298,8.9031,2.5897,0.0,1028.4355
F10B75EF-DF44-4484-BD8E-C5C02004193F,310104340006,2024-12-24T00:00:00+08:00,2025-07-14T08:04:30+08:00,2025-07-14T08:04:30+08:00,55.0132,58.434,53.8013,50.52,43.5,71.2,0.2675,65.7128,7.7222,2.2369,0.0,1028.7967
DB0469B7-29C6-48C3-86CD-3C877F054050,310104320001,2024-12-25T00:00:00+08:00,2025-07-14T08:04:18+08:00,2025-07-14T08:04:18+08:00,64.7302,63.6048,50.0574,48.934,43.4,107.0,0.4615,57.3698,10.8049,6.8125,0.0,1025.3155
DF84B186-D432-43D5-A491-0162AD8107E9,310104330002,2024-12-25T00:00:00+08:00,2025-07-14T08:04:21+08:00,2025-07-14T08:04:21+08:00,56.2076,58.6771,54.384,52.5516,47.3,75.2,0.2428,66.9472,8.3322,1.4883,0.0,1025.8474
FD323200-5A5F-4F2E-ACBB-9DBDF1769E70,310104340006,2024-12-25T00:00:00+08:00,2025-07-14T08:04:38+08:00,2025-07-14T08:04:38+08:00,54.7174,58.2485,53.3586,50.3678,44.3,72.5,0.7344,63.9808,8.1512,2.1622,0.0,1030.0854
F1228024-BE66-42CB-BAFD-1E83DE2F4E34,310104320001,2024-12-26T00:00:00+08:00,2025-07-14T08:04:31+08:00,2025-07-14T08:04:31+08:00,46.0178,47.4165,45.5971,44.9078,42.1,63.2,0.5226,62.6115,4.9734,0.9655,0.0,1030.5681
C59A8F18-0A16-46C6-922A-6BD09EA71BA4,310104340006,2024-12-26T00:00:00+08:00,2025-07-14T08:03:59+08:00,2025-07-14T08:03:59+08:00,58.9289,61.6008,58.1878,55.547,48.6,84.4,0.6768,46.6283,9.3672,1.2643,0.0,1031.4874
D874FE2C-47D9-4750-956A-E086063EF16D,310104340006,2024-12-27T00:00:00+08:00,2025-07-14T08:04:16+08:00,2025-07-14T08:04:16+08:00,59.2006,61.9115,58.4982,55.7515,46.3,83.7,0.7807,44.7174,7.5983,1.0168,0.0,1032.7412
C48DACB1-EAEB-4936-A046-43ED1EDFF282,310104320001,2024-12-29T00:00:00+08:00,2025-07-14T08:03:59+08:00,2025-07-14T08:03:59+08:00,46.5323,47.6376,46.2082,45.6476,41.4,63.6,0.5055,59.185,5.0686,0.9146,0.0,1022.4076
CBFA3430-449E-424D-92E8-D3AF856839D4,310104330002,2024-12-29T00:00:00+08:00,2025-07-14T08:04:05+08:00,2025-07-14T08:04:05+08:00,50.3832,53.1195,49.3733,47.3008,42.3,66.3,0.5225,61.5031,4.759,1.656,0.0,1022.0318
FC7CD6CF-4BE7-4682-95B3-FA421861E6D6,310104330002,2024-12-30T00:00:00+08:00,2025-07-14T08:04:38+08:00,2025-07-14T08:04:38+08:00,55.6044,58.0054,54.8849,52.5627,45.6,76.9,0.8077,35.6645,9.1305,2.0436,0.0,1020.8002
CEA25EE9-E11A-4F4F-B470-68218148F92F,310104340006,2024-12-30T00:00:00+08:00,2025-07-14T08:04:08+08:00,2025-07-14T08:04:08+08:00,58.8993,61.3339,58.3338,55.7045,46.4,75.3,0.6331,36.348,9.0346,1.0768,0.0,1023.7325
B53D5750-B312-4663-8070-9FF38DA2414B,310104320001,2024-12-31T00:00:00+08:00,2025-07-14T08:03:48+08:00,2025-07-14T08:03:48+08:00,48.1116,49.3346,47.7511,47.1284,39.4,60.9,0.21,68.4236,3.7889,0.3832,0.0,1023.6805
D25C86E1-404F-429C-896E-E5B2278A3909,310104330002,2024-12-31T00:00:00+08:00,2025-07-14T08:04:11+08:00,2025-07-14T08:04:11+08:00,59.763,62.6226,59.4154,48.97,42.8,87.7,0.264,69.4677,3.9791,6.1054,0.0267,1023.1963
B68595FC-9900-425F-966E-E0AD962A4883,310104340006,2024-12-31T00:00:00+08:00,2025-07-14T08:03:49+08:00,2025-07-14T08:03:49+08:00,59.3069,62.0945,58.5406,55.7723,47.1,83.0,0.5959,41.3717,8.2636,1.1325,0.0,1026.8837
BA63A8AD-10EF-4705-85E5-386F18815880,310104330002,2025-01-01T00:00:00+08:00,2025-07-14T08:03:51+08:00,2025-07-14T08:03:51+08:00,65.4129,69.749,59.7237,52.4495,45.0,98.5,0.8123,51.9241,9.1924,5.7616,0.0,1021.7538
FB36172B-D85E-417F-AA21-C1ED76D543E7,310104340006,2025-01-01T00:00:00+08:00,2025-07-14T08:04:37+08:00,2025-07-14T08:04:37+08:00,53.1252,57.3883,50.7862,46.942,42.6,70.8,0.2229,71.1289,7.1368,1.9699,0.0,1025.0
DFED3D7E-37A7-4BE2-90A9-DDE14F7615AE,310104320001,2025-01-02T00:00:00+08:00,2025-07-14T08:04:21+08:00,2025-07-14T08:04:21+08:00,53.4306,57.0584,51.2924,49.6749,43.4,80.7,0.5858,55.4586,10.2392,3.6087,0.0,1024.0677
BAC12705-6C51-4C3F-8694-3848BBADD3AA,310104330002,2025-01-02T00:00:00+08:00,2025-07-14T08:03:52+08:00,2025-07-14T08:03:52+08:00,53.0675,55.1048,50.5898,47.098,42.6,75.8,0.3479,71.3154,5.9694,2.7524,0.0,1025.1485
EC74C05C-2304-4446-901C-158D9DB2A0D0,310104340006,2025-01-02T00:00:00+08:00,2025-07-14T08:04:28+08:00,2025-07-14T08:04:28+08:00,53.7051,57.7541,51.7907,47.7583,40.8,73.0,0.2976,68.8768,6.6735,2.6496,0.0,1028.154
DBE1ADBE-3A28-4BFE-9A0C-4BC441BC851F,310104330002,2025-01-03T00:00:00+08:00,2025-07-14T08:04:18+08:00,2025-07-14T08:04:18+08:00,51.8034,53.4616,49.4675,47.3686,43.4,74.4,0.4392,70.2384,5.3615,1.7347,0.0,1026.6296
FDFB4BE9-009A-48DD-A26A-C90596E737B9,310104320001,2025-01-04T00:00:00+08:00,2025-07-14T08:04:39+08:00,2025-07-14T08:04:39+08:00,50.5506,53.7126,48.8051,46.8958,43.2,76.8,0.7916,48.7294,9.9236,2.3336,0.0,1025.2437
D8A78CD6-08A5-4C2F-BC24-0EE698E215D0,310104330002,2025-01-04T00:00:00+08:00,2025-07-14T08:04:16+08:00,2025-07-14T08:04:16+08:00,50.7536,53.5679,49.18,46.5463,40.2,71.9,0.4589,65.185,8.5808,1.6495,0.0,1022.0669
B4BC6414-FD5C-403F-B948-4F671B59EA3B,310104340006,2025-01-04T00:00:00+08:00,2025-07-14T08:03:48+08:00,2025-07-14T08:03:48+08:00,54.3653,58.0044,52.9121,49.4088,41.7,71.5,0.3288,62.7272,9.0042,1.7707,0.0,1025.1034
C86FAEE3-67BF-486F-BA7F-43F579ECED59,310104320001,2025-01-05T00:00:00+08:00,2025-07-14T08:04:02+08:00,2025-07-14T08:04:02+08:00,47.2915,48.5304,46.9627,46.1425,41.0,67.5,0.2743,64.7418,6.8542,0.8638,0.0,1020.6701
D445A629-7C23-4030-B468-78E2E391D9EB,310104340006,2025-01-05T00:00:00+08:00,2025-07-14T08:04:13+08:00,2025-07-14T08:04:13+08:00,57.8531,60.5911,57.1932,54.1244,44.6,76.1,0.5609,49.9822,10.8215,1.1791,0.0,1022.9234
E1AFFD72-1754-43C4-845E-C75415E1DA27,310104320001,2025-01-06T00:00:00+08:00,2025-07-14T08:04:22+08:00,2025-07-14T08:04:22+08:00,46.5815,47.6452,46.3178,45.6118,41.8,65.5,0.509,54.3069,4.6244,0.5742,0.0,1025.3207
FB7AF5DD-9345-4698-B2D1-1C0535F7F2FE,310104340006,2025-01-06T00:00:00+08:00,2025-07-14T08:04:37+08:00,2025-07-14T08:04:37+08:00,54.1176,57.999,52.3245,49.2004,42.9,70.6,0.6351,50.756,5.3724,2.6576,0.0,1027.9315
FCF83659-1EB4-426E-B161-54FDED64EE18,310104320001,2025-01-07T00:00:00+08:00,2025-07-14T08:04:38+08:00,2025-07-14T08:04:38+08:00,47.0591,48.0303,46.7993,46.3132,43.1,56.7,0.1497,50.8736,2.016,0.3679,0.0,1024.1821
F88D0171-A736-44E1-A23F-3496A8DDADAF,310104340006,2025-01-07T00:00:00+08:00,2025-07-14T08:04:35+08:00,2025-07-14T08:04:35+08:00,58.9528,61.4731,58.3831,55.5023,45.8,80.0,0.5724,37.2688,6.8491,0.9891,0.0,1027.366
FAFB405D-3EC3-4B14-97B7-701CDC6689FC,310104330002,2025-01-08T00:00:00+08:00,2025-07-14T08:04:37+08:00,2025-07-14T08:04:37+08:00,50.0636,52.5704,49.1166,47.0338,42.1,74.2,1.0488,51.8383,4.1097,1.6684,0.0,1027.499
D34304E1-8AAF-4FB1-AB81-71055136142C,310104340006,2025-01-08T00:00:00+08:00,2025-07-14T08:04:12+08:00,2025-07-14T08:04:12+08:00,54.2908,58.0857,52.4897,49.0685,43.3,71.0,0.7516,50.2333,4.3867,2.3972,0.0,1030.4982
EC114427-EF07-4691-B52B-9216553220BA,310104320001,2025-01-09T00:00:00+08:00,2025-07-14T08:04:28+08:00,2025-07-14T08:04:28+08:00,51.7362,53.5035,51.112,49.9563,45.4,79.0,0.8452,35.9254,3.9909,1.5335,0.0,1031.8984
BA65EB67-4B76-4C68-8BE4-7C2A337DE390,310104340006,2025-01-09T00:00:00+08:00,2025-07-14T08:03:51+08:00,2025-07-14T08:03:51+08:00,54.5283,58.6271,52.5373,48.6937,43.2,73.3,0.9815,35.4766,1.1848,2.2055,0.0,1038.794
F12FBF33-11C5-4806-88DE-691E1F146EA6,310104320001,2025-01-10T00:00:00+08:00,2025-07-14T08:04:31+08:00,2025-07-14T08:04:31+08:00,47.3737,48.5589,46.981,46.4469,43.3,66.3,0.3207,35.6486,1.6384,0.6847,0.0,1034.7925
B38E3F7E-290C-4413-BCB8-87B00EBAFBBB,310104330002,2025-01-10T00:00:00+08:00,2025-07-14T08:03:47+08:00,2025-07-14T08:03:47+08:00,54.1577,56.5677,53.4425,50.9851,43.2,76.4,1.0432,28.6428,3.2012,1.4939,0.0,1035.5306
F561817A-90E4-4853-8DE7-D71D6B9DE0AD,310104320001,2025-01-11T00:00:00+08:00,2025-07-14T08:04:33+08:00,2025-07-14T08:04:33+08:00,50.0418,52.3101,49.0297,47.6759,43.7,69.7,0.4495,29.8944,4.3764,1.1644,0.0,1031.2838
EF0671C8-9F8A-45A4-BE2C-5ABF433F35A2,310104340006,2025-01-11T00:00:00+08:00,2025-07-14T08:04:29+08:00,2025-07-14T08:04:29+08:00,58.1103,61.0146,57.3638,53.8989,43.3,77.8,0.6144,29.6105,4.4583,1.0992,0.0,1033.9519
F8A7D3A0-D4D9-46DD-BE51-17CEABCF52A8,310104320001,2025-01-12T00:00:00+08:00,2025-07-14T08:04:35+08:00,2025-07-14T08:04:35+08:00,49.2119,51.3474,48.2662,47.1031,42.2,70.9,0.5322,34.2768,7.2094,1.2384,0.0,1026.7726
D7BF1068-6368-4138-B857-2C2DBE802F00,310104330002,2025-01-12T00:00:00+08:00,2025-07-14T08:04:16+08:00,2025-07-14T08:04:16+08:00,54.6029,57.1191,53.3755,50.998,44.4,74.9,0.9238,36.3603,6.8876,0.7482,0.0,1026.335
C3991A1B-F750-49CA-BE54-02F7AEDA5323,310104340006,2025-01-12T00:00:00+08:00,2025-07-14T08:03:58+08:00,2025-07-14T08:03:58+08:00,58.3511,61.2595,57.5432,54.4589,45.4,83.7,0.798,34.9178,7.2028,1.2724,0.0,1029.227
D3B0A8E9-EE84-4070-9B29-9DB291B6FB1C,310104330002,2025-01-13T00:00:00+08:00,2025-07-14T08:04:12+08:00,2025-07-14T08:04:12+08:00,55.096,57.5924,54.1074,51.7485,44.3,76.2,0.5894,44.062,9.5099,1.8393,0.0,1024.8081
EF7BD399-203A-4ED8-98F1-A9AF3C4A3896,310104340006,2025-01-14T00:00:00+08:00,2025-07-14T08:04:30+08:00,2025-07-14T08:04:30+08:00,59.0143,61.7087,58.2217,55.5873,47.8,84.6,0.3859,42.6349,13.0842,1.4051,0.0,1026.7119
E231761E-0BE1-4233-8984-6ACD0491EF25,310104340006,2025-01-15T00:00:00+08:00,2025-07-14T08:04:22+08:00,2025-07-14T08:04:22+08:00,53.5719,57.614,51.6576,47.5256,41.7,67.1,0.5609,26.8077,1.8598,2.3474,0.0,1033.9237
E32504EA-A046-4826-8149-80ADABC04353,310104340006,2025-01-16T00:00:00+08:00,2025-07-14T08:04:22+08:00,2025-07-14T08:04:22+08:00,55.0762,58.9364,53.4985,49.22,42.1,72.1,0.1528,43.2143,1.2897,2.1376,0.0,1030.9217
B47F71DE-1288-4380-890A-3DF49C9D1922,310104320001,2025-01-17T00:00:00+08:00,2025-07-14T08:03:48+08:00,2025-07-14T08:03:48+08:00,46.8827,47.957,46.5378,45.9763,42.8,65.5,0.2346,54.9477,3.6864,0.5564,0.0,1025.4122
DED5869B-176C-48B8-AFB5-61E931C3AEF4,310104320001,2025-01-18T00:00:00+08:00,2025-07-14T08:04:20+08:00,2025-07-14T08:04:20+08:00,46.8802,48.1705,46.4065,45.9008,42.5,68.0,0.2333,75.7543,5.9488,0.8598,0.0,1018.3763
DC810692-DB52-4CB7-992B-5B2D9E310E74,310104330002,2025-01-18T00:00:00+08:00,2025-07-14T08:04:19+08:00,2025-07-14T08:04:19+08:00,55.9352,56.9943,55.6688,55.1129,54.4,71.5,0.2829,76.0209,5.9082,0.4466,0.0,1017.9239
E233A89A-A87F-4DE0-9D81-99519B5752A7,310104340006,2025-01-18T00:00:00+08:00,2025-07-14T08:04:22+08:00,2025-07-14T08:04:22+08:00,54.5912,58.4997,52.8596,48.4154,42.6,69.4,0.197,73.8995,6.3013,1.9736,0.0,1020.912
C9E9B6E2-1417-4CF0-96A4-97D31F67935B,310104320001,2025-01-20T00:00:00+08:00,2025-07-14T08:04:04+08:00,2025-07-14T08:04:04+08:00,44.995,46.2997,44.4932,43.9794,41.3,60.1,0.2081,69.1819,4.6784,0.7528,0.0,1021.0
AF8C8C6D-DB04-4ADF-977F-5B81154CD07A,310104340006,2025-01-20T00:00:00+08:00,2025-07-14T08:03:45+08:00,2025-07-14T08:03:45+08:00,55.0743,58.8544,53.4546,49.3823,42.0,72.6,0.1998,69.6652,5.5922,1.9131,0.0,1023.2496
F0FC46FE-7D3C-4E5E-81A9-85D97FCB9743,310104320001,2025-01-21T00:00:00+08:00,2025-07-14T08:04:30+08:00,2025-07-14T08:04:30+08:00,49.9639,52.0058,49.1193,48.2032,44.0,69.2,0.7402,46.5097,10.5933,1.6761,0.0,1021.2187
EAE84C42-3A62-4823-ADA0-8FCE09DAAE83,310104340006,2025-01-21T00:00:00+08:00,2025-07-14T08:04:28+08:00,2025-07-14T08:04:28+08:00,58.6616,61.1975,58.0991,55.183,45.9,79.2,0.4521,46.7174,10.76,1.0662,0.0,1023.8719
C0405EA5-6255-474D-8759-B916FFAA1816,310104330002,2025-01-22T00:00:00+08:00,2025-07-14T08:03:55+08:00,2025-07-14T08:03:55+08:00,62.3764,57.6512,53.6943,51.3226,44.7,98.0,1.4931,53.9873,13.31,5.2236,0.0,1019.1274
B62719E2-B610-4930-9E1E-E0E47EE8713B,310104340006,2025-01-22T00:00:00+08:00,2025-07-14T08:03:49+08:00,2025-07-14T08:03:49+08:00,53.5588,57.7821,51.3742,46.8589,40.9,73.1,0.28,74.9292,10.8381,2.6175,0.0,1022.3557
F064C3BE-4392-4539-9A8B-AADDE54562B9,310104320001,2025-01-24T00:00:00+08:00,2025-07-14T08:04:30+08:00,2025-07-14T08:04:30+08:00,45.6088,47.1215,45.0762,44.3807,41.3,60.6,1.1062,61.5602,9.896,1.2233,0.0,1023.0454
FA79CBB8-6815-4FFE-A1E2-F6B19B183C02,310104330002,2025-01-24T00:00:00+08:00,2025-07-14T08:04:36+08:00,2025-07-14T08:04:36+08:00,56.1109,59.5746,54.4471,50.85,44.7,84.4,0.7934,64.597,11.7051,2.688,0.0,1020.7981
CCADF53B-6E98-4F46-BACC-433A100B1972,310104340006,2025-01-24T00:00:00+08:00,2025-07-14T08:04:06+08:00,2025-07-14T08:04:06+08:00,58.6312,61.509,57.7859,54.8282,44.2,84.5,0.5656,60.3,12.4413,1.1474,0.0,1023.7715
EF7BE9D7-6F6C-4673-930F-7EF4542379B3,310104330002,2025-01-25T00:00:00+08:00,2025-07-14T08:04:30+08:00,2025-07-14T08:04:30+08:00,56.4799,60.8122,53.5769,46.5763,39.7,83.5,1.0396,59.0842,9.1123,6.588,0.0,1023.9272
D42360B7-F151-41AD-930D-61DE9B9B70E7,310104340006,2025-01-25T00:00:00+08:00,2025-07-14T08:04:13+08:00,2025-07-14T08:04:13+08:00,53.3559,57.6649,50.9404,46.2993,40.0,69.9,0.5283,56.6055,9.557,2.5565,0.0,1026.905
ED225BF2-99BC-4985-8A5B-C37B97D7AFC0,310104340006,2025-01-26T00:00:00+08:00,2025-07-14T08:04:28+08:00,2025-07-14T08:04:28+08:00,59.8773,62.7024,59.0914,55.8216,44.2,84.3,0.9699,61.5544,8.2038,1.0766,0.3067,1027.187
B1909435-0EAF-487D-8F5D-515EB92B83E2,310104330002,2025-01-28T00:00:00+08:00,2025-07-14T08:03:46+08:00,2025-07-14T08:03:46+08:00,59.3636,63.3552,56.9185,50.5778,39.4,86.5,1.2546,24.0375,4.4553,7.0155,0.0,1027.1397
F1730292-7AA0-436E-BF58-4D4273F5419F,310104340006,2025-01-28T00:00:00+08:00,2025-07-14T08:04:31+08:00,2025-07-14T08:04:31+08:00,57.5672,60.9484,56.5055,52.5341,45.0,75.4,1.0956,23.6885,4.4731,1.02,0.0,1029.9048
DAAF6C74-4B0B-4F15-8B01-C3AB016B1D00,310104340006,2025-01-29T00:00:00+08:00,2025-07-14T08:04:18+08:00,2025-07-14T08:04:18+08:00,51.4515,55.4133,49.3093,47.3902,40.4,67.6,0.4498,44.8372,3.9849,1.8505,0.0,1028.3626
FE0B2EC9-D245-4D4F-813D-DCDDAA016AC1,310104340006,2025-01-30T00:00:00+08:00,2025-07-14T08:04:39+08:00,2025-07-14T08:04:39+08:00,56.5078,59.9869,55.2793,51.5674,45.6,70.9,0.6234,46.4032,10.1444,0.9847,0.0,1024.741
F7291506-5B17-41EB-B26D-18FFAD36A8FE,310104320001,2025-01-31T00:00:00+08:00,2025-07-14T08:04:34+08:00,2025-07-14T08:04:34+08:00,50.3052,53.5523,48.5316,47.392,45.0,67.6,0.6609,71.0878,10.4118,1.0457,0.0,1019.759
C0E25348-ABD3-4DD1-BDEC-818D1081BA72,310104330002,2025-01-31T00:00:00+08:00,2025-07-14T08:03:57+08:00,2025-07-14T08:03:57+08:00,49.9476,53.2517,48.124,45.457,42.5,67.2,0.7532,82.5,8.7369,0.9309,0.0983,1015.6232
C429BD42-0A19-4EBE-8405-8789D86CB198,310104320001,2025-02-01T00:00:00+08:00,2025-07-14T08:03:58+08:00,2025-07-14T08:03:58+08:00,49.5715,51.6326,48.6841,47.7815,43.3,67.5,0.7487,77.7204,8.163,1.0673,0.0433,1019.059
C2BAA0FE-E621-46A1-B1B1-FBAA82642952,310104340006,2025-02-01T00:00:00+08:00,2025-07-14T08:03:58+08:00,2025-07-14T08:03:58+08:00,58.7542,62.0087,57.7838,53.9801,47.5,77.6,0.817,75.0555,8.6351,0.9827,0.0467,1021.5218
BB9F2BC1-CAC3-4A6D-A7C7-A5FE409AC949,310104320001,2025-02-02T00:00:00+08:00,2025-07-14T08:03:52+08:00,2025-07-14T08:03:52+08:00,47.3698,48.4374,47.0594,46.5747,43.2,63.6,0.6605,62.582,5.2613,0.3943,0.0,1023.5868
D10B54DA-3EEC-4995-ACA7-A65AD9A84525,310104340006,2025-02-02T00:00:00+08:00,2025-07-14T08:04:11+08:00,2025-07-14T08:04:11+08:00,53.5268,57.3722,51.5542,49.249,44.1,68.2,0.7122,59.727,5.7886,1.8806,0.0,1025.916
CA51F1B5-22F5-4621-8074-C9658CDDC7F9,310104330002,2025-02-03T00:00:00+08:00,2025-07-14T08:04:04+08:00,2025-07-14T08:04:04+08:00,54.6425,58.6735,52.3482,47.8369,39.3,81.2,1.0917,44.511,6.8633,3.4749,0.0,1025.2807
FD4EF604-14F7-44C7-A468-23B297531794,310104320001,2025-02-04T00:00:00+08:00,2025-07-14T08:04:38+08:00,2025-07-14T08:04:38+08:00,49.1644,51.5993,48.0651,47.1397,43.3,71.8,0.5493,41.6665,6.4896,1.2097,0.0,1023.5475
FF2763F4-0C8E-47AE-9EA5-B9487422D3B3,310104330002,2025-02-04T00:00:00+08:00,2025-07-14T08:04:39+08:00,2025-07-14T08:04:39+08:00,47.294,50.1458,46.2827,44.075,40.1,64.5,0.2935,63.9726,2.9808,1.4592,0.0,1021.1008
D559ACC0-56F8-45B7-B6AB-C18775DD7D44,310104320001,2025-02-06T00:00:00+08:00,2025-07-14T08:04:13+08:00,2025-07-14T08:04:13+08:00,50.045,52.1214,49.2015,48.4063,43.2,67.8,0.4915,28.4967,6.9767,1.9336,0.0,1023.682
E23CF85A-6953-4B9A-995C-FEDDC10ED630,310104330002,2025-02-06T00:00:00+08:00,2025-07-14T08:04:22+08:00,2025-07-14T08:04:22+08:00,47.0274,49.6535,46.0975,44.1495,39.9,66.6,0.4555,47.4604,4.7338,1.2274,0.0,1023.0351
E75E9E72-64C0-4727-928F-3813F3958A2B,310104330002,2025-02-07T00:00:00+08:00,2025-07-14T08:04:25+08:00,2025-07-14T08:04:25+08:00,59.465,63.4939,54.7153,50.9083,41.8,85.4,1.8635,30.9606,1.6394,3.7432,0.0,1030.4889
D13C786C-52B6-4DD6-A516-E5BE7E3C9984,310104320001,2025-02-08T00:00:00+08:00,2025-07-14T08:04:11+08:00,2025-07-14T08:04:11+08:00,46.9478,47.7976,46.7021,46.293,44.1,56.5,0.3955,37.0557,-1.5767,0.3413,0.0,1032.5843
BBB9925F-9B18-429C-88DE-CFFF6D31203A,310104330002,2025-02-08T00:00:00+08:00,2025-07-14T08:03:52+08:00,2025-07-14T08:03:52+08:00,54.8261,58.3475,52.5388,49.0751,41.2,79.3,1.2612,23.8836,-0.0954,1.8926,0.0,1033.5927
ED65CAF2-7A41-4C8D-AEF0-BEBA29EF2446,310104340006,2025-02-08T00:00:00+08:00,2025-07-14T08:04:28+08:00,2025-07-14T08:04:28+08:00,54.1319,58.48,51.9618,46.7344,42.0,67.8,0.5293,34.361,-0.847,2.7012,0.0,1035.1003
BCB8DA9C-FB60-4B6C-AE03-A6DD74CAE204,310104320001,2025-02-09T00:00:00+08:00,2025-07-14T08:03:53+08:00,2025-07-14T08:03:53+08:00,48.5171,49.1175,48.3958,48.022,46.1,58.5,0.3274,42.5108,0.3169,0.2177,0.0,1028.6131
BF207A1A-1AF9-46E1-9569-34B7620AC336,310104330002,2025-02-10T00:00:00+08:00,2025-07-14T08:03:54+08:00,2025-07-14T08:03:54+08:00,49.5815,52.1588,48.7527,46.6329,42.8,67.0,0.3875,65.3166,5.1638,1.9624,0.1367,1024.278
ED5C7A57-7B93-419A-9A32-D1A392009F00,310104320001,2025-02-11T00:00:00+08:00,2025-07-14T08:04:28+08:00,2025-07-14T08:04:28+08:00,51.6455,53.4023,51.0743,50.225,45.2,65.9,1.0843,65.5452,9.6023,1.1024,0.3383,1020.6248
C16384CD-59F1-4F01-9994-DFDCFA8EA289,310104330002,2025-02-11T00:00:00+08:00,2025-07-14T08:03:57+08:00,2025-07-14T08:03:57+08:00,58.4929,61.7752,56.1779,52.9099,45.0,81.6,1.5165,66.7652,9.3425,2.7786,0.0233,1020.4543
C7379CD4-653C-4E60-8CCB-6BF985B5682A,310104340006,2025-02-11T00:00:00+08:00,2025-07-14T08:04:01+08:00,2025-07-14T08:04:01+08:00,59.886,62.5493,59.2398,56.3091,46.3,82.3,0.6828,64.4263,9.8465,0.9929,0.03,1023.4033
E73831FD-A2FF-401C-AE9E-190AF9092F0A,310104320001,2025-02-12T00:00:00+08:00,2025-07-14T08:04:25+08:00,2025-07-14T08:04:25+08:00,44.9573,46.5233,44.3922,43.6589,40.2,66.2,0.6262,48.0919,4.9393,1.2522,0.0,1027.9515
E186EE74-82CC-4D77-B5A5-E6C7875EF2A3,310104330002,2025-02-13T00:00:00+08:00,2025-07-14T08:04:22+08:00,2025-07-14T08:04:22+08:00,54.8129,57.6392,53.8907,50.9858,43.0,76.5,0.8888,37.107,7.1719,1.558,0.0,1025.9573
E41543F8-1EF7-4FEC-97D3-AA6A777BFF06,310104340006,2025-02-13T00:00:00+08:00,2025-07-14T08:04:22+08:00,2025-07-14T08:04:22+08:00,55.2198,59.3452,53.2524,47.6752,41.5,69.9,0.2933,55.5582,4.883,3.0143,0.0,1026.5174
D4C954B0-8372-4766-B283-17301FA3E89D,310104320001,2025-02-14T00:00:00+08:00,2025-07-14T08:04:13+08:00,2025-07-14T08:04:13+08:00,50.8752,53.0516,50.0394,49.0764,44.3,67.1,0.7197,63.1956,7.506,1.6108,0.1467,1021.0242
B2421D4A-7CD8-4814-8D84-BF5946C104A2,310104340006,2025-02-14T00:00:00+08:00,2025-07-14T08:03:46+08:00,2025-07-14T08:03:46+08:00,59.9653,62.4789,59.4199,56.3758,45.2,76.6,0.4575,62.1049,7.9751,1.1367,0.3617,1023.3239
FAD4141A-045B-4E15-82EE-AC1F72F2AE13,310104320001,2025-02-15T00:00:00+08:00,2025-07-14T08:04:37+08:00,2025-07-14T08:04:37+08:00,49.4501,52.5963,47.9181,46.0203,42.3,66.0,0.2602,80.6631,8.5415,1.8909,0.105,1016.5432
D3C6CD06-BE9E-48F3-8B8B-9A859D842996,310104340006,2025-02-15T00:00:00+08:00,2025-07-14T08:04:12+08:00,2025-07-14T08:04:12+08:00,59.8616,62.8513,59.0497,55.4053,44.4,83.2,0.3625,77.994,9.0157,1.6476,0.0533,1019.0037
B50E5B55-74D9-4F74-AA1E-10C8C6415F8A,310104320001,2025-02-16T00:00:00+08:00,2025-07-14T08:03:48+08:00,2025-07-14T08:03:48+08:00,45.1277,46.7253,44.558,43.8393,41.5,63.5,0.8446,59.1095,6.9136,1.3124,0.0,1025.7551
BC7F95C0-5AEA-4836-A541-DFACA7215231,310104340006,2025-02-16T00:00:00+08:00,2025-07-14T08:03:53+08:00,2025-07-14T08:03:53+08:00,58.7443,61.4829,58.0724,54.9107,45.5,80.3,0.6989,53.0798,11.4625,1.1498,0.0,1022.3735
F2913F45-12D6-4070-AED9-897435DFD478,310104330002,2025-02-17T00:00:00+08:00,2025-07-14T08:04:31+08:00,2025-07-14T08:04:31+08:00,54.7944,57.178,54.0107,51.6063,42.2,77.1,1.0128,37.6069,8.0677,1.6281,0.0,1027.4946
D2752EC1-71FC-44A9-8453-24E1B8ED5DDC,310104330002,2025-02-18T00:00:00+08:00,2025-07-14T08:04:11+08:00,2025-07-14T08:04:11+08:00,49.4761,52.3451,48.3708,45.9149,41.8,75.8,0.3679,66.3614,4.6596,1.6925,0.0,1027.7072
D8367643-98D3-41A8-9311-0ADEDDAB7C0B,310104340006,2025-02-18T00:00:00+08:00,2025-07-14T08:04:16+08:00,2025-07-14T08:04:16+08:00,53.4558,57.5371,51.4279,47.0806,41.5,72.7,0.3354,61.5384,5.5943,2.8518,0.0,1030.664
CF15449E-E528-474F-A6F0-D9BF226FCA7B,310104320001,2025-02-20T00:00:00+08:00,2025-07-14T08:04:08+08:00,2025-07-14T08:04:08+08:00,51.1849,53.2628,50.307,49.3701,44.2,75.2,1.3996,50.3202,6.8325,1.5553,0.1963,1030.0193
DAE5E20E-08B8-4711-8D2B-9A0EA76221B8,310104330002,2025-02-20T00:00:00+08:00,2025-07-14T08:04:18+08:00,2025-07-14T08:04:18+08:00,50.9635,54.06,49.9042,46.4998,40.4,68.8,0.7464,67.2413,4.7694,1.5015,0.145,1030.4964
F0BAF044-629F-49F1-8D05-72BAC9BD8DB6,310104330002,2025-02-21T00:00:00+08:00,2025-07-14T08:04:30+08:00,2025-07-14T08:04:30+08:00,50.8338,54.1715,49.7145,46.2145,40.9,70.7,0.538,58.9578,5.1757,2.5235,0.0,1032.2038
E025CD3D-D4A6-4ECD-B362-248EF0EDBE23,310104340006,2025-02-21T00:00:00+08:00,2025-07-14T08:04:21+08:00,2025-07-14T08:04:21+08:00,55.3473,59.4817,53.2336,48.3297,42.0,68.9,0.3095,55.1659,5.761,1.889,0.0,1035.1744
B446E35A-4FF8-41D4-85A2-86E514F34893,310104340006,2025-02-23T00:00:00+08:00,2025-07-14T08:03:48+08:00,2025-07-14T08:03:48+08:00,59.7871,62.2398,59.2848,56.4181,45.1,76.2,0.5362,55.0275,6.314,1.7359,0.1,1037.3788
EE26AF70-A667-4D55-82AB-67B482398B18,310104330002,2025-02-24T00:00:00+08:00,2025-07-14T08:04:29+08:00,2025-07-14T08:04:29+08:00,50.2266,53.3941,49.0075,46.3841,41.6,70.0,0.5122,54.6968,3.9578,1.69,0.0,1030.62
DF7BBCD5-2E7C-4CB7-A356-66AA766A9CFF,310104340006,2025-02-24T00:00:00+08:00,2025-07-14T08:04:21+08:00,2025-07-14T08:04:21+08:00,53.699,57.7494,51.7235,47.2933,41.8,71.8,0.418,49.584,4.8619,2.5451,0.0,1033.6177
E34CFC63-5884-41F5-9E11-636A7EC0BE68,310104330002,2025-02-25T00:00:00+08:00,2025-07-14T08:04:22+08:00,2025-07-14T08:04:22+08:00,51.0421,53.7069,50.1377,48.0935,43.5,67.6,0.2689,66.4913,5.1421,1.6614,0.0,1026.6257
EFEE944A-1DA5-4387-B2C3-8F92FBD122B0,310104320001,2025-02-26T00:00:00+08:00,2025-07-14T08:04:30+08:00,2025-07-14T08:04:30+08:00,47.0293,48.3101,46.6493,45.9951,43.2,62.6,0.881,65.5447,8.5936,0.554,0.2133,1020.3283
BB286357-29E7-4B81-8978-D0C458700C24,310104330002,2025-02-26T00:00:00+08:00,2025-07-14T08:03:52+08:00,2025-07-14T08:03:52+08:00,50.8154,53.4808,50.004,47.4163,43.4,67.0,1.0666,67.3683,8.1591,1.773,0.0,1020.3802
F13489E9-829C-4882-86F2-FA2EDDA4373D,310104340006,2025-02-26T00:00:00+08:00,2025-07-14T08:04:31+08:00,2025-07-14T08:04:31+08:00,54.4608,58.4402,52.6824,48.2678,42.3,71.8,0.502,63.8765,8.7833,2.7142,0.105,1023.0468
DCA9829A-DD0F-49F1-8FEE-B3E57B5F0B89,310104340006,2025-02-28T00:00:00+08:00,2025-07-14T08:04:19+08:00,2025-07-14T08:04:19+08:00,54.0515,58.041,52.2818,47.6206,40.2,67.9,0.5356,80.6567,14.7274,2.2368,0.0,1016.6484
B715B78D-5CDD-4423-A7FF-C284D0BFA1A2,310104320001,2025-03-01T00:00:00+08:00,2025-07-14T08:03:49+08:00,2025-07-14T08:03:49+08:00,50.4211,54.0098,48.5613,45.6791,38.5,69.7,0.6394,50.1157,23.0256,2.9078,0.0,1010.7157
CA89A769-A071-4DDB-BCC4-DE1A837EA349,310104330002,2025-03-02T00:00:00+08:00,2025-07-14T08:04:04+08:00,2025-07-14T08:04:04+08:00,53.7608,57.304,50.387,47.4648,42.4,81.3,1.7252,66.967,11.9519,2.2429,0.0,1010.4234
E21444BA-A239-4DF7-964A-37F5870927C3,310104340006,2025-03-02T00:00:00+08:00,2025-07-14T08:04:22+08:00,2025-07-14T08:04:22+08:00,53.4435,57.2975,51.6595,48.1259,39.8,68.6,1.229,65.588,12.0437,2.3348,0.0,1013.5078
E9C684FB-CBD2-4A11-A291-87703B2BCEF4,310104320001,2025-03-03T00:00:00+08:00,2025-07-14T08:04:27+08:00,2025-07-14T08:04:27+08:00,56.621,60.2016,55.1807,51.0814,43.3,73.7,0.7773,74.0589,9.0361,4.0881,0.0817,1013.796
CBD75BF6-43EB-48D7-8142-D3D4FB27571D,310104340006,2025-03-03T00:00:00+08:00,2025-07-14T08:04:05+08:00,2025-07-14T08:04:05+08:00,55.6008,59.663,53.7126,49.859,43.0,71.6,1.3034,76.1052,8.4678,2.5009,0.0484,1016.2615
DE580A18-8F9A-4E25-8743-EB24460FBC02,310104320001,2025-03-05T00:00:00+08:00,2025-07-14T08:04:20+08:00,2025-07-14T08:04:20+08:00,54.9137,56.8942,54.1521,52.6843,44.5,84.6,0.8399,57.9994,7.2947,3.6972,0.0,1023.493
B3208634-DBB8-4508-A58E-BFF0BBE57167,310104330002,2025-03-06T00:00:00+08:00,2025-07-14T08:03:47+08:00,2025-07-14T08:03:47+08:00,49.7677,52.5823,48.8978,46.3802,41.1,68.4,0.4868,65.0581,5.1358,1.7954,0.0,1028.8728
E6540C7E-5591-4332-9239-C1074D972813,310104340006,2025-03-06T00:00:00+08:00,2025-07-14T08:04:25+08:00,2025-07-14T08:04:25+08:00,59.394,61.8381,58.7412,56.2148,47.0,84.6,0.8073,48.8888,8.9304,1.1511,0.0,1031.9831
EFB5539D-1A84-455F-9425-F7E9D784CC15,310104330002,2025-03-07T00:00:00+08:00,2025-07-14T08:04:30+08:00,2025-07-14T08:04:30+08:00,55.9635,58.2877,55.2775,52.9219,42.4,77.6,0.8772,45.5066,8.625,1.4159,0.0,1025.802
BED3E184-8F2B-446D-92C8-0214F381AE5D,310104340006,2025-03-07T00:00:00+08:00,2025-07-14T08:03:54+08:00,2025-07-14T08:03:54+08:00,58.7239,61.1532,58.1794,55.5102,47.6,80.9,0.4875,43.0607,9.4512,0.7645,0.0,1028.706
E4918E35-DBBC-47C3-BB70-32FC3009D5F7,310104340006,2025-03-08T00:00:00+08:00,2025-07-14T08:04:24+08:00,2025-07-14T08:04:24+08:00,57.9138,60.5484,57.2932,54.1098,45.4,75.5,0.5538,42.142,10.9704,0.872,0.0,1028.0155
F57F7610-31E6-4C3B-9087-74CA8C90C616,310104330002,2025-03-09T00:00:00+08:00,2025-07-14T08:04:33+08:00,2025-07-14T08:04:33+08:00,54.8471,57.1856,54.2418,51.7578,44.3,80.1,0.9447,57.5557,11.4561,1.1572,0.1,1026.1637
E1BFDD92-AE4B-440E-A7B3-95D1487D0A6D,310104340006,2025-03-09T00:00:00+08:00,2025-07-14T08:04:22+08:00,2025-07-14T08:04:22+08:00,58.0464,60.8179,57.223,54.3031,46.0,82.8,0.6503,55.1813,11.9367,1.3505,0.05,1029.152
EB74D1DE-CAFC-48E5-82A0-6AD4EF29CD45,310104340006,2025-03-10T00:00:00+08:00,2025-07-14T08:04:28+08:00,2025-07-14T08:04:28+08:00,53.3235,57.5788,51.1754,46.5554,40.7,69.5,0.2783,76.276,10.9606,2.2748,0.0,1021.0562
E7C33201-C7F6-47D8-B49A-4777CB96D124,310104320001,2025-03-11T00:00:00+08:00,2025-07-14T08:04:26+08:00,2025-07-14T08:04:26+08:00,41.3915,42.9745,40.8241,40.0568,36.5,55.1,0.6924,81.0486,13.2578,1.2483,0.0,1014.1977
C90D8112-9860-45E2-B25E-56A83EA7B78D,310104320001,2025-03-12T00:00:00+08:00,2025-07-14T08:04:04+08:00,2025-07-14T08:04:04+08:00,43.768,45.5647,43.0279,41.9944,39.5,59.4,0.9394,83.0974,10.5294,1.55,0.0184,1017.2232
FADE59E5-080F-4A24-B57E-DEFA55F888A1,310104340006,2025-03-13T00:00:00+08:00,2025-07-14T08:04:37+08:00,2025-07-14T08:04:37+08:00,59.4032,62.0816,58.6529,55.9217,48.1,83.1,0.5744,49.8966,12.3214,1.5593,0.0,1021.9984
DFD0C13F-FDA7-4F46-89E9-803A245BE934,310104320001,2025-03-14T00:00:00+08:00,2025-07-14T08:04:21+08:00,2025-07-14T08:04:21+08:00,46.998,48.4856,46.6269,45.6946,41.8,60.2,0.8004,83.0283,9.7614,1.144,0.0734,1017.264
BBF2AA00-B3DF-48B7-A419-D741DBF20BAB,310104320001,2025-03-15T00:00:00+08:00,2025-07-14T08:03:52+08:00,2025-07-14T08:03:52+08:00,50.1875,52.9846,49.0577,47.1001,42.6,65.9,0.8204,78.3744,8.9796,2.3561,0.0333,1020.1069
C293ACD4-3031-40B3-A61A-EDAE22BDCD35,310104330002,2025-03-15T00:00:00+08:00,2025-07-14T08:03:58+08:00,2025-07-14T08:03:58+08:00,60.2427,65.1147,55.375,47.767,42.1,81.7,1.233,63.0547,7.962,6.5825,0.0,1021.2254
C01D8B75-2ACE-4034-8C78-29D8D4BFDCF9,310104340006,2025-03-15T00:00:00+08:00,2025-07-14T08:03:55+08:00,2025-07-14T08:03:55+08:00,60.5527,63.1953,59.9538,56.9154,48.3,79.7,0.6991,75.6509,9.5009,0.9753,0.0167,1022.5578
FD50071E-7A07-42F2-AD24-A8FF6BD40BFD,310104330002,2025-03-16T00:00:00+08:00,2025-07-14T08:04:38+08:00,2025-07-14T08:04:38+08:00,59.3025,62.7663,55.7808,53.1298,45.2,88.4,1.522,46.7138,8.0159,3.8422,0.0,1023.6698
D038DFEA-910C-4A99-8B5A-CE911D07299B,310104340006,2025-03-16T00:00:00+08:00,2025-07-14T08:04:10+08:00,2025-07-14T08:04:10+08:00,59.5233,62.3741,58.477,55.6132,45.2,81.3,1.1399,47.0401,8.2094,1.5839,0.0333,1026.6488
D661F5FA-9778-4608-A72A-86297C3EEF24,310104320001,2025-03-17T00:00:00+08:00,2025-07-14T08:04:15+08:00,2025-07-14T08:04:15+08:00,45.891,47.1304,45.6658,44.5762,40.9,63.9,0.4099,41.9844,8.1583,1.2907,0.0,1021.2058
D190148E-E530-41FB-8CC4-32AAE750CDA5,310104330002,2025-03-18T00:00:00+08:00,2025-07-14T08:04:11+08:00,2025-07-14T08:04:11+08:00,50.5511,53.5846,49.743,47.098,40.7,65.0,0.7461,60.4777,4.8473,1.5679,0.0,1030.5892
E32E0699-87CC-4591-856B-459F37D0FCD1,310104330002,2025-03-19T00:00:00+08:00,2025-07-14T08:04:22+08:00,2025-07-14T08:04:22+08:00,51.952,55.2034,51.0218,48.0332,42.3,65.8,1.3171,64.1148,7.2398,1.4058,0.0,1028.1461
F0BD313B-6436-4665-B64E-F886FFA76F61,310104340006,2025-03-19T00:00:00+08:00,2025-07-14T08:04:30+08:00,2025-07-14T08:04:30+08:00,58.3162,60.9709,57.5852,54.9379,46.9,81.0,0.5638,30.0139,11.4945,1.2972,0.0,1029.814
DA9A1FE5-2222-4A31-8CCC-1E7865EBE7EE,310104330002,2025-03-20T00:00:00+08:00,2025-07-14T08:04:17+08:00,2025-07-14T08:04:17+08:00,53.2634,56.6152,52.3165,49.4008,44.5,77.2,0.3873,63.5671,11.3096,2.0683,0.0,1022.4623
F56392E2-591B-4253-87C9-12CDC63AD061,310104330002,2025-03-21T00:00:00+08:00,2025-07-14T08:04:33+08:00,2025-07-14T08:04:33+08:00,56.5634,58.8878,56.1434,54.1283,47.4,79.6,2.1975,25.9835,20.7826,1.1063,0.0,1020.0932
B60FC56F-815F-49F0-AF4B-ABF86B79DFA9,310104320001,2025-03-22T00:00:00+08:00,2025-07-14T08:03:49+08:00,2025-07-14T08:03:49+08:00,49.7389,53.8727,47.4465,44.5178,39.7,74.2,1.2131,22.3471,23.3811,2.3276,0.0,1017.378
E410AAAC-EFF1-4365-98FF-2F422E75C85D,310104330002,2025-03-22T00:00:00+08:00,2025-07-14T08:04:22+08:00,2025-07-14T08:04:22+08:00,56.189,61.7876,51.7536,47.882,42.6,81.6,0.4533,45.8233,16.1425,4.7511,0.0,1016.0365
F0CAA514-9380-450B-88E8-D803D6574D8C,310104320001,2025-03-24T00:00:00+08:00,2025-07-14T08:04:30+08:00,2025-07-14T08:04:30+08:00,44.3597,47.7955,43.1286,41.5248,37.5,70.3,0.5877,47.2129,19.1364,3.4102,0.0,1007.1296
CCC2925F-9BB6-4EA0-8FC7-09267770968E,310104330002,2025-03-24T00:00:00+08:00,2025-07-14T08:04:06+08:00,2025-07-14T08:04:06+08:00,56.3242,58.9029,55.6461,53.2778,43.4,80.2,2.0205,29.4921,25.0443,1.3447,0.0,1008.8096
E8D125C5-3B22-4101-8673-55AB0D548713,310104340006,2025-03-24T00:00:00+08:00,2025-07-14T08:04:26+08:00,2025-07-14T08:04:26+08:00,53.4553,57.6816,51.129,46.2339,39.8,66.5,0.245,43.2258,18.8224,2.4714,0.0,1008.2793
EDBA44C9-1C0D-4FD7-9BBC-C756D3790EBC,310104340006,2025-03-25T00:00:00+08:00,2025-07-14T08:04:28+08:00,2025-07-14T08:04:28+08:00,52.3402,56.2674,50.6183,46.3889,39.9,67.3,0.3126,47.5595,19.8664,2.3546,0.0,1005.4638
DDF8168F-AD75-43D5-B69B-A9C717F69DC7,310104320001,2025-03-26T00:00:00+08:00,2025-07-14T08:04:20+08:00,2025-07-14T08:04:20+08:00,56.0199,62.6941,49.1286,42.4094,35.5,84.3,1.2087,72.6395,21.6317,7.6949,0.0,998.0735
FC4A6812-9834-48B4-B871-DE5671331EC8,310104330002,2025-03-26T00:00:00+08:00,2025-07-14T08:04:38+08:00,2025-07-14T08:04:38+08:00,55.2442,60.0794,52.7469,49.7651,43.1,80.5,1.168,74.9305,20.4287,3.4049,0.0,998.2315
BB44FF52-1196-4742-9DAA-9103F834FEC3,310104340006,2025-03-26T00:00:00+08:00,2025-07-14T08:03:52+08:00,2025-07-14T08:03:52+08:00,53.3867,57.2887,51.5745,46.6923,38.5,74.6,0.4098,60.5411,21.4263,2.06,0.0583,999.191
E6BABAFF-7717-459C-AA61-CC4F46FBD00A,310104320001,2025-03-27T00:00:00+08:00,2025-07-14T08:04:25+08:00,2025-07-14T08:04:25+08:00,47.0717,49.0071,43.799,42.2463,37.6,81.6,2.0202,67.7613,9.9559,3.2529,0.0,1019.7062
FEEC7039-A2F0-4867-B6F4-F7A7B7431E0A,310104320001,2025-03-28T00:00:00+08:00,2025-07-14T08:04:39+08:00,2025-07-14T08:04:39+08:00,45.8714,48.065,45.3663,43.9996,38.5,67.8,1.3129,85.1121,7.0773,1.5467,0.0,1026.4273
E4AFD5A1-5C5C-4B5B-BEFB-7E93E2DD3AB1,310104330002,2025-03-28T00:00:00+08:00,2025-07-14T08:04:24+08:00,2025-07-14T08:04:24+08:00,58.3081,60.7206,57.8304,55.6187,43.9,80.1,2.0196,64.9189,8.9663,1.2705,0.0,1023.3332
E9612A0E-5395-4772-ABD4-055EB32DC2A1,310104330002,2025-03-29T00:00:00+08:00,2025-07-14T08:04:27+08:00,2025-07-14T08:04:27+08:00,53.9472,58.8968,50.8175,46.8061,39.8,78.5,1.4444,53.8894,7.9931,3.4702,0.0,1031.0375
B99EF13A-67BE-4BF8-8747-8F2962C677A5,310104320001,2025-03-30T00:00:00+08:00,2025-07-14T08:03:51+08:00,2025-07-14T08:03:51+08:00,42.7631,45.8392,42.0688,40.434,36.5,67.9,0.7758,48.2169,7.7577,2.7828,0.0,1029.5775
CDE1A073-BC09-4062-863B-438EFB4B99C9,310104330002,2025-03-30T00:00:00+08:00,2025-07-14T08:04:08+08:00,2025-07-14T08:04:08+08:00,57.9418,63.9521,52.8653,45.4632,37.8,81.6,0.74,50.6473,7.669,6.3875,0.0,1029.6358
D62C5A7F-3113-4A38-9435-7D752CB6168F,310104340006,2025-03-30T00:00:00+08:00,2025-07-14T08:04:15+08:00,2025-07-14T08:04:15+08:00,52.4953,56.8087,50.2747,45.3165,38.2,67.1,0.2683,42.2502,7.8799,2.5495,0.0,1029.9661
D7351057-C17C-4388-B88E-3F9B13F8186D,310104320001,2025-04-01T00:00:00+08:00,2025-07-14T08:04:15+08:00,2025-07-14T08:04:15+08:00,44.1939,45.9988,44.0208,42.9716,40.1,62.4,0.6527,61.5614,9.0515,1.8484,0.0,1021.9377
F5FD26B7-EBD4-4EA6-A746-BA3C432F141C,310104330002,2025-04-01T00:00:00+08:00,2025-07-14T08:04:34+08:00,2025-07-14T08:04:34+08:00,56.7834,59.4162,56.1643,53.6902,43.5,82.4,1.7408,34.2661,13.9081,1.2308,0.0,1022.5888
C74C1AE1-602B-4D99-A802-E789FB4C9418,310104340006,2025-04-02T00:00:00+08:00,2025-07-14T08:04:01+08:00,2025-07-14T08:04:01+08:00,57.5749,59.9997,57.0033,54.3221,46.4,79.0,0.7646,33.8953,17.6245,0.9583,0.0,1021.6662
D12ADB69-FD2B-42D8-AB24-6D4B30823041,310104330002,2025-04-03T00:00:00+08:00,2025-07-14T08:04:11+08:00,2025-07-14T08:04:11+08:00,57.1876,59.5399,56.6059,54.2692,44.8,83.3,2.1906,35.1032,15.5816,1.3047,0.0,1022.6483
B7F4373C-D85E-4D2C-9CDF-998A3113F04B,310104320001,2025-04-04T00:00:00+08:00,2025-07-14T08:03:49+08:00,2025-07-14T08:03:49+08:00,45.6079,49.9952,43.3878,40.9806,35.6,75.4,1.1615,75.7051,14.2286,4.1524,0.0,1014.8669
DBA3C47A-D1D4-46DC-BCBD-28D7C864A947,310104340006,2025-04-04T00:00:00+08:00,2025-07-14T08:04:18+08:00,2025-07-14T08:04:18+08:00,56.4093,59.3002,55.5504,52.3358,44.7,76.6,0.6529,41.3687,16.9637,0.8443,0.0,1019.2806
EECE2075-7EDD-480E-918F-6FF9999999D8,310104330002,2025-04-05T00:00:00+08:00,2025-07-14T08:04:29+08:00,2025-07-14T08:04:29+08:00,59.1363,65.3283,53.6442,46.6262,39.9,84.8,0.9186,80.6533,13.5354,6.6854,0.0,1016.9888
CD143119-F296-43B8-A272-6EB1F06FCB21,310104330002,2025-04-07T00:00:00+08:00,2025-07-14T08:04:06+08:00,2025-07-14T08:04:06+08:00,57.0799,63.0243,52.7464,48.255,42.9,80.6,1.7885,62.3935,16.8048,5.2999,0.0,1016.005
B586259D-1A98-4166-ADAB-14165B4CD10A,310104340006,2025-04-07T00:00:00+08:00,2025-07-14T08:03:48+08:00,2025-07-14T08:03:48+08:00,57.4277,60.0144,56.7405,54.0279,45.6,82.9,0.5974,35.2723,22.4518,1.4569,0.0,1018.1612
BE6486A1-9709-46F0-828D-202DE52F1DD6,310104340006,2025-04-08T00:00:00+08:00,2025-07-14T08:03:54+08:00,2025-07-14T08:03:54+08:00,57.0331,59.7208,56.2273,53.4277,43.7,83.8,0.531,30.9052,25.7033,1.5301,0.0,1016.1626
C889F0F7-B493-4FE3-A332-ABB3933A939B,310104320001,2025-04-09T00:00:00+08:00,2025-07-14T08:04:02+08:00,2025-07-14T08:04:02+08:00,45.7331,50.5972,43.0619,40.036,33.7,72.5,0.5906,64.6369,21.0319,4.2915,0.0,1007.84
EBACED05-67D3-4DEE-87F6-81F7DF3AD021,310104330002,2025-04-09T00:00:00+08:00,2025-07-14T08:04:28+08:00,2025-07-14T08:04:28+08:00,56.4677,58.8669,55.8835,53.6204,44.8,82.4,2.0794,47.0071,26.073,1.3514,0.0,1009.0775
B830D11A-8B8E-4128-BBDD-4893E6FF5565,310104320001,2025-04-10T00:00:00+08:00,2025-07-14T08:03:49+08:00,2025-07-14T08:03:49+08:00,45.8462,49.7812,43.7377,41.6114,37.0,74.4,1.3054,66.3142,16.1838,3.9733,0.0,1009.0348
F562C115-11AD-41FD-A8DA-B0B8AF15B3A3,310104340006,2025-04-10T00:00:00+08:00,2025-07-14T08:04:33+08:00,2025-07-14T08:04:33+08:00,52.0949,55.3764,50.7157,48.3822,40.1,67.3,0.429,55.6706,16.5771,1.8601,0.0,1010.225
CD52E7C5-49C9-4B44-9669-3CCA0F290B1C,310104330002,2025-04-11T00:00:00+08:00,2025-07-14T08:04:06+08:00,2025-07-14T08:04:06+08:00,52.4332,55.4392,51.779,49.006,42.6,66.7,2.265,86.6596,19.235,1.428,0.0,1003.3998
E6E04D4D-1A09-4D90-BF4A-F40C96DA77F2,310104340006,2025-04-11T00:00:00+08:00,2025-07-14T08:04:25+08:00,2025-07-14T08:04:25+08:00,56.9316,59.3101,56.3834,53.6288,45.5,77.6,0.5648,48.7106,24.1054,1.0759,0.0,1008.5178
FDE037E5-D510-43CB-BD10-79BE89FD431A,310104320001,2025-04-12T00:00:00+08:00,2025-07-14T08:04:39+08:00,2025-07-14T08:04:39+08:00,50.2436,54.0018,48.6942,46.3504,38.3,72.9,2.1535,63.4383,15.7506,2.3944,0.0,1008.1985
D5F16DC8-2203-4F77-8BC1-2D24CD73A96C,310104330002,2025-04-12T00:00:00+08:00,2025-07-14T08:04:15+08:00,2025-07-14T08:04:15+08:00,56.465,58.9915,56.0021,53.3913,45.3,78.9,1.7863,99.5843,17.9414,1.1374,0.0,1001.4814
CC84FA51-E1BE-4E22-9CE8-9B5AF85CACB6,310104320001,2025-04-13T00:00:00+08:00,2025-07-14T08:04:06+08:00,2025-07-14T08:04:06+08:00,50.8303,56.3388,46.5498,41.2037,33.3,81.5,1.1519,46.0173,16.4354,7.2559,0.0,1004.084
CE51521E-0B64-4BF6-A794-24578ACE5EA0,310104340006,2025-04-13T00:00:00+08:00,2025-07-14T08:04:08+08:00,2025-07-14T08:04:08+08:00,52.9958,56.6697,51.5483,48.0246,39.9,69.6,0.4819,38.0005,16.8901,2.4005,0.0,1005.0736
EEB53E55-480E-4C43-985E-2747815A7080,310104340006,2025-04-16T00:00:00+08:00,2025-07-14T08:04:29+08:00,2025-07-14T08:04:29+08:00,57.241,59.8188,56.5696,53.7556,45.1,76.6,0.5578,36.7652,25.3196,1.1659,0.0,1008.5892
E12667AA-2E9A-4E0F-AE1B-C73AB33B0178,310104320001,2025-04-17T00:00:00+08:00,2025-07-14T08:04:22+08:00,2025-07-14T08:04:22+08:00,49.8051,53.4407,47.7169,45.9622,40.3,77.2,1.2959,46.5956,27.0008,2.9437,0.0,1006.2623
CB411914-61F7-4BEB-8E8A-BEB41822B5CC,310104330002,2025-04-17T00:00:00+08:00,2025-07-14T08:04:05+08:00,2025-07-14T08:04:05+08:00,50.805,53.9611,49.7077,46.49,40.1,75.7,0.7165,81.32,19.5838,1.5689,0.0,1008.03
F7EF7569-E415-4766-9C12-657A9E56D56B,310104320001,2025-04-18T00:00:00+08:00,2025-07-14T08:04:35+08:00,2025-07-14T08:04:35+08:00,46.2731,50.6835,44.0577,42.0801,38.3,74.1,2.3112,86.1375,21.294,3.7632,0.0,1007.0002
F2E7208F-8C24-4735-A1CA-97F5D45D6E1F,310104320001,2025-04-19T00:00:00+08:00,2025-07-14T08:04:32+08:00,2025-07-14T08:04:32+08:00,67.8957,75.0565,47.1207,44.2622,38.8,105.1,1.9074,66.5676,26.0536,8.5084,0.0,1005.931
E07312EB-32EE-4C76-93CE-AFAADBAFF801,310104330002,2025-04-19T00:00:00+08:00,2025-07-14T08:04:21+08:00,2025-07-14T08:04:21+08:00,49.5684,52.9147,48.5061,45.4391,39.2,69.4,2.1978,81.5951,17.5904,1.4704,0.0,1009.6694
FECE31DC-D1C1-4A9E-87C0-600221219CDF,310104330002,2025-04-20T00:00:00+08:00,2025-07-14T08:04:39+08:00,2025-07-14T08:04:39+08:00,49.634,52.886,48.6671,45.1849,36.3,69.2,1.4579,90.1354,15.3204,2.0183,0.0,1013.3375
F09067F9-A207-4404-A469-8298B16475D4,310104320001,2025-04-21T00:00:00+08:00,2025-07-14T08:04:30+08:00,2025-07-14T08:04:30+08:00,51.9676,57.6359,49.3197,47.7194,38.4,87.8,2.3682,81.382,20.708,4.1803,0.0,1008.4378
B6920FFF-D954-4E21-A350-044EDF70E00A,310104330002,2025-04-21T00:00:00+08:00,2025-07-14T08:03:49+08:00,2025-07-14T08:03:49+08:00,57.1129,59.2175,56.7878,54.5609,42.1,83.1,2.9318,88.2441,19.3796,1.5619,0.0,1008.3045
F22C1512-9DC6-4779-905C-ACE48348D269,310104340006,2025-04-21T00:00:00+08:00,2025-07-14T08:04:31+08:00,2025-07-14T08:04:31+08:00,52.5494,56.7703,50.5652,45.9625,37.8,68.9,0.3614,79.8179,20.6005,2.0232,0.0,1006.3379
CC54E862-8688-40F6-9149-8C1579A8643E,310104330002,2025-04-22T00:00:00+08:00,2025-07-14T08:04:06+08:00,2025-07-14T08:04:06+08:00,55.6839,57.8565,55.3484,53.3584,44.0,81.2,2.6842,76.5323,20.611,1.6545,0.0,1008.4982
C711084D-FCAB-4BAA-B980-631A0677343F,310104320001,2025-04-23T00:00:00+08:00,2025-07-14T08:04:01+08:00,2025-07-14T08:04:01+08:00,49.5186,54.7949,47.2308,40.3957,35.8,73.8,0.18,83.6064,17.3242,6.5091,0.0,1010.3306
EEC3A0C8-FBB3-4A92-981A-0E474234AF96,310104340006,2025-04-23T00:00:00+08:00,2025-07-14T08:04:29+08:00,2025-07-14T08:04:29+08:00,52.7933,56.6509,51.078,46.8659,40.3,74.1,0.1579,67.5918,18.3189,2.4904,0.0,1011.6681
B9A71610-DFDC-43B3-85EF-44334EA8DAAC,310104320001,2025-04-25T00:00:00+08:00,2025-07-14T08:03:51+08:00,2025-07-14T08:03:51+08:00,48.5937,54.0048,45.1373,39.3096,34.6,70.4,0.7281,57.7098,14.0069,6.2844,0.0,1020.2896
C9603CC7-7D2B-4157-B58A-AE09E853BF89,310104330002,2025-04-25T00:00:00+08:00,2025-07-14T08:04:04+08:00,2025-07-14T08:04:04+08:00,56.6149,59.2694,56.014,53.5344,42.3,83.0,2.0067,32.6686,19.3725,1.5321,0.0,1019.2432
DE000DFE-13A0-44EE-A462-869A285B020B,310104330002,2025-04-26T00:00:00+08:00,2025-07-14T08:04:20+08:00,2025-07-14T08:04:20+08:00,55.6531,58.1332,54.9956,52.366,44.6,78.7,3.1415,36.6152,19.4612,1.0317,0.0,1019.7159
F53F7D4C-265D-4176-BC30-3324166CDBE1,310104340006,2025-04-26T00:00:00+08:00,2025-07-14T08:04:33+08:00,2025-07-14T08:04:33+08:00,53.5387,57.4403,52.0112,47.1266,39.2,69.4,0.6132,51.5936,16.8015,2.3876,0.0,1017.8749
B76E620B-7353-42FD-903B-73411240C1A5,310104320001,2025-04-27T00:00:00+08:00,2025-07-14T08:03:49+08:00,2025-07-14T08:03:49+08:00,48.6975,53.5476,44.862,39.4411,32.3,76.0,0.4879,81.7931,17.6825,7.2439,0.0,1011.5694
FE54F46B-EC3F-4473-9941-29F448A580E8,310104330002,2025-04-27T00:00:00+08:00,2025-07-14T08:04:39+08:00,2025-07-14T08:04:39+08:00,49.8678,52.9934,48.8954,46.0365,39.6,71.7,0.7388,79.2567,18.2773,1.9676,0.0,1011.5798
E73F8171-787F-4958-8AAC-21D64285ACE6,310104320001,2025-04-28T00:00:00+08:00,2025-07-14T08:04:25+08:00,2025-07-14T08:04:25+08:00,48.9216,53.8982,45.9883,39.8693,33.8,79.7,0.3498,76.1452,14.9986,7.1271,0.0,1015.7696
CAB8EE8F-757B-441F-949F-944BF581C4AF,310104330002,2025-04-28T00:00:00+08:00,2025-07-14T08:04:05+08:00,2025-07-14T08:04:05+08:00,55.32,57.7941,54.8124,52.6374,42.8,79.4,2.5427,50.1626,21.8998,1.1768,0.0,1014.3999
CDA21808-8D97-4A1B-B663-806B139F29B1,310104340006,2025-04-28T00:00:00+08:00,2025-07-14T08:04:06+08:00,2025-07-14T08:04:06+08:00,57.0635,59.5557,56.3992,53.5652,44.1,80.2,0.6606,39.7575,22.5546,1.0149,0.0,1015.8104
E346DF7A-7733-4371-8DF7-0B27F7849584,310104320001,2025-04-29T00:00:00+08:00,2025-07-14T08:04:22+08:00,2025-07-14T08:04:22+08:00,48.3751,53.7042,44.355,41.4466,36.7,72.1,1.6717,55.5998,19.1446,5.8857,0.0,1012.9025
CC51A0E0-02C2-435B-8EF5-10301A534813,310104340006,2025-04-29T00:00:00+08:00,2025-07-14T08:04:06+08:00,2025-07-14T08:04:06+08:00,53.9376,57.8314,52.2447,47.5098,40.3,74.7,0.5282,48.5296,19.329,2.1152,0.0,1014.0882
E6C3EA76-4856-46DA-A765-AF485D4EB06B,310104320001,2025-04-30T00:00:00+08:00,2025-07-14T08:04:25+08:00,2025-07-14T08:04:25+08:00,50.7298,54.9602,48.0779,46.013,40.6,82.3,2.3126,53.9065,24.4386,2.991,0.0,1010.1505
CB78838E-B9E7-43B4-95F8-3465D0CEC356,310104340006,2025-04-30T00:00:00+08:00,2025-07-14T08:04:05+08:00,2025-07-14T08:04:05+08:00,57.692,60.1928,56.7532,53.9005,45.5,88.1,0.6419,43.7319,25.0754,1.3823,0.0,1011.6702
F594F222-8120-4CB5-BB29-7B2A32C0776F,310104320001,2025-05-01T00:00:00+08:00,2025-07-14T08:04:33+08:00,2025-07-14T08:04:33+08:00,51.8689,56.0714,49.4608,45.7844,37.1,89.6,1.9717,42.4382,26.0497,4.1814,0.0,1009.8192
BA9A1C8F-C13A-4806-83B6-F2F40D272E29,310104330002,2025-05-01T00:00:00+08:00,2025-07-14T08:03:52+08:00,2025-07-14T08:03:52+08:00,48.8176,52.1229,47.8892,44.5439,37.3,65.3,1.0812,67.3142,17.6858,2.086,0.0,1014.0964
E0EEF229-B224-4C95-8EAF-B254F0C991DC,310104330002,2025-05-02T00:00:00+08:00,2025-07-14T08:04:22+08:00,2025-07-14T08:04:22+08:00,49.5678,53.1347,48.3927,45.0308,38.4,72.3,2.1136,74.7262,21.7272,2.5173,0.0,1006.5459
F35AD502-7EA6-48EF-96FD-53A06E2CEBD9,310104340006,2025-05-02T00:00:00+08:00,2025-07-14T08:04:32+08:00,2025-07-14T08:04:32+08:00,52.7946,56.9435,50.8627,46.1646,37.8,71.0,0.3946,61.8484,21.8835,2.3665,0.0,1007.9393
B1674A0C-674A-4B90-9728-782BFCBB687E,310104320001,2025-05-03T00:00:00+08:00,2025-07-14T08:03:46+08:00,2025-07-14T08:03:46+08:00,51.1219,54.9307,49.0596,45.8293,37.5,79.5,2.5718,48.7479,23.5641,3.2628,0.0,1011.2427
DD487E6A-674C-401E-9984-F2A82041C33B,310104330002,2025-05-03T00:00:00+08:00,2025-07-14T08:04:19+08:00,2025-07-14T08:04:19+08:00,54.0854,56.9071,53.1466,50.7485,43.4,76.3,3.2643,49.0809,23.3778,1.2417,0.0,1011.0957
F3E1898A-DE9B-4B06-A413-363B0D744F0A,310104340006,2025-05-03T00:00:00+08:00,2025-07-14T08:04:32+08:00,2025-07-14T08:04:32+08:00,52.9357,57.282,50.8213,44.9815,34.6,67.2,0.4623,44.4623,17.0176,1.8884,0.0,1016.715
BD78F091-F486-492B-BBFE-27D4C697652C,310104330002,2025-05-04T00:00:00+08:00,2025-07-14T08:03:53+08:00,2025-07-14T08:03:53+08:00,54.1719,56.8555,53.6975,50.9556,41.9,72.5,2.8979,41.7325,19.6042,1.0896,0.0,1013.9055
C870D6DC-F919-4522-8B6A-A29196211510,310104340006,2025-05-05T00:00:00+08:00,2025-07-14T08:04:02+08:00,2025-07-14T08:04:02+08:00,58.3981,61.2548,57.6773,54.2839,45.6,81.9,0.7147,77.1268,18.9655,1.8264,0.045,1006.1093
DA3F90C4-DDD8-4CDE-A2E9-F6C62A1E621B,310104320001,2025-05-06T00:00:00+08:00,2025-07-14T08:04:17+08:00,2025-07-14T08:04:17+08:00,47.4929,54.1503,42.2315,39.6741,34.1,87.1,1.0794,79.9906,16.5388,5.8156,0.0,1012.956
D3E585C3-356C-43A0-97CE-E5704024AC46,310104340006,2025-05-06T00:00:00+08:00,2025-07-14T08:04:12+08:00,2025-07-14T08:04:12+08:00,57.7515,60.6713,56.7541,53.9786,44.1,83.6,0.9704,48.1134,23.3003,1.4082,0.0,1010.1592
E753E453-99B4-4E5D-8C0F-CC375C0A6B1D,310104320001,2025-05-07T00:00:00+08:00,2025-07-14T08:04:25+08:00,2025-07-14T08:04:25+08:00,45.5423,49.9761,43.3627,41.4127,36.2,69.4,1.9329,77.574,17.8492,4.167,0.0,1013.5702
B9064C8A-090D-48EE-AF2B-A8B78BDB224A,310104330002,2025-05-07T00:00:00+08:00,2025-07-14T08:03:51+08:00,2025-07-14T08:03:51+08:00,51.5501,55.6953,49.9162,46.695,41.2,75.6,2.0038,82.9108,17.4827,2.0144,0.0,1013.7106
C5F4E5B9-B558-4EA5-AD5D-E04EBF202513,310104320001,2025-05-08T00:00:00+08:00,2025-07-14T08:04:01+08:00,2025-07-14T08:04:01+08:00,52.6025,54.9159,51.5984,50.4451,43.3,84.6,2.6869,86.5868,19.2708,2.3998,0.0,1009.3468
E9A3B335-DEE6-411B-B778-966218DC609C,310104330002,2025-05-08T00:00:00+08:00,2025-07-14T08:04:27+08:00,2025-07-14T08:04:27+08:00,51.0094,54.4409,50.0394,46.641,40.5,65.6,2.8535,97.9931,21.0672,2.8282,0.0,1001.4655
F3314BFA-2B53-4D06-888E-D558CE2A00F0,310104340006,2025-05-08T00:00:00+08:00,2025-07-14T08:04:32+08:00,2025-07-14T08:04:32+08:00,58.963,61.547,58.374,55.4309,46.1,75.0,0.9779,68.4658,19.9916,1.2474,0.1799,1011.0973
C67BF682-FDBA-4B83-86E6-40C8593E0E32,310104320001,2025-05-09T00:00:00+08:00,2025-07-14T08:04:01+08:00,2025-07-14T08:04:01+08:00,50.3751,53.1689,49.2928,47.6167,38.7,73.1,1.8562,74.5225,22.7744,2.763,0.0,1004.7163
E782EC8C-016C-4C5B-A6C5-5101207DA7FE,310104340006,2025-05-09T00:00:00+08:00,2025-07-14T08:04:26+08:00,2025-07-14T08:04:26+08:00,54.4999,58.2668,53.1045,48.5622,41.8,68.2,0.2309,70.7744,19.3132,1.653,0.0,1009.9137
B4DB3D5D-26EC-479A-9248-16A0C6E7463B,310104320001,2025-05-10T00:00:00+08:00,2025-07-14T08:03:48+08:00,2025-07-14T08:03:48+08:00,48.2589,51.4361,46.4258,44.2062,37.2,81.8,1.861,47.359,23.417,2.4363,0.0,1011.4892
C46BE0B9-F86D-4CF5-B0FF-56BD55841699,310104330002,2025-05-10T00:00:00+08:00,2025-07-14T08:03:59+08:00,2025-07-14T08:03:59+08:00,49.3644,52.9185,48.1093,44.818,37.6,76.1,1.8192,60.5323,19.0256,2.0056,0.0,1012.7238
CC97B667-B7C8-49E9-B1A8-3605C8C65EDD,310104340006,2025-05-10T00:00:00+08:00,2025-07-14T08:04:06+08:00,2025-07-14T08:04:06+08:00,57.8464,60.4011,57.1472,54.4153,45.0,78.6,1.3263,40.4173,22.7231,1.2008,0.0,1012.8832
E1D0FAEC-456F-4F2F-BE89-39E4AFAF5462,310104320001,2025-05-11T00:00:00+08:00,2025-07-14T08:04:22+08:00,2025-07-14T08:04:22+08:00,46.465,51.1283,43.5454,40.8151,35.4,76.0,0.3469,60.4554,17.8908,5.2752,0.0,1009.8573
E6DB6F30-D6C3-4462-9715-56E148333548,310104330002,2025-05-11T00:00:00+08:00,2025-07-14T08:04:25+08:00,2025-07-14T08:04:25+08:00,54.8992,57.5566,54.2267,51.7554,44.3,82.2,2.2824,37.0218,23.6932,1.1828,0.0,1009.9048
E4DA7984-6F5F-4E92-AD3C-B1B71C3C2B10,310104320001,2025-05-12T00:00:00+08:00,2025-07-14T08:04:24+08:00,2025-07-14T08:04:24+08:00,49.2939,55.8964,43.1491,41.1146,36.6,83.2,1.3127,47.3762,21.0358,6.183,0.0,1011.4479
EA8A5C4E-1019-48CE-B3BF-DFB53227A145,310104330002,2025-05-12T00:00:00+08:00,2025-07-14T08:04:27+08:00,2025-07-14T08:04:27+08:00,55.8542,58.3412,55.3088,53.0203,43.4,79.0,2.7621,32.2383,26.6267,1.3459,0.0,1010.746
F7D85B8A-941F-42AC-9DFE-4408F06C0524,310104340006,2025-05-14T00:00:00+08:00,2025-07-14T08:04:35+08:00,2025-07-14T08:04:35+08:00,52.6787,56.4856,51.1999,46.3334,38.6,67.6,0.357,62.5674,23.1066,2.3319,0.0,1012.7826
BAA10B4D-B786-4D20-BAD4-60D592DFD8DD,310104320001,2025-05-15T00:00:00+08:00,2025-07-14T08:03:52+08:00,2025-07-14T08:03:52+08:00,48.9152,53.24,47.2289,45.3777,37.8,72.5,1.0279,93.5383,23.9131,3.9393,0.0,1010.2373
C878CD27-99AD-498B-B693-81EB5D1E5770,310104340006,2025-05-15T00:00:00+08:00,2025-07-14T08:04:02+08:00,2025-07-14T08:04:02+08:00,58.6823,63.8145,55.8555,52.8875,43.9,95.5,0.3971,50.7609,27.5295,2.7325,0.2317,1013.4761
BD4AB19B-A6DC-4AC2-BDC2-064FB57AF165,310104320001,2025-05-16T00:00:00+08:00,2025-07-14T08:03:53+08:00,2025-07-14T08:03:53+08:00,48.0642,53.2066,45.2114,41.0184,34.8,71.3,0.1746,94.8854,20.5342,5.8655,0.0,1008.8283
E5584F6E-960A-47F5-8288-4A51F75BAC6D,310104330002,2025-05-16T00:00:00+08:00,2025-07-14T08:04:24+08:00,2025-07-14T08:04:24+08:00,56.6431,59.2668,56.2143,53.8376,42.2,79.1,1.7432,89.5094,23.5014,1.7591,0.0,1008.3626
EF9E63A0-C6E0-4D71-BAEF-AEDF2412DDC8,310104320001,2025-05-17T00:00:00+08:00,2025-07-14T08:04:30+08:00,2025-07-14T08:04:30+08:00,55.864,60.3008,53.8348,46.1387,39.1,80.0,0.9814,64.7917,29.2299,5.6977,0.0,1008.4458
DDDA1ED8-43C7-4A74-A177-DAED3C315FFC,310104330002,2025-05-17T00:00:00+08:00,2025-07-14T08:04:20+08:00,2025-07-14T08:04:20+08:00,51.4678,55.4983,49.958,46.9544,39.9,73.5,3.2261,67.2281,20.9282,1.9862,0.0,1012.3304
E76D4350-AD3B-468F-9998-9B5E4C310568,310104330002,2025-05-18T00:00:00+08:00,2025-07-14T08:04:25+08:00,2025-07-14T08:04:25+08:00,51.7106,55.8775,49.9325,46.1732,39.0,76.2,1.5492,94.4908,19.9671,2.3097,0.0,1009.9227
C9118DE2-F851-4650-8F74-AF2499A8A9A4,310104340006,2025-05-18T00:00:00+08:00,2025-07-14T08:04:04+08:00,2025-07-14T08:04:04+08:00,56.5687,59.2363,55.8385,52.8031,44.5,75.7,0.5806,49.2704,21.8785,0.8664,0.0,1013.6055
C6643860-7133-4973-B5FF-F21AEB91E368,310104320001,2025-05-20T00:00:00+08:00,2025-07-14T08:04:01+08:00,2025-07-14T08:04:01+08:00,49.5131,53.3421,48.0319,45.8698,37.1,73.1,0.6225,95.6503,24.8209,5.6682,0.0,1004.4151
CC17E8B6-A377-475F-9D6C-464640C165F6,310104330002,2025-05-21T00:00:00+08:00,2025-07-14T08:04:05+08:00,2025-07-14T08:04:05+08:00,56.8614,59.7369,55.9383,53.5974,41.4,82.3,1.8267,80.3391,26.8826,1.6042,0.0,1005.3831
AF5F19BD-4ADD-4583-A144-C182AC6EF4F7,310104340006,2025-05-21T00:00:00+08:00,2025-07-14T08:03:45+08:00,2025-07-14T08:03:45+08:00,57.6926,60.2791,56.9664,54.1627,45.2,79.9,0.6144,66.6422,26.8546,1.5219,0.3917,1006.9024
F9B12A58-DFE0-4A4C-BF32-FF170DDB188D,310104340006,2025-05-22T00:00:00+08:00,2025-07-14T08:04:36+08:00,2025-07-14T08:04:36+08:00,59.1945,61.4585,56.7449,53.9809,43.8,87.3,0.6834,57.0024,28.5016,2.7351,0.0,1008.8368
C1CE4974-8EF1-4280-A2BF-FD0CCBE5F84E,310104320001,2025-05-23T00:00:00+08:00,2025-07-14T08:03:57+08:00,2025-07-14T08:03:57+08:00,51.8789,55.7547,50.6924,49.0997,41.9,72.4,2.4614,99.732,20.5707,2.0943,0.0,1004.9778
F8A06F55-FB0E-46F3-B353-25436D409491,310104330002,2025-05-23T00:00:00+08:00,2025-07-14T08:04:35+08:00,2025-07-14T08:04:35+08:00,58.0677,60.2145,57.8289,55.7973,48.3,75.1,2.2992,99.5603,20.6701,1.4811,0.0,1004.8181
D700E7B0-E290-4846-B289-44F87A1C6342,310104330002,2025-05-24T00:00:00+08:00,2025-07-14T08:04:15+08:00,2025-07-14T08:04:15+08:00,55.5117,58.0413,54.9354,52.6951,42.7,77.6,2.8963,50.4962,22.4465,1.5138,0.0,1013.3036
E2DAD198-98E7-4EB6-949B-598968474043,310104340006,2025-05-24T00:00:00+08:00,2025-07-14T08:04:22+08:00,2025-07-14T08:04:22+08:00,52.6854,56.7656,50.8818,46.2104,39.0,65.5,0.438,46.4746,19.9313,0.9496,0.0,1017.2623
C57472D6-5057-4901-B11F-19AC07ED9D30,310104320001,2025-05-27T00:00:00+08:00,2025-07-14T08:03:59+08:00,2025-07-14T08:03:59+08:00,45.7356,50.2412,43.2387,40.8114,35.0,78.0,1.3,72.3621,20.3306,4.646,0.0,1016.846
E22B76FF-E172-446B-AF1A-5C8285CEC753,310104330002,2025-05-27T00:00:00+08:00,2025-07-14T08:04:22+08:00,2025-07-14T08:04:22+08:00,61.3336,67.8065,54.2804,47.1612,39.7,82.9,1.4208,76.8358,20.0906,7.567,0.0,1016.6956
EB0D0D75-9339-4C2D-8A6E-6D53EE968403,310104340006,2025-05-27T00:00:00+08:00,2025-07-14T08:04:28+08:00,2025-07-14T08:04:28+08:00,52.3432,56.3092,50.4713,45.9646,40.3,73.0,0.5908,59.152,20.6671,1.94,0.0,1017.6709
D3F2D26A-8053-401B-A4B9-A327FB8087B5,310104320001,2025-05-28T00:00:00+08:00,2025-07-14T08:04:12+08:00,2025-07-14T08:04:12+08:00,48.5355,52.4268,46.8598,45.2612,37.6,81.7,1.9615,62.4246,22.5011,2.6606,0.0,1016.0247
F191077F-4537-408F-BB7E-B5B97C8BEBAE,310104330002,2025-05-28T00:00:00+08:00,2025-07-14T08:04:31+08:00,2025-07-14T08:04:31+08:00,55.2957,60.9035,52.4558,45.3504,36.0,84.2,0.5194,85.6123,19.6702,4.8234,0.0,1014.9983
EADA7242-7FBE-40FF-99CF-BD02222EDE6E,310104340006,2025-05-28T00:00:00+08:00,2025-07-14T08:04:28+08:00,2025-07-14T08:04:28+08:00,52.2774,56.3702,50.366,45.2322,37.7,72.7,0.2428,69.6958,19.9397,2.0502,0.0,1015.8671
F5A2D32A-64CC-4D20-AA18-53C586B590C3,310104320001,2025-05-29T00:00:00+08:00,2025-07-14T08:04:33+08:00,2025-07-14T08:04:33+08:00,48.6187,51.6127,47.2027,45.267,37.0,79.2,1.6606,54.9871,25.6498,2.5681,0.0,1014.7883
B6A89753-2065-42DB-AA22-5A3763E67438,310104340006,2025-05-29T00:00:00+08:00,2025-07-14T08:03:49+08:00,2025-07-14T08:03:49+08:00,52.8781,56.8874,51.2568,46.0138,37.2,68.7,0.2837,67.4136,20.4007,2.0501,0.0,1015.1984
B4442A62-4FAD-48F7-95D0-9A7F2BDE21E2,310104340006,2025-05-30T00:00:00+08:00,2025-07-14T08:03:48+08:00,2025-07-14T08:03:48+08:00,56.7665,59.3245,56.0267,53.2532,44.5,82.0,0.5632,35.3754,26.9364,0.901,0.0,1014.6258
F7D52D51-DE53-4DA2-8877-BBAAE8FF0129,310104320001,2025-05-31T00:00:00+08:00,2025-07-14T08:04:35+08:00,2025-07-14T08:04:35+08:00,49.5466,52.7092,48.5141,46.3062,39.9,77.0,2.1862,56.2839,24.0424,2.3103,0.0,1009.2579
DB9BD085-8F1F-4B7B-84B1-130316698627,310104330002,2025-05-31T00:00:00+08:00,2025-07-14T08:04:18+08:00,2025-07-14T08:04:18+08:00,56.3869,59.2155,55.6778,53.201,43.3,79.8,3.2987,58.3146,23.7323,1.8382,0.0,1009.0371
E24F32A6-0AF3-47F5-AE04-15026CC26C64,310104320001,2025-06-01T00:00:00+08:00,2025-07-14T08:04:22+08:00,2025-07-14T08:04:22+08:00,51.0416,52.0911,44.8103,43.3894,35.2,91.0,0.6439,100.0,20.5728,5.924,0.0,1000.8273
F7D35E5C-A05A-47B9-BCB9-DB0B0232EF45,310104330002,2025-06-01T00:00:00+08:00,2025-07-14T08:04:35+08:00,2025-07-14T08:04:35+08:00,55.8868,58.4509,55.5336,52.7804,41.5,71.2,2.0212,99.5935,18.8478,1.7341,0.0,1004.6037
D5E53750-3C70-4857-AC51-2DF2AD79569B,310104340006,2025-06-01T00:00:00+08:00,2025-07-14T08:04:15+08:00,2025-07-14T08:04:15+08:00,58.2598,61.0469,57.685,53.9887,44.7,71.7,0.6379,83.4868,19.4246,1.4702,0.3433,1004.5327
C3FFC729-45F8-4F0A-925E-F994A471A2D7,310104320001,2025-06-02T00:00:00+08:00,2025-07-14T08:03:58+08:00,2025-07-14T08:03:58+08:00,45.6391,51.0707,43.8446,39.5798,33.1,73.7,0.9954,91.7238,19.0185,5.5583,0.0,1005.6494
F0D7AF08-9877-4E27-AAC9-9B61C18AD124,310104330002,2025-06-02T00:00:00+08:00,2025-07-14T08:04:30+08:00,2025-07-14T08:04:30+08:00,54.9834,57.5993,54.5232,51.9791,41.4,75.5,2.1525,94.1671,21.2606,1.192,0.0,1000.9345
D84AF9FC-A67D-47D3-91EC-A3FCA134E350,310104340006,2025-06-02T00:00:00+08:00,2025-07-14T08:04:16+08:00,2025-07-14T08:04:16+08:00,52.7632,56.8492,50.8394,46.3111,38.7,68.3,0.7283,72.034,19.2788,1.9964,0.0,1006.1929
D2519528-0EE3-4DE1-95AA-0E33863795B8,310104330002,2025-06-03T00:00:00+08:00,2025-07-14T08:04:11+08:00,2025-07-14T08:04:11+08:00,50.2961,54.0299,48.9562,45.3708,39.8,72.9,0.6969,86.2848,22.0533,2.4505,0.0,1008.9254
CB5D917C-459E-4274-8C8E-3EECB11D1B1B,310104320001,2025-06-04T00:00:00+08:00,2025-07-14T08:04:05+08:00,2025-07-14T08:04:05+08:00,45.374,49.7774,42.7816,40.8485,35.9,79.2,0.7015,63.246,23.6658,4.5068,0.0,1011.721
FA6C9206-2AA6-4875-AB02-00462E69F791,310104330002,2025-06-04T00:00:00+08:00,2025-07-14T08:04:36+08:00,2025-07-14T08:04:36+08:00,55.787,58.3911,55.207,52.8085,42.2,79.4,1.7905,49.5062,29.5683,0.9872,0.0,1010.082
DFAF270F-2581-4CB9-B32D-FDCAE9B8D0A8,310104340006,2025-06-04T00:00:00+08:00,2025-07-14T08:04:21+08:00,2025-07-14T08:04:21+08:00,52.5603,56.531,50.8491,45.6365,38.2,66.9,0.225,56.3881,23.5749,2.1609,0.0,1012.1876
F39ACC1B-7A0A-4833-AFE8-E374F358166A,310104320001,2025-06-05T00:00:00+08:00,2025-07-14T08:04:32+08:00,2025-07-14T08:04:32+08:00,49.3541,52.3503,47.8658,46.3156,41.0,81.1,1.9093,32.1799,30.5414,2.1966,0.0,1010.8352
CD5D2CD1-8C89-4795-90C7-78DEC4A29F4E,310104330002,2025-06-05T00:00:00+08:00,2025-07-14T08:04:06+08:00,2025-07-14T08:04:06+08:00,50.9082,54.1099,49.9165,46.8953,41.4,73.7,2.2737,63.0675,23.8385,1.8832,0.0,1008.6131
F62945BB-585D-44B4-AD1F-F47E8C8EEC95,310104320001,2025-06-06T00:00:00+08:00,2025-07-14T08:04:34+08:00,2025-07-14T08:04:34+08:00,49.3996,52.8846,48.0986,46.6296,41.0,73.1,2.1649,57.7774,29.4767,2.0261,0.0,1007.0505
D2BA6D58-BC98-4C46-B729-C38C15CF1B0F,310104330002,2025-06-06T00:00:00+08:00,2025-07-14T08:04:12+08:00,2025-07-14T08:04:12+08:00,56.8053,59.2577,56.2789,54.0169,45.2,78.8,3.0112,63.1343,28.3212,0.97,0.0,1006.837
DD77BD25-87FC-453C-AE1B-92A705E61DCF,310104340006,2025-06-06T00:00:00+08:00,2025-07-14T08:04:19+08:00,2025-07-14T08:04:19+08:00,56.5551,59.0226,55.9468,53.3974,45.1,74.2,0.7012,47.2669,29.8987,0.999,0.0,1007.636
CFB51BDE-97DB-46AC-8D1A-09F751BE21FA,310104330002,2025-06-07T00:00:00+08:00,2025-07-14T08:04:10+08:00,2025-07-14T08:04:10+08:00,49.6543,53.041,48.6013,44.9845,37.4,68.1,0.8423,99.9715,23.8259,1.9373,0.0,1005.1821
DEBC15FB-1C1C-4325-82AC-320C004BFE38,310104330002,2025-06-08T00:00:00+08:00,2025-07-14T08:04:20+08:00,2025-07-14T08:04:20+08:00,50.9878,54.1272,50.3137,46.2393,39.8,62.6,0.9261,100.0,21.6022,,0.0,1007.0217
D390F9D1-AC8F-470A-AD8F-4DAC52B11F70,310104340006,2025-06-08T00:00:00+08:00,2025-07-14T08:04:12+08:00,2025-07-14T08:04:12+08:00,52.3741,56.8925,49.8404,44.7817,37.8,70.4,0.3287,83.707,21.7217,2.0587,0.2551,1007.074
CD82C759-F4C4-44D9-887E-BA16509A579B,310104320001,2025-06-09T00:00:00+08:00,2025-07-14T08:04:06+08:00,2025-07-14T08:04:06+08:00,51.6,56.0294,43.0624,40.8464,33.4,82.7,0.733,99.8675,22.6919,8.465,0.0,1007.0306
B68664CE-440A-4B27-BFEF-968020106B56,310104340006,2025-06-09T00:00:00+08:00,2025-07-14T08:03:49+08:00,2025-07-14T08:03:49+08:00,57.5583,60.3828,56.7548,53.6207,45.6,80.1,0.3094,80.584,23.3258,1.4374,0.1067,1007.3229
B3A5A912-E6DD-42CF-B1CC-E23DBA91590E,310104320001,2025-06-10T00:00:00+08:00,2025-07-14T08:03:47+08:00,2025-07-14T08:03:47+08:00,50.8074,53.4878,49.3701,47.9637,38.8,81.7,0.8249,98.2503,22.8906,3.1965,0.0,1010.2133
D65FE4B6-9918-4193-84CC-1526555C9C3F,310104320001,2025-06-11T00:00:00+08:00,2025-07-14T08:04:15+08:00,2025-07-14T08:04:15+08:00,48.6456,51.1142,47.3445,45.8434,39.6,77.4,1.3827,92.901,22.6928,1.9312,0.0,1013.8436
C00DE252-A72D-465E-8584-B11318DDC046,310104330002,2025-06-11T00:00:00+08:00,2025-07-14T08:03:55+08:00,2025-07-14T08:03:55+08:00,56.4833,58.9549,56.0877,53.7708,40.9,78.5,1.1866,94.3296,22.5137,1.3776,0.0,1013.5653
E720BB94-A25E-4A88-9CE1-1FB4E13B0A86,310104340006,2025-06-11T00:00:00+08:00,2025-07-14T08:04:25+08:00,2025-07-14T08:04:25+08:00,53.0044,57.1823,50.934,46.0385,39.2,75.0,0.3552,74.3129,20.3055,2.1839,0.095,1014.4958
DBABD3D9-89AC-42B6-8333-9C4CF69A5C55,310104320001,2025-06-13T00:00:00+08:00,2025-07-14T08:04:18+08:00,2025-07-14T08:04:18+08:00,50.3391,53.2216,49.516,48.2841,40.6,74.7,1.3928,96.3688,26.6537,2.8176,0.0,1006.4253
BEBAFDEA-4AE4-4EB4-B357-2C7DA9591C0E,310104340006,2025-06-14T00:00:00+08:00,2025-07-14T08:03:54+08:00,2025-07-14T08:03:54+08:00,56.3629,58.9825,55.6821,52.8275,43.6,74.3,0.5598,68.6951,29.3501,0.9434,0.3117,1004.9933
FE0211D4-EC32-4FF4-BBAA-F00C60D7F982,310104320001,2025-06-15T00:00:00+08:00,2025-07-14T08:04:39+08:00,2025-07-14T08:04:39+08:00,48.3131,50.1248,47.9591,47.1828,38.9,68.7,1.0324,99.8334,22.5143,1.7369,0.0,1002.7301
F1A79735-A3C2-4E7D-A201-0B9AA25BE932,310104330002,2025-06-15T00:00:00+08:00,2025-07-14T08:04:31+08:00,2025-07-14T08:04:31+08:00,51.4385,54.4089,50.6644,48.2316,41.2,73.3,1.8009,99.6123,22.2476,0.6346,0.0,1002.7771
E97F4C52-1158-43BE-B140-8735B5BE2820,310104340006,2025-06-15T00:00:00+08:00,2025-07-14T08:04:27+08:00,2025-07-14T08:04:27+08:00,57.0001,59.9452,56.1198,52.8053,43.8,81.2,0.4039,78.9908,26.0994,1.6355,0.61,1001.7111
EBD36E0C-E996-467A-ACA5-BF6EF48DA04F,310104340006,2025-06-17T00:00:00+08:00,2025-07-14T08:04:28+08:00,2025-07-14T08:04:28+08:00,56.1793,58.7721,55.4277,52.6804,44.9,81.5,0.6282,41.8125,33.3663,1.3523,0.0,1008.2874
B5884428-C761-415B-89CA-6CEC53A4649D,310104320001,2025-06-18T00:00:00+08:00,2025-07-14T08:03:48+08:00,2025-07-14T08:03:48+08:00,48.8325,50.8012,48.4244,47.2687,42.7,70.4,1.6551,56.9198,33.2682,1.6365,0.0,1008.4426
E9C5AF2E-3BE0-4B47-987D-9A461A6F3B81,310104330002,2025-06-18T00:00:00+08:00,2025-07-14T08:04:27+08:00,2025-07-14T08:04:27+08:00,50.3361,53.4497,49.4047,46.6933,41.7,67.3,1.5456,83.295,27.5715,1.8021,0.0,1008.5025
F587B626-DD82-48C5-8E47-FB5AC67DB782,310104340006,2025-06-18T00:00:00+08:00,2025-07-14T08:04:33+08:00,2025-07-14T08:04:33+08:00,51.7412,55.701,49.8833,45.5759,40.3,69.7,0.381,65.8397,28.526,1.9216,0.0,1009.2913
DA491CA6-0C91-4BA5-8BF6-948149C0345F,310104320001,2025-06-19T00:00:00+08:00,2025-07-14T08:04:17+08:00,2025-07-14T08:04:17+08:00,44.5035,46.3283,43.8622,42.864,39.5,73.2,1.7045,82.3136,28.0297,1.801,0.0,1007.112
DF3813E2-39F6-4F17-A31B-C1B6867AB3E1,310104330002,2025-06-20T00:00:00+08:00,2025-07-14T08:04:20+08:00,2025-07-14T08:04:20+08:00,56.541,58.7723,56.1094,54.0864,45.1,81.7,3.0025,64.8304,31.8571,1.3746,0.0,1006.2425
D1862144-C4DB-48B0-A610-4AFE2D51E302,310104340006,2025-06-20T00:00:00+08:00,2025-07-14T08:04:11+08:00,2025-07-14T08:04:11+08:00,58.694,61.0227,55.2073,52.5236,43.5,96.1,0.6143,50.9693,32.7483,3.3556,0.0,1007.0236
E7E06311-87E8-4C43-B221-6728F3205F15,310104330002,2025-06-21T00:00:00+08:00,2025-07-14T08:04:26+08:00,2025-07-14T08:04:26+08:00,50.9851,53.4381,49.3264,46.5467,41.4,81.4,1.7602,86.1327,23.0265,2.3047,0.0,1007.8292
FC346587-DAFA-4155-878B-4FC6E078DA61,310104340006,2025-06-22T00:00:00+08:00,2025-07-14T08:04:37+08:00,2025-07-14T08:04:37+08:00,52.0215,56.2188,50.0288,45.5921,39.5,65.1,0.4664,84.7492,22.1471,3.0279,0.3849,1007.4035
AFFD6F84-CB74-45A4-99EF-C1018A080C60,310104320001,2025-06-23T00:00:00+08:00,2025-07-14T08:03:45+08:00,2025-07-14T08:03:45+08:00,49.1183,51.0819,48.4308,47.0741,38.3,89.8,1.5133,98.2567,22.4997,3.1288,0.0,1005.7081
BBA708EE-F842-49E6-8B64-CEFE6058DE7B,310104320001,2025-06-24T00:00:00+08:00,2025-07-14T08:03:52+08:00,2025-07-14T08:03:52+08:00,49.5219,52.4208,48.4009,46.0653,39.0,76.6,1.2514,86.5262,23.7846,2.47,0.0,1009.3354
BC0C2958-EA98-46F8-946E-74C40DFF795B,310104330002,2025-06-24T00:00:00+08:00,2025-07-14T08:03:53+08:00,2025-07-14T08:03:53+08:00,57.3432,60.2775,55.9192,53.6931,44.2,86.2,1.681,83.4662,24.0876,2.393,0.0,1009.1005
E55C2A16-B52A-44F1-BA23-C14F38735C3C,310104330002,2025-06-25T00:00:00+08:00,2025-07-14T08:04:24+08:00,2025-07-14T08:04:24+08:00,51.1782,54.3141,50.1741,47.2258,42.1,75.7,1.1831,89.5115,24.5119,1.7847,0.0,1010.0275
EC978151-0C79-491A-B025-000B5E2ACA3C,310104320001,2025-06-27T00:00:00+08:00,2025-07-14T08:04:28+08:00,2025-07-14T08:04:28+08:00,45.9886,50.7219,43.4872,41.5709,37.5,70.1,0.6058,86.8877,27.2835,3.7176,0.0,1007.6637
DCB8DA2C-239F-41F0-A02B-C3A67E9C0A30,310104330002,2025-06-27T00:00:00+08:00,2025-07-14T08:04:19+08:00,2025-07-14T08:04:19+08:00,56.8121,59.5538,55.9104,53.5818,45.0,83.4,1.7264,66.6554,32.9797,1.2005,0.0,1007.2347
DE0E3D66-A504-4249-A85C-C7D2CBAC75C1,310104340006,2025-06-27T00:00:00+08:00,2025-07-14T08:04:20+08:00,2025-07-14T08:04:20+08:00,51.1529,55.056,49.5313,44.7531,37.3,63.8,0.2719,75.2737,27.1942,1.553,0.0,1008.443
DBE00E9D-3A07-4636-BD7D-8DC392217E67,310104320001,2025-06-28T00:00:00+08:00,2025-07-14T08:04:18+08:00,2025-07-14T08:04:18+08:00,46.9916,51.1599,43.9717,42.087,37.3,79.1,0.8623,87.095,26.8396,4.4802,0.0,1005.6875
FE7E80B8-4F85-4002-8803-F66D79230E33,310104330002,2025-06-28T00:00:00+08:00,2025-07-14T08:04:39+08:00,2025-07-14T08:04:39+08:00,56.3437,59.253,55.547,53.0036,43.5,74.9,2.3409,69.6284,31.9499,1.7962,0.0,1005.8711
E96C2FAB-00B9-4C2D-9D68-CDB78B413554,310104340006,2025-06-28T00:00:00+08:00,2025-07-14T08:04:27+08:00,2025-07-14T08:04:27+08:00,51.1459,55.2653,49.2669,44.9652,39.6,68.8,0.3155,71.4088,27.1198,1.8663,0.0,1006.637
FDF9AF34-6A39-469A-9934-CE3067EABC21,310104320001,2025-06-29T00:00:00+08:00,2025-07-14T08:04:39+08:00,2025-07-14T08:04:39+08:00,46.9017,49.9771,45.7913,44.3995,39.3,68.8,2.0927,82.965,28.4456,3.7242,0.0,1007.3881
B677FFD9-C4C8-4EA0-A47C-D0B63390DD5D,310104330002,2025-06-29T00:00:00+08:00,2025-07-14T08:03:49+08:00,2025-07-14T08:03:49+08:00,51.1079,54.3109,50.2447,47.2648,41.6,70.0,2.6517,85.7672,28.0707,1.8318,0.0,1007.4358
CD2A5F55-507A-4EDD-B637-259B8C37DDD7,310104320001,2025-07-01T00:00:00+08:00,2025-07-14T08:04:06+08:00,2025-07-14T08:04:06+08:00,54.7681,57.4006,54.1585,51.3185,43.1,75.1,2.2079,62.3282,33.6608,3.4511,0.0,1010.6872
F7C79037-E558-4C7B-AB20-3E0EE6C3AA17,310104330002,2025-07-01T00:00:00+08:00,2025-07-14T08:04:35+08:00,2025-07-14T08:04:35+08:00,51.3834,54.1638,50.7284,48.0953,42.4,70.1,2.8427,85.0753,28.6132,2.0733,0.0,1011.1848
FC0A3C55-2D6D-422F-9DE0-E967396EEA4A,310104340006,2025-07-02T00:00:00+08:00,2025-07-14T08:04:37+08:00,2025-07-14T08:04:37+08:00,58.465,62.1573,56.4903,53.1774,44.6,77.1,0.7478,51.4364,33.7621,2.4655,0.0,1011.6003
CC20A36F-C7A6-41FB-BB66-54C9A2973D2D,310104320001,2025-07-03T00:00:00+08:00,2025-07-14T08:04:05+08:00,2025-07-14T08:04:05+08:00,49.8124,51.8182,49.4699,48.3228,40.4,70.9,2.2875,82.9806,27.9998,4.616,0.0,1007.3779
C3D43442-842B-43F7-9C35-6EE73208EECB,310104330002,2025-07-03T00:00:00+08:00,2025-07-14T08:03:58+08:00,2025-07-14T08:03:58+08:00,60.603,64.054,59.2544,55.3425,45.5,76.0,3.5276,67.944,31.2143,3.5837,0.0,1008.8905
EB6F6D49-0735-46EE-B205-DD8DE03D8E65,310104340006,2025-07-04T00:00:00+08:00,2025-07-14T08:04:28+08:00,2025-07-14T08:04:28+08:00,51.0553,54.9696,49.3086,45.5395,40.1,67.4,0.4693,68.3217,29.2719,1.7745,0.0,1006.3651
D6094CDA-EEE8-474D-8253-0B9EA760DC9E,310104320001,2025-07-05T00:00:00+08:00,2025-07-14T08:04:15+08:00,2025-07-14T08:04:15+08:00,58.9794,62.3679,57.8633,53.2169,42.0,72.9,2.0087,59.9054,34.4385,3.7639,0.0,1004.966
C13AD3FF-C09F-4DFE-ADE1-3CC0C2134FAA,310104320001,2025-07-06T00:00:00+08:00,2025-07-14T08:03:57+08:00,2025-07-14T08:03:57+08:00,54.5576,56.1231,54.5146,53.2139,39.8,68.6,2.051,77.6494,29.3125,5.4027,0.0,1003.9179
D7328BB0-59E4-4868-B4B9-3325CFA98C12,310104330002,2025-07-06T00:00:00+08:00,2025-07-14T08:04:15+08:00,2025-07-14T08:04:15+08:00,62.2993,66.571,59.7771,54.0218,44.9,78.9,2.7974,63.6551,33.5885,4.4797,0.0,1004.26
F02ED0BB-76C1-46D0-B6BE-CB22518AFB26,310104340006,2025-07-06T00:00:00+08:00,2025-07-14T08:04:30+08:00,2025-07-14T08:04:30+08:00,62.712,67.1031,59.9478,53.7482,42.3,73.3,0.7059,48.3881,35.0038,4.552,0.0,1005.1743
FB5D60D4-AF39-4014-A356-570DAEC61DE5,310104330002,2025-07-07T00:00:00+08:00,2025-07-14T08:04:37+08:00,2025-07-14T08:04:37+08:00,62.7982,66.4079,61.4461,56.6204,44.8,78.5,3.4163,69.7633,30.9368,4.5871,0.0,1003.4997
F878169A-6772-4E91-B154-EEBF77848865,310104320001,2025-07-08T00:00:00+08:00,2025-07-14T08:04:35+08:00,2025-07-14T08:04:35+08:00,47.6455,50.3814,46.781,45.4148,40.1,74.6,2.8908,85.1844,29.091,2.7856,0.0,1003.9763
E726AA83-36AB-4D07-9F70-23E442A524C1,310104330002,2025-07-08T00:00:00+08:00,2025-07-14T08:04:25+08:00,2025-07-14T08:04:25+08:00,64.5696,68.0789,63.3986,58.8644,47.0,79.2,2.6172,75.862,31.283,4.2353,0.0,1002.967
B08D6E5A-3728-42D6-A2A8-EDF26C9BA50E,310104340006,2025-07-08T00:00:00+08:00,2025-07-14T08:03:45+08:00,2025-07-14T08:03:45+08:00,52.2784,55.2161,51.3064,49.0862,40.1,66.4,0.8585,74.0148,28.7519,1.9895,0.0717,1004.9108
ECF11A09-45E7-4B0A-9439-992ACCA30059,310104320001,2025-07-09T00:00:00+08:00,2025-07-14T08:04:28+08:00,2025-07-14T08:04:28+08:00,47.377,50.4157,46.3835,45.2393,40.0,67.4,1.9379,89.6123,28.0118,3.4341,0.0,1005.4342
D07DFE3F-2A35-4996-8234-D14212728543,310104330002,2025-07-09T00:00:00+08:00,2025-07-14T08:04:10+08:00,2025-07-14T08:04:10+08:00,66.0553,69.4602,64.8681,60.7169,45.3,78.9,2.4927,73.0911,31.5666,5.1043,0.0,1004.7807
DA1F65C9-DEEB-4DA8-8FBF-0B58C7B9FAA9,310104340006,2025-07-09T00:00:00+08:00,2025-07-14T08:04:17+08:00,2025-07-14T08:04:17+08:00,64.4831,68.1896,62.8799,57.6714,44.3,75.5,0.9043,61.4172,31.3348,4.9997,0.0433,1005.8328
C524AEF6-B9C1-4149-8BB1-AFE9F188E6EF,310104330002,2025-07-10T00:00:00+08:00,2025-07-14T08:03:59+08:00,2025-07-14T08:03:59+08:00,51.5991,54.3793,50.7913,48.0281,43.2,73.3,1.4813,92.3708,26.8454,1.4098,0.0,1005.6449
D6341D09-D5B2-461A-850B-81D413563AA0,310104340006,2025-07-10T00:00:00+08:00,2025-07-14T08:04:15+08:00,2025-07-14T08:04:15+08:00,51.4373,55.3814,49.4332,45.9702,40.6,72.0,0.5328,77.9361,26.9067,1.9857,0.0967,1006.5976
D70F8199-66D9-4D9E-8AB7-C9FA06CF19E7,310104320001,2025-07-11T00:00:00+08:00,2025-07-14T08:04:15+08:00,2025-07-14T08:04:15+08:00,57.7559,60.6755,57.2165,53.5875,42.5,76.5,2.1766,95.5704,27.3183,4.9331,0.0,1005.9619
EAD5D533-D74B-4FB2-86D4-36E751A15FBA,310104330002,2025-07-11T00:00:00+08:00,2025-07-14T08:04:28+08:00,2025-07-14T08:04:28+08:00,51.5943,54.4943,50.9132,48.0263,42.4,75.2,1.2727,95.0592,26.7213,1.9311,0.0,1006.6666
D22220A3-BB64-4B02-8506-CC93C73E736C,310104340006,2025-07-11T00:00:00+08:00,2025-07-14T08:04:11+08:00,2025-07-14T08:04:11+08:00,62.6968,65.8864,61.7425,57.0615,45.8,84.2,0.5931,79.7259,27.5955,4.6066,0.5433,1007.1477
FBA54D4A-EDA1-4F66-AE80-78DC4F4ADB34,310104330002,2025-07-12T00:00:00+08:00,2025-07-14T08:04:37+08:00,2025-07-14T08:04:37+08:00,64.7003,68.0032,63.8191,59.0021,44.3,79.1,2.8563,85.0694,28.2623,5.709,0.0,1006.3826
E088353C-9C9D-47C9-91AD-3F681AB31A84,310104330002,2025-07-13T00:00:00+08:00,2025-07-14T08:04:21+08:00,2025-07-14T08:04:21+08:00,64.683,68.0181,63.7947,58.77,44.6,77.2,2.1197,67.5327,31.423,5.1078,0.0,1004.0179
