{
  "type": "FeatureCollection",
  "features": [
    {
      "type": "Feature",
      "properties": {
        "route_id": "walk-001",
        "route_name": "滨江步道1",
        "route_mode": "walk",
        "distance_m": 2470.1,
        "validation_status": "accepted"
      },
      "geometry": {
        "type": "LineString",
        "coordinates": [
          [
            121.420375,
            31.193696
          ],
          [
            121.416269,
            31.194884
          ],
          [
            121.412861,
            31.197176
          ],
          [
            121.409377,
            31.199384
          ],
          [
            121.406807,
            31.202371
          ],
          [
            121.404904,
            31.205703
          ],
          [
            121.401539,
            31.208042
          ]
        ]
      }
    },
    {
      "type": "Feature",
      "properties": {
        "route_id": "walk-002",
        "route_name": "公园环道2",
        "route_mode": "walk",
        "distance_m": 3415.9,
        "validation_status": "accepted"
      },
      "geometry": {
        "type": "LineString",
        "coordinates": [
          [
            121.486325,
            31.193666
          ],
          [
            121.490696,
            31.192765
          ],
          [
            121.495076,
            31.193635
          ],
          [
            121.499191,
            31.195185
          ],
          [
            121.497306,
            31.198677
          ],
          [
            121.496186,
            31.202403
          ],
          [
            121.497903,
            31.205958
          ],
          [
            121.496902,
            31.209708
          ],
          [
            121.496449,
            31.213535
          ]
        ]
      }
    },
    {
      "type": "Feature",
      "properties": {
        "route_id": "walk-003",
        "route_name": "社区漫步3",
        "route_mode": "walk",
        "distance_m": 3219.0,
        "validation_status": "accepted"
      },
      "geometry": {
        "type": "LineString",
        "coordinates": [
          [
            121.411261,
            31.158902
          ],
          [
            121.412141,
            31.155323
          ],
          [
            121.412458,
            31.151675
          ],
          [
            121.413525,
            31.148134
          ],
          [
            121.414161,
            31.144517
          ],
          [
            121.414914,
            31.140916
          ],
          [
            121.41814,
            31.141484
          ],
          [
            121.41583,
            31.141594
          ],
          [
            121.417242,
            31.141858
          ],
          [
            121.415328,
            31.141412
          ],
          [
            121.415593,
            31.142238
          ],
          [
            121.415809,
            31.141414
          ],
          [
            121.414528,
            31.142075
          ]
        ]
      }
    },
    {
      "type": "Feature",
      "properties": {
        "route_id": "walk-004",
        "route_name": "河滨绿道4",
        "route_mode": "walk",
        "distance_m": 2867.7,
        "validation_status": "accepted"
      },
      "geometry": {
        "type": "LineString",
        "coordinates": [
          [
            121.394049,
            31.163746
          ],
          [
            121.39751,
            31.161544
          ],
          [
            121.400705,
            31.159063
          ],
          [
            121.403276,
            31.1561
          ],
          [
            121.406735,
            31.153893
          ],
          [
            121.407717,
            31.150299
          ],
          [
            121.409428,
            31.146911
          ],
          [
            121.41179,
            31.143823
          ]
        ]
      }
    },
    {
      "type": "Feature",
      "properties": {
        "route_id": "walk-005",
        "route_name": "历史街区5",
        "route_mode": "walk",
        "distance_m": 3851.4,
        "validation_status": "accepted"
      },
      "geometry": {
        "type": "LineString",
        "coordinates": [
          [
            121.41306,
            31.186402
          ],
          [
            121.413339,
            31.19025
          ],
          [
            121.412812,
            31.194078
          ],
          [
            121.413191,
            31.19792
          ],
          [
            121.41037,
            31.200926
          ],
          [
            121.407663,
            31.204008
          ],
          [
            121.405929,
            31.207566
          ],
          [
            121.405534,
            31.211407
          ],
          [
            121.403056,
            31.214627
          ],
          [
            121.404073,
            31.218383
          ]
        ]
      }
    },
    {
      "type": "Feature",
      "properties": {
        "route_id": "walk-006",
        "route_name": "校园周边6",
        "route_mode": "walk",
        "distance_m": 4999.2,
        "validation_status": "accepted"
      },
      "geometry": {
        "type": "LineString",
        "coordinates": [
          [
            121.406982,
            31.177898
          ],
          [
            121.402622,
            31.177482
          ],
          [
            121.398557,
            31.17607
          ],
          [
            121.394279,
            31.17524
          ],
          [
            121.39018,
            31.176577
          ],
          [
            121.387785,
            31.179721
          ],
          [
            121.387204,
            31.183441
          ],
          [
            121.387624,
            31.187177
          ],
          [
            121.388071,
            31.190911
          ],
          [
            121.388052,
            31.194664
          ],
          [
            121.386506,
            31.198176
          ],
          [
            121.38767,
            31.201795
          ],
          [
            121.390225,
            31.204846
          ]
        ]
      }
    },
    {
      "type": "Feature",
      "properties": {
        "route_id": "walk-007",
        "route_name": "商业休闲7",
        "route_mode": "walk",
        "distance_m": 2239.2,
        "validation_status": "accepted"
      },
      "geometry": {
        "type": "LineString",
        "coordinates": [
          [
            121.416363,
            31.17767
          ],
          [
            121.41986,
            31.174963
          ],
          [
            121.42177,
            31.171274
          ],
          [
            121.423478,
            31.167513
          ],
          [
            121.424527,
            31.16358
          ],
          [
            121.425895,
            31.159719
          ]
        ]
      }
    },
    {
      "type": "Feature",
      "properties": {
        "route_id": "walk-008",
        "route_name": "林荫小道8",
        "route_mode": "walk",
        "distance_m": 3661.6,
        "validation_status": "accepted"
      },
      "geometry": {
        "type": "LineString",
        "coordinates": [
          [
            121.400061,
            31.165002
          ],
          [
            121.404345,
            31.164973
          ],
          [
            121.408587,
            31.164458
          ],
          [
            121.412316,
            31.162654
          ],
          [
            121.416485,
            31.161812
          ],
          [
            121.42068,
            31.161067
          ],
          [
            121.424898,
            31.161709
          ],
          [
            121.428969,
            31.160567
          ],
          [
            121.432771,
            31.158878
          ],
          [
            121.437054,
            31.158957
          ]
        ]
      }
    },
    {
      "type": "Feature",
      "properties": {
        "route_id": "walk-009",
        "route_name": "湖畔环线9",
        "route_mode": "walk",
        "distance_m": 4932.1,
        "validation_status": "accepted"
      },
      "geometry": {
        "type": "LineString",
        "coordinates": [
          [
            121.483613,
            31.18265
          ],
          [
            121.479505,
            31.181485
          ],
          [
            121.475645,
            31.17981
          ],
          [
            121.47148,
            31.178805
          ],
          [
            121.467241,
            31.178056
          ],
          [
            121.463012,
            31.178842
          ],
          [
            121.459324,
            31.176904
          ],
          [
            121.455957,
            31.174577
          ],
          [
            121.45292,
            31.171939
          ],
          [
            121.450906,
            31.168662
          ],
          [
            121.44892,
            31.165372
          ],
          [
            121.449284,
            31.161682
          ],
          [
            121.451012,
            31.158287
          ]
        ]
      }
    },
    {
      "type": "Feature",
      "properties": {
        "route_id": "walk-010",
        "route_name": "文化走廊10",
        "route_mode": "walk",
        "distance_m": 2162.0,
        "validation_status": "accepted"
      },
      "geometry": {
        "type": "LineString",
        "coordinates": [
          [
            121.40043,
            31.157519
          ],
          [
            121.395877,
            31.157593
          ],
          [
            121.391817,
            31.155831
          ],
          [
            121.388758,
            31.152945
          ],
          [
            121.387235,
            31.149274
          ],
          [
            121.387804,
            31.145409
          ]
        ]
      }
    },
    {
      "type": "Feature",
      "properties": {
        "route_id": "walk-011",
        "route_name": "滨江步道11",
        "route_mode": "walk",
        "distance_m": 3170.0,
        "validation_status": "accepted"
      },
      "geometry": {
        "type": "LineString",
        "coordinates": [
          [
            121.392892,
            31.157372
          ],
          [
            121.393766,
            31.161029
          ],
          [
            121.393036,
            31.164709
          ],
          [
            121.390613,
            31.167813
          ],
          [
            121.387515,
            31.170442
          ],
          [
            121.383899,
            31.17253
          ],
          [
            121.380456,
            31.174823
          ],
          [
            121.382215,
            31.177775
          ],
          [
            121.380897,
            31.175159
          ]
        ]
      }
    },
    {
      "type": "Feature",
      "properties": {
        "route_id": "walk-012",
        "route_name": "公园环道12",
        "route_mode": "walk",
        "distance_m": 4732.5,
        "validation_status": "accepted"
      },
      "geometry": {
        "type": "LineString",
        "coordinates": [
          [
            121.473462,
            31.188058
          ],
          [
            121.469912,
            31.190466
          ],
          [
            121.466687,
            31.193188
          ],
          [
            121.465471,
            31.196922
          ],
          [
            121.462669,
            31.199967
          ],
          [
            121.460359,
            31.203302
          ],
          [
            121.457186,
            31.206069
          ],
          [
            121.452656,
            31.206082
          ],
          [
            121.448233,
            31.206921
          ],
          [
            121.444392,
            31.208977
          ],
          [
            121.440567,
            31.211053
          ],
          [
            121.436118,
            31.211784
          ]
        ]
      }
    },
    {
      "type": "Feature",
      "properties": {
        "route_id": "walk-013",
        "route_name": "社区漫步13",
        "route_mode": "walk",
        "distance_m": 2686.6,
        "validation_status": "accepted"
      },
      "geometry": {
        "type": "LineString",
        "coordinates": [
          [
            121.45747,
            31.157155
          ],
          [
            121.452807,
            31.157754
          ],
          [
            121.448261,
            31.156685
          ],
          [
            121.443546,
            31.156712
          ],
          [
            121.438833,
            31.156573
          ],
          [
            121.434676,
            31.15467
          ],
          [
            121.430312,
            31.153143
          ]
        ]
      }
    },
    {
      "type": "Feature",
      "properties": {
        "route_id": "walk-014",
        "route_name": "河滨绿道14",
        "route_mode": "walk",
        "distance_m": 3643.5,
        "validation_status": "accepted"
      },
      "geometry": {
        "type": "LineString",
        "coordinates": [
          [
            121.391065,
            31.175894
          ],
          [
            121.391399,
            31.172095
          ],
          [
            121.392429,
            31.168389
          ],
          [
            121.393559,
            31.164704
          ],
          [
            121.391853,
            31.161185
          ],
          [
            121.389496,
            31.157952
          ],
          [
            121.385045,
            31.158066
          ],
          [
            121.380923,
            31.159506
          ],
          [
            121.383333,
            31.158386
          ],
          [
            121.38113,
            31.161697
          ]
        ]
      }
    },
    {
      "type": "Feature",
      "properties": {
        "route_id": "walk-015",
        "route_name": "历史街区15",
        "route_mode": "walk",
        "distance_m": 4063.7,
        "validation_status": "accepted"
      },
      "geometry": {
        "type": "LineString",
        "coordinates": [
          [
            121.420745,
            31.201679
          ],
          [
            121.419939,
            31.205377
          ],
          [
            121.41759,
            31.208556
          ],
          [
            121.415284,
            31.211758
          ],
          [
            121.41166,
            31.213887
          ],
          [
            121.408274,
            31.216286
          ],
          [
            121.404124,
            31.217527
          ],
          [
            121.400001,
            31.218832
          ],
          [
            121.396259,
            31.219194
          ],
          [
            121.400106,
            31.218986
          ],
          [
            121.395748,
            31.219485
          ]
        ]
      }
    },
    {
      "type": "Feature",
      "properties": {
        "route_id": "walk-016",
        "route_name": "校园周边16",
        "route_mode": "walk",
        "distance_m": 2020.6,
        "validation_status": "accepted"
      },
      "geometry": {
        "type": "LineString",
        "coordinates": [
          [
            121.395438,
            31.192306
          ],
          [
            121.395318,
            31.188379
          ],
          [
            121.391734,
            31.185922
          ],
          [
            121.387773,
            31.183932
          ],
          [
            121.383337,
            31.182916
          ],
          [
            121.380947,
            31.1815
          ]
        ]
      }
    },
    {
      "type": "Feature",
      "properties": {
        "route_id": "walk-017",
        "route_name": "商业休闲17",
        "route_mode": "walk",
        "distance_m": 3317.5,
        "validation_status": "accepted"
      },
      "geometry": {
        "type": "LineString",
        "coordinates": [
          [
            121.403747,
            31.20217
          ],
          [
            121.401345,
            31.19905
          ],
          [
            121.398534,
            31.196191
          ],
          [
            121.397691,
            31.192525
          ],
          [
            121.398404,
            31.18884
          ],
          [
            121.400022,
            31.18537
          ],
          [
            121.401249,
            31.181784
          ],
          [
            121.402474,
            31.178198
          ],
          [
            121.403681,
            31.174608
          ]
        ]
      }
    },
    {
      "type": "Feature",
      "properties": {
        "route_id": "walk-018",
        "route_name": "林荫小道18",
        "route_mode": "walk",
        "distance_m": 4124.4,
        "validation_status": "accepted"
      },
      "geometry": {
        "type": "LineString",
        "coordinates": [
          [
            121.447315,
            31.172671
          ],
          [
            121.448011,
            31.169003
          ],
          [
            121.45139,
            31.166669
          ],
          [
            121.45324,
            31.163307
          ],
          [
            121.455938,
            31.160395
          ],
          [
            121.45835,
            31.157305
          ],
          [
            121.462657,
            31.156825
          ],
          [
            121.46699,
            31.156575
          ],
          [
            121.470923,
            31.154999
          ],
          [
            121.475201,
            31.154357
          ],
          [
            121.479503,
            31.154861
          ]
        ]
      }
    },
    {
      "type": "Feature",
      "properties": {
        "route_id": "walk-019",
        "route_name": "湖畔环线19",
        "route_mode": "walk",
        "distance_m": 2760.8,
        "validation_status": "accepted"
      },
      "geometry": {
        "type": "LineString",
        "coordinates": [
          [
            121.442208,
            31.169094
          ],
          [
            121.447053,
            31.169117
          ],
          [
            121.45156,
            31.170638
          ],
          [
            121.455036,
            31.173526
          ],
          [
            121.459149,
            31.175719
          ],
          [
            121.462073,
            31.179024
          ],
          [
            121.466917,
            31.178923
          ]
        ]
      }
    },
    {
      "type": "Feature",
      "properties": {
        "route_id": "walk-020",
        "route_name": "文化走廊20",
        "route_mode": "walk",
        "distance_m": 3685.3,
        "validation_status": "accepted"
      },
      "geometry": {
        "type": "LineString",
        "coordinates": [
          [
            121.454509,
            31.161633
          ],
          [
            121.454136,
            31.165308
          ],
          [
            121.455449,
            31.168822
          ],
          [
            121.4566,
            31.172377
          ],
          [
            121.459546,
            31.175071
          ],
          [
            121.461849,
            31.17819
          ],
          [
            121.463105,
            31.181719
          ],
          [
            121.460559,
            31.184696
          ],
          [
            121.457301,
            31.187113
          ],
          [
            121.454166,
            31.189645
          ]
        ]
      }
    },
    {
      "type": "Feature",
      "properties": {
        "route_id": "walk-021",
        "route_name": "滨江步道21",
        "route_mode": "walk",
        "distance_m": 4463.5,
        "validation_status": "accepted"
      },
      "geometry": {
        "type": "LineString",
        "coordinates": [
          [
            121.414739,
            31.166874
          ],
          [
            121.41623,
            31.163448
          ],
          [
            121.417995,
            31.160119
          ],
          [
            121.422217,
            31.159557
          ],
          [
            121.424487,
            31.15646
          ],
          [
            121.42744,
            31.153818
          ],
          [
            121.431324,
            31.152294
          ],
          [
            121.435117,
            31.150612
          ],
          [
            121.43727,
            31.147454
          ],
          [
            121.438999,
            31.144111
          ],
          [
            121.44156,
            31.141184
          ],
          [
            121.445647,
            31.140119
          ]
        ]
      }
    },
    {
      "type": "Feature",
      "properties": {
        "route_id": "walk-022",
        "route_name": "公园环道22",
        "route_mode": "walk",
        "distance_m": 2903.4,
        "validation_status": "accepted"
      },
      "geometry": {
        "type": "LineString",
        "coordinates": [
          [
            121.451225,
            31.156082
          ],
          [
            121.455442,
            31.157055
          ],
          [
            121.456779,
            31.160612
          ],
          [
            121.458184,
            31.16415
          ],
          [
            121.458278,
            31.167886
          ],
          [
            121.459403,
            31.171496
          ],
          [
            121.457755,
            31.174957
          ],
          [
            121.455224,
            31.178002
          ]
        ]
      }
    },
    {
      "type": "Feature",
      "properties": {
        "route_id": "walk-023",
        "route_name": "社区漫步23",
        "route_mode": "walk",
        "distance_m": 3288.6,
        "validation_status": "accepted"
      },
      "geometry": {
        "type": "LineString",
        "coordinates": [
          [
            121.406776,
            31.198031
          ],
          [
            121.403113,
            31.195634
          ],
          [
            121.399263,
            31.193462
          ],
          [
            121.395789,
            31.190867
          ],
          [
            121.391436,
            31.189564
          ],
          [
            121.386828,
            31.189725
          ],
          [
            121.382437,
            31.190931
          ],
          [
            121.381373,
            31.193154
          ],
          [
            121.383188,
            31.193739
          ],
          [
            121.381284,
            31.192776
          ]
        ]
      }
    },
    {
      "type": "Feature",
      "properties": {
        "route_id": "walk-024",
        "route_name": "河滨绿道24",
        "route_mode": "walk",
        "distance_m": 4097.9,
        "validation_status": "accepted"
      },
      "geometry": {
        "type": "LineString",
        "coordinates": [
          [
            121.413443,
            31.195308
          ],
          [
            121.416211,
            31.192475
          ],
          [
            121.420131,
            31.190933
          ],
          [
            121.423175,
            31.188316
          ],
          [
            121.426687,
            31.186171
          ],
          [
            121.429739,
            31.183561
          ],
          [
            121.432361,
            31.180629
          ],
          [
            121.43627,
            31.179066
          ],
          [
            121.439479,
            31.176598
          ],
          [
            121.443519,
            31.175302
          ],
          [
            121.445838,
            31.172188
          ]
        ]
      }
    },
    {
      "type": "Feature",
      "properties": {
        "route_id": "walk-025",
        "route_name": "历史街区25",
        "route_mode": "walk",
        "distance_m": 2235.9,
        "validation_status": "accepted"
      },
      "geometry": {
        "type": "LineString",
        "coordinates": [
          [
            121.428199,
            31.186154
          ],
          [
            121.424897,
            31.183281
          ],
          [
            121.420252,
            31.182624
          ],
          [
            121.415639,
            31.181814
          ],
          [
            121.411806,
            31.184155
          ],
          [
            121.407099,
            31.184259
          ]
        ]
      }
    },
    {
      "type": "Feature",
      "properties": {
        "route_id": "walk-026",
        "route_name": "校园周边26",
        "route_mode": "walk",
        "distance_m": 3501.6,
        "validation_status": "accepted"
      },
      "geometry": {
        "type": "LineString",
        "coordinates": [
          [
            121.471311,
            31.161468
          ],
          [
            121.46785,
            31.159176
          ],
          [
            121.464362,
            31.156914
          ],
          [
            121.460653,
            31.154927
          ],
          [
            121.457313,
            31.152507
          ],
          [
            121.454364,
            31.14974
          ],
          [
            121.452787,
            31.146247
          ],
          [
            121.450458,
            31.143077
          ],
          [
            121.449405,
            31.140557
          ],
          [
            121.450245,
            31.143117
          ]
        ]
      }
    },
    {
      "type": "Feature",
      "properties": {
        "route_id": "walk-027",
        "route_name": "商业休闲27",
        "route_mode": "walk",
        "distance_m": 4359.5,
        "validation_status": "accepted"
      },
      "geometry": {
        "type": "LineString",
        "coordinates": [
          [
            121.438225,
            31.170851
          ],
          [
            121.435508,
            31.167685
          ],
          [
            121.432227,
            31.164938
          ],
          [
            121.427655,
            31.165295
          ],
          [
            121.423224,
            31.16632
          ],
          [
            121.419167,
            31.168159
          ],
          [
            121.416777,
            31.171511
          ],
          [
            121.413107,
            31.173871
          ],
          [
            121.409466,
            31.176263
          ],
          [
            121.405066,
            31.175145
          ],
          [
            121.400573,
            31.174337
          ]
        ]
      }
    },
    {
      "type": "Feature",
      "properties": {
        "route_id": "walk-028",
        "route_name": "林荫小道28",
        "route_mode": "walk",
        "distance_m": 1632.9,
        "validation_status": "accepted"
      },
      "geometry": {
        "type": "LineString",
        "coordinates": [
          [
            121.487583,
            31.194211
          ],
          [
            121.491738,
            31.193115
          ],
          [
            121.495043,
            31.190697
          ],
          [
            121.498755,
            31.18876
          ],
          [
            121.497233,
            31.187327
          ],
          [
            121.498614,
            31.188427
          ]
        ]
      }
    },
    {
      "type": "Feature",
      "properties": {
        "route_id": "walk-029",
        "route_name": "湖畔环线29",
        "route_mode": "walk",
        "distance_m": 3756.4,
        "validation_status": "accepted"
      },
      "geometry": {
        "type": "LineString",
        "coordinates": [
          [
            121.46087,
            31.194848
          ],
          [
            121.463352,
            31.197951
          ],
          [
            121.461831,
            31.201479
          ],
          [
            121.460824,
            31.205139
          ],
          [
            121.457603,
            31.207697
          ],
          [
            121.4541,
            31.209968
          ],
          [
            121.451664,
            31.213098
          ],
          [
            121.447789,
            31.214871
          ],
          [
            121.443469,
            31.215566
          ],
          [
            121.439287,
            31.21441
          ]
        ]
      }
    },
    {
      "type": "Feature",
      "properties": {
        "route_id": "walk-030",
        "route_name": "文化走廊30",
        "route_mode": "walk",
        "distance_m": 4634.3,
        "validation_status": "accepted"
      },
      "geometry": {
        "type": "LineString",
        "coordinates": [
          [
            121.44792,
            31.179294
          ],
          [
            121.444503,
            31.176874
          ],
          [
            121.44262,
            31.173437
          ],
          [
            121.441068,
            31.169882
          ],
          [
            121.440964,
            31.166087
          ],
          [
            121.439538,
            31.162493
          ],
          [
            121.438126,
            31.158895
          ],
          [
            121.434748,
            31.156435
          ],
          [
            121.431011,
            31.154389
          ],
          [
            121.42709,
            31.152613
          ],
          [
            121.423957,
            31.149926
          ],
          [
            121.421067,
            31.147046
          ]
        ]
      }
    },
    {
      "type": "Feature",
      "properties": {
        "route_id": "run-001",
        "route_name": "滨江跑道1",
        "route_mode": "run",
        "distance_m": 3030.4,
        "validation_status": "accepted"
      },
      "geometry": {
        "type": "LineString",
        "coordinates": [
          [
            121.421515,
            31.168962
          ],
          [
            121.42589,
            31.170057
          ],
          [
            121.43013,
            31.171491
          ],
          [
            121.434682,
            31.17128
          ],
          [
            121.439065,
            31.170209
          ],
          [
            121.443345,
            31.168866
          ],
          [
            121.447391,
            31.167069
          ],
          [
            121.451936,
            31.167369
          ]
        ]
      }
    },
    {
      "type": "Feature",
      "properties": {
        "route_id": "run-002",
        "route_name": "公园环线2",
        "route_mode": "run",
        "distance_m": 5786.7,
        "validation_status": "accepted"
      },
      "geometry": {
        "type": "LineString",
        "coordinates": [
          [
            121.458044,
            31.174745
          ],
          [
            121.462133,
            31.176022
          ],
          [
            121.466266,
            31.177188
          ],
          [
            121.469911,
            31.179222
          ],
          [
            121.473878,
            31.180756
          ],
          [
            121.477132,
            31.183228
          ],
          [
            121.481331,
            31.184211
          ],
          [
            121.484988,
            31.186229
          ],
          [
            121.489341,
            31.186214
          ],
          [
            121.492947,
            31.188299
          ],
          [
            121.495282,
            31.191442
          ],
          [
            121.495651,
            31.195152
          ],
          [
            121.497243,
            31.198617
          ],
          [
            121.498021,
            31.202281
          ],
          [
            121.499114,
            31.205886
          ]
        ]
      }
    },
    {
      "type": "Feature",
      "properties": {
        "route_id": "run-003",
        "route_name": "绿道竞速3",
        "route_mode": "run",
        "distance_m": 6505.6,
        "validation_status": "accepted"
      },
      "geometry": {
        "type": "LineString",
        "coordinates": [
          [
            121.483645,
            31.209707
          ],
          [
            121.484083,
            31.206106
          ],
          [
            121.484539,
            31.202508
          ],
          [
            121.485535,
            31.19899
          ],
          [
            121.489376,
            31.197471
          ],
          [
            121.491507,
            31.194344
          ],
          [
            121.495667,
            31.193684
          ],
          [
            121.499401,
            31.191982
          ],
          [
            121.496369,
            31.191956
          ],
          [
            121.49974,
            31.190535
          ],
          [
            121.499206,
            31.19404
          ],
          [
            121.497991,
            31.190573
          ],
          [
            121.498468,
            31.186977
          ],
          [
            121.498933,
            31.18412
          ],
          [
            121.497055,
            31.185271
          ],
          [
            121.49907,
            31.183818
          ],
          [
            121.497294,
            31.185669
          ],
          [
            121.499956,
            31.182855
          ],
          [
            121.496543,
            31.180823
          ]
        ]
      }
    },
    {
      "type": "Feature",
      "properties": {
        "route_id": "run-004",
        "route_name": "河堤长跑4",
        "route_mode": "run",
        "distance_m": 4069.1,
        "validation_status": "accepted"
      },
      "geometry": {
        "type": "LineString",
        "coordinates": [
          [
            121.46797,
            31.201598
          ],
          [
            121.468617,
            31.205328
          ],
          [
            121.467998,
            31.209062
          ],
          [
            121.467106,
            31.212755
          ],
          [
            121.464667,
            31.215895
          ],
          [
            121.460673,
            31.217492
          ],
          [
            121.45638,
            31.216637
          ],
          [
            121.45264,
            31.218632
          ],
          [
            121.449129,
            31.219088
          ],
          [
            121.453497,
            31.219595
          ],
          [
            121.457354,
            31.21858
          ]
        ]
      }
    },
    {
      "type": "Feature",
      "properties": {
        "route_id": "run-005",
        "route_name": "城市穿越5",
        "route_mode": "run",
        "distance_m": 6789.1,
        "validation_status": "accepted"
      },
      "geometry": {
        "type": "LineString",
        "coordinates": [
          [
            121.405161,
            31.159826
          ],
          [
            121.406192,
            31.163545
          ],
          [
            121.407282,
            31.167252
          ],
          [
            121.40594,
            31.170899
          ],
          [
            121.408603,
            31.173968
          ],
          [
            121.411392,
            31.176955
          ],
          [
            121.415479,
            31.1785
          ],
          [
            121.419639,
            31.179895
          ],
          [
            121.423322,
            31.182058
          ],
          [
            121.427147,
            31.184036
          ],
          [
            121.430718,
            31.186332
          ],
          [
            121.435186,
            31.186351
          ],
          [
            121.439346,
            31.187747
          ],
          [
            121.442814,
            31.190157
          ],
          [
            121.447076,
            31.191306
          ],
          [
            121.451032,
            31.193083
          ],
          [
            121.454835,
            31.19509
          ]
        ]
      }
    },
    {
      "type": "Feature",
      "properties": {
        "route_id": "run-006",
        "route_name": "体育场周边6",
        "route_mode": "run",
        "distance_m": 7181.8,
        "validation_status": "accepted"
      },
      "geometry": {
        "type": "LineString",
        "coordinates": [
          [
            121.471113,
            31.150769
          ],
          [
            121.472711,
            31.14727
          ],
          [
            121.474717,
            31.143928
          ],
          [
            121.476675,
            31.140566
          ],
          [
            121.480702,
            31.140931
          ],
          [
            121.476868,
            31.140899
          ],
          [
            121.481048,
            31.140251
          ],
          [
            121.476679,
            31.140121
          ],
          [
            121.48103,
            31.140622
          ],
          [
            121.484263,
            31.141919
          ],
          [
            121.480981,
            31.140575
          ],
          [
            121.484202,
            31.141977
          ],
          [
            121.480031,
            31.140804
          ],
          [
            121.475661,
            31.140442
          ],
          [
            121.471349,
            31.141152
          ],
          [
            121.466959,
            31.141218
          ],
          [
            121.462586,
            31.140874
          ],
          [
            121.458672,
            31.142575
          ],
          [
            121.45555,
            31.145217
          ]
        ]
      }
    },
    {
      "type": "Feature",
      "properties": {
        "route_id": "run-007",
        "route_name": "林荫跑道7",
        "route_mode": "run",
        "distance_m": 3073.7,
        "validation_status": "accepted"
      },
      "geometry": {
        "type": "LineString",
        "coordinates": [
          [
            121.479613,
            31.195418
          ],
          [
            121.48056,
            31.199228
          ],
          [
            121.482249,
            31.202844
          ],
          [
            121.484531,
            31.206214
          ],
          [
            121.488241,
            31.208471
          ],
          [
            121.490361,
            31.211918
          ],
          [
            121.493587,
            31.214666
          ],
          [
            121.497974,
            31.215705
          ],
          [
            121.497474,
            31.215684
          ]
        ]
      }
    },
    {
      "type": "Feature",
      "properties": {
        "route_id": "run-008",
        "route_name": "湖畔竞速8",
        "route_mode": "run",
        "distance_m": 6517.0,
        "validation_status": "accepted"
      },
      "geometry": {
        "type": "LineString",
        "coordinates": [
          [
            121.442221,
            31.195147
          ],
          [
            121.439548,
            31.198017
          ],
          [
            121.43586,
            31.19989
          ],
          [
            121.432008,
            31.201503
          ],
          [
            121.427779,
            31.202117
          ],
          [
            121.423542,
            31.202687
          ],
          [
            121.419266,
            31.202409
          ],
          [
            121.416723,
            31.205364
          ],
          [
            121.414638,
            31.208571
          ],
          [
            121.412371,
            31.211686
          ],
          [
            121.409081,
            31.21404
          ],
          [
            121.405084,
            31.21537
          ],
          [
            121.401005,
            31.214236
          ],
          [
            121.397199,
            31.212543
          ],
          [
            121.394361,
            31.209792
          ],
          [
            121.392095,
            31.206676
          ],
          [
            121.391248,
            31.203079
          ]
        ]
      }
    },
    {
      "type": "Feature",
      "properties": {
        "route_id": "run-009",
        "route_name": "社区环跑9",
        "route_mode": "run",
        "distance_m": 7705.1,
        "validation_status": "accepted"
      },
      "geometry": {
        "type": "LineString",
        "coordinates": [
          [
            121.401808,
            31.184321
          ],
          [
            121.406155,
            31.183911
          ],
          [
            121.410285,
            31.182683
          ],
          [
            121.413415,
            31.180071
          ],
          [
            121.415113,
            31.176624
          ],
          [
            121.415076,
            31.172883
          ],
          [
            121.414051,
            31.169246
          ],
          [
            121.41381,
            31.165511
          ],
          [
            121.414007,
            31.161774
          ],
          [
            121.41298,
            31.158137
          ],
          [
            121.410582,
            31.155009
          ],
          [
            121.409438,
            31.151398
          ],
          [
            121.409381,
            31.147658
          ],
          [
            121.409738,
            31.143929
          ],
          [
            121.412166,
            31.140818
          ],
          [
            121.415724,
            31.141356
          ],
          [
            121.411679,
            31.140064
          ],
          [
            121.415098,
            31.142267
          ],
          [
            121.412323,
            31.140624
          ],
          [
            121.416613,
            31.140101
          ]
        ]
      }
    },
    {
      "type": "Feature",
      "properties": {
        "route_id": "run-010",
        "route_name": "夜间安全跑10",
        "route_mode": "run",
        "distance_m": 4048.2,
        "validation_status": "accepted"
      },
      "geometry": {
        "type": "LineString",
        "coordinates": [
          [
            121.487612,
            31.20042
          ],
          [
            121.486066,
            31.197021
          ],
          [
            121.483111,
            31.194393
          ],
          [
            121.480558,
            31.191472
          ],
          [
            121.480628,
            31.187825
          ],
          [
            121.480867,
            31.184184
          ],
          [
            121.482062,
            31.180683
          ],
          [
            121.48219,
            31.177038
          ],
          [
            121.479861,
            31.173983
          ],
          [
            121.477806,
            31.170788
          ],
          [
            121.474876,
            31.168139
          ]
        ]
      }
    },
    {
      "type": "Feature",
      "properties": {
        "route_id": "run-011",
        "route_name": "滨江跑道11",
        "route_mode": "run",
        "distance_m": 5439.2,
        "validation_status": "accepted"
      },
      "geometry": {
        "type": "LineString",
        "coordinates": [
          [
            121.447659,
            31.18875
          ],
          [
            121.445486,
            31.192029
          ],
          [
            121.44616,
            31.195754
          ],
          [
            121.445776,
            31.199509
          ],
          [
            121.443365,
            31.202664
          ],
          [
            121.44399,
            31.206395
          ],
          [
            121.446634,
            31.20941
          ],
          [
            121.450205,
            31.211618
          ],
          [
            121.454329,
            31.212943
          ],
          [
            121.457953,
            31.215087
          ],
          [
            121.462353,
            31.215287
          ],
          [
            121.466758,
            31.215272
          ],
          [
            121.471164,
            31.215283
          ],
          [
            121.473467,
            31.218497
          ]
        ]
      }
    },
    {
      "type": "Feature",
      "properties": {
        "route_id": "run-012",
        "route_name": "公园环线12",
        "route_mode": "run",
        "distance_m": 7789.1,
        "validation_status": "accepted"
      },
      "geometry": {
        "type": "LineString",
        "coordinates": [
          [
            121.441393,
            31.17627
          ],
          [
            121.441459,
            31.180002
          ],
          [
            121.44176,
            31.183726
          ],
          [
            121.441428,
            31.187448
          ],
          [
            121.44302,
            31.190924
          ],
          [
            121.444218,
            31.194513
          ],
          [
            121.446016,
            31.197914
          ],
          [
            121.448523,
            31.200969
          ],
          [
            121.45236,
            31.202747
          ],
          [
            121.456042,
            31.204748
          ],
          [
            121.45954,
            31.20698
          ],
          [
            121.462295,
            31.209874
          ],
          [
            121.462892,
            31.213572
          ],
          [
            121.464899,
            31.216887
          ],
          [
            121.464964,
            31.219381
          ],
          [
            121.465275,
            31.216896
          ],
          [
            121.465589,
            31.219381
          ],
          [
            121.462554,
            31.217937
          ],
          [
            121.46674,
            31.218989
          ],
          [
            121.470945,
            31.219985
          ],
          [
            121.474493,
            31.217843
          ]
        ]
      }
    },
    {
      "type": "Feature",
      "properties": {
        "route_id": "run-013",
        "route_name": "绿道竞速13",
        "route_mode": "run",
        "distance_m": 4563.5,
        "validation_status": "accepted"
      },
      "geometry": {
        "type": "LineString",
        "coordinates": [
          [
            121.455865,
            31.193562
          ],
          [
            121.458239,
            31.190424
          ],
          [
            121.460934,
            31.187483
          ],
          [
            121.463505,
            31.184461
          ],
          [
            121.467328,
            31.182652
          ],
          [
            121.471637,
            31.183265
          ],
          [
            121.475895,
            31.184103
          ],
          [
            121.480245,
            31.18376
          ],
          [
            121.48455,
            31.183127
          ],
          [
            121.488881,
            31.18362
          ],
          [
            121.491782,
            31.186414
          ],
          [
            121.494977,
            31.188963
          ]
        ]
      }
    },
    {
      "type": "Feature",
      "properties": {
        "route_id": "run-014",
        "route_name": "河堤长跑14",
        "route_mode": "run",
        "distance_m": 3550.9,
        "validation_status": "accepted"
      },
      "geometry": {
        "type": "LineString",
        "coordinates": [
          [
            121.398084,
            31.16243
          ],
          [
            121.393816,
            31.162658
          ],
          [
            121.389603,
            31.163293
          ],
          [
            121.385328,
            31.163389
          ],
          [
            121.381146,
            31.164157
          ],
          [
            121.383019,
            31.164991
          ],
          [
            121.38125,
            31.165214
          ],
          [
            121.383018,
            31.164976
          ],
          [
            121.38103,
            31.166158
          ],
          [
            121.381955,
            31.163538
          ],
          [
            121.381718,
            31.165412
          ],
          [
            121.381902,
            31.163463
          ],
          [
            121.381462,
            31.165723
          ],
          [
            121.382569,
            31.164501
          ]
        ]
      }
    },
    {
      "type": "Feature",
      "properties": {
        "route_id": "run-015",
        "route_name": "城市穿越15",
        "route_mode": "run",
        "distance_m": 8036.2,
        "validation_status": "accepted"
      },
      "geometry": {
        "type": "LineString",
        "coordinates": [
          [
            121.466565,
            31.171166
          ],
          [
            121.469534,
            31.168395
          ],
          [
            121.471264,
            31.164939
          ],
          [
            121.475005,
            31.162967
          ],
          [
            121.478882,
            31.161199
          ],
          [
            121.483221,
            31.160602
          ],
          [
            121.48745,
            31.159583
          ],
          [
            121.491239,
            31.157679
          ],
          [
            121.49518,
            31.156017
          ],
          [
            121.499393,
            31.154948
          ],
          [
            121.496462,
            31.1537
          ],
          [
            121.499422,
            31.155016
          ],
          [
            121.496302,
            31.155882
          ],
          [
            121.499874,
            31.153691
          ],
          [
            121.495794,
            31.153064
          ],
          [
            121.499812,
            31.153019
          ],
          [
            121.496418,
            31.15495
          ],
          [
            121.498862,
            31.151826
          ],
          [
            121.497977,
            31.149215
          ],
          [
            121.498846,
            31.151812
          ],
          [
            121.498798,
            31.148639
          ],
          [
            121.499505,
            31.152106
          ]
        ]
      }
    },
    {
      "type": "Feature",
      "properties": {
        "route_id": "run-016",
        "route_name": "体育场周边16",
        "route_mode": "run",
        "distance_m": 3512.1,
        "validation_status": "accepted"
      },
      "geometry": {
        "type": "LineString",
        "coordinates": [
          [
            121.408424,
            31.192887
          ],
          [
            121.405284,
            31.195538
          ],
          [
            121.406694,
            31.199114
          ],
          [
            121.408837,
            31.202414
          ],
          [
            121.410182,
            31.206008
          ],
          [
            121.409033,
            31.209652
          ],
          [
            121.407885,
            31.213297
          ],
          [
            121.408333,
            31.217051
          ],
          [
            121.407015,
            31.219347
          ],
          [
            121.405078,
            31.217263
          ]
        ]
      }
    },
    {
      "type": "Feature",
      "properties": {
        "route_id": "run-017",
        "route_name": "林荫跑道17",
        "route_mode": "run",
        "distance_m": 4988.3,
        "validation_status": "accepted"
      },
      "geometry": {
        "type": "LineString",
        "coordinates": [
          [
            121.417386,
            31.188751
          ],
          [
            121.413932,
            31.186318
          ],
          [
            121.40991,
            31.184639
          ],
          [
            121.405638,
            31.183501
          ],
          [
            121.401584,
            31.185122
          ],
          [
            121.397293,
            31.186208
          ],
          [
            121.392918,
            31.187013
          ],
          [
            121.388561,
            31.187883
          ],
          [
            121.384711,
            31.189834
          ],
          [
            121.38039,
            31.188837
          ],
          [
            121.384016,
            31.18817
          ],
          [
            121.380105,
            31.189661
          ],
          [
            121.384367,
            31.189781
          ]
        ]
      }
    },
    {
      "type": "Feature",
      "properties": {
        "route_id": "run-018",
        "route_name": "湖畔竞速18",
        "route_mode": "run",
        "distance_m": 7109.1,
        "validation_status": "accepted"
      },
      "geometry": {
        "type": "LineString",
        "coordinates": [
          [
            121.435101,
            31.197858
          ],
          [
            121.437918,
            31.194962
          ],
          [
            121.440541,
            31.191936
          ],
          [
            121.441851,
            31.188339
          ],
          [
            121.440413,
            31.184778
          ],
          [
            121.440048,
            31.181024
          ],
          [
            121.44163,
            31.177508
          ],
          [
            121.442717,
            31.173857
          ],
          [
            121.447105,
            31.17354
          ],
          [
            121.451215,
            31.172188
          ],
          [
            121.45549,
            31.173091
          ],
          [
            121.459622,
            31.174394
          ],
          [
            121.462521,
            31.17723
          ],
          [
            121.46689,
            31.177698
          ],
          [
            121.470552,
            31.179791
          ],
          [
            121.473366,
            31.182688
          ],
          [
            121.476198,
            31.185574
          ],
          [
            121.478359,
            31.188856
          ]
        ]
      }
    },
    {
      "type": "Feature",
      "properties": {
        "route_id": "run-019",
        "route_name": "社区环跑19",
        "route_mode": "run",
        "distance_m": 3753.1,
        "validation_status": "accepted"
      },
      "geometry": {
        "type": "LineString",
        "coordinates": [
          [
            121.428442,
            31.15831
          ],
          [
            121.432696,
            31.159242
          ],
          [
            121.437025,
            31.158614
          ],
          [
            121.441233,
            31.159688
          ],
          [
            121.444013,
            31.162596
          ],
          [
            121.448338,
            31.163246
          ],
          [
            121.452729,
            31.163287
          ],
          [
            121.457119,
            31.163369
          ],
          [
            121.461502,
            31.163147
          ],
          [
            121.463769,
            31.159929
          ]
        ]
      }
    },
    {
      "type": "Feature",
      "properties": {
        "route_id": "run-020",
        "route_name": "夜间安全跑20",
        "route_mode": "run",
        "distance_m": 6106.5,
        "validation_status": "accepted"
      },
      "geometry": {
        "type": "LineString",
        "coordinates": [
          [
            121.461934,
            31.158116
          ],
          [
            121.463843,
            31.154869
          ],
          [
            121.465163,
            31.151415
          ],
          [
            121.465201,
            31.147782
          ],
          [
            121.464807,
            31.144163
          ],
          [
            121.468411,
            31.142241
          ],
          [
            121.471862,
            31.140122
          ],
          [
            121.472479,
            31.143474
          ],
          [
            121.472383,
            31.140159
          ],
          [
            121.474675,
            31.1429
          ],
          [
            121.472624,
            31.140282
          ],
          [
            121.475541,
            31.142359
          ],
          [
            121.47265,
            31.140303
          ],
          [
            121.473373,
            31.143278
          ],
          [
            121.475222,
            31.140006
          ],
          [
            121.477104,
            31.143252
          ],
          [
            121.475844,
            31.140219
          ]
        ]
      }
    },
    {
      "type": "Feature",
      "properties": {
        "route_id": "run-021",
        "route_name": "滨江跑道21",
        "route_mode": "run",
        "distance_m": 5259.0,
        "validation_status": "accepted"
      },
      "geometry": {
        "type": "LineString",
        "coordinates": [
          [
            121.395148,
            31.179343
          ],
          [
            121.393123,
            31.176034
          ],
          [
            121.390031,
            31.173397
          ],
          [
            121.388382,
            31.169937
          ],
          [
            121.385358,
            31.167243
          ],
          [
            121.380994,
            31.16737
          ],
          [
            121.383088,
            31.168696
          ],
          [
            121.381239,
            31.169196
          ],
          [
            121.383078,
            31.168634
          ],
          [
            121.381228,
            31.169253
          ],
          [
            121.382636,
            31.170992
          ],
          [
            121.380974,
            31.16889
          ],
          [
            121.382444,
            31.171215
          ],
          [
            121.380708,
            31.16863
          ],
          [
            121.381995,
            31.171564
          ],
          [
            121.381602,
            31.169446
          ],
          [
            121.381831,
            31.171754
          ],
          [
            121.380225,
            31.168459
          ]
        ]
      }
    },
    {
      "type": "Feature",
      "properties": {
        "route_id": "run-022",
        "route_name": "公园环线22",
        "route_mode": "run",
        "distance_m": 4606.7,
        "validation_status": "accepted"
      },
      "geometry": {
        "type": "LineString",
        "coordinates": [
          [
            121.45514,
            31.184422
          ],
          [
            121.456827,
            31.180936
          ],
          [
            121.455695,
            31.177289
          ],
          [
            121.457268,
            31.173765
          ],
          [
            121.460914,
            31.171642
          ],
          [
            121.465286,
            31.171147
          ],
          [
            121.469186,
            31.169386
          ],
          [
            121.473509,
            31.168639
          ],
          [
            121.477845,
            31.169324
          ],
          [
            121.482235,
            31.169681
          ],
          [
            121.486374,
            31.170983
          ],
          [
            121.49047,
            31.172382
          ]
        ]
      }
    },
    {
      "type": "Feature",
      "properties": {
        "route_id": "run-023",
        "route_name": "绿道竞速23",
        "route_mode": "run",
        "distance_m": 5760.4,
        "validation_status": "accepted"
      },
      "geometry": {
        "type": "LineString",
        "coordinates": [
          [
            121.488488,
            31.179968
          ],
          [
            121.486423,
            31.176709
          ],
          [
            121.48344,
            31.174021
          ],
          [
            121.481344,
            31.170777
          ],
          [
            121.47709,
            31.170074
          ],
          [
            121.472899,
            31.169134
          ],
          [
            121.468657,
            31.16838
          ],
          [
            121.465704,
            31.165668
          ],
          [
            121.462122,
            31.163582
          ],
          [
            121.457846,
            31.162983
          ],
          [
            121.454023,
            31.161239
          ],
          [
            121.450067,
            31.159726
          ],
          [
            121.44634,
            31.157837
          ],
          [
            121.442375,
            31.159331
          ],
          [
            121.438386,
            31.16078
          ]
        ]
      }
    },
    {
      "type": "Feature",
      "properties": {
        "route_id": "run-024",
        "route_name": "河堤长跑24",
        "route_mode": "run",
        "distance_m": 8166.3,
        "validation_status": "accepted"
      },
      "geometry": {
        "type": "LineString",
        "coordinates": [
          [
            121.402928,
            31.16945
          ],
          [
            121.407294,
            31.168976
          ],
          [
            121.411615,
            31.168265
          ],
          [
            121.413276,
            31.164778
          ],
          [
            121.41578,
            31.161681
          ],
          [
            121.419066,
            31.159177
          ],
          [
            121.422887,
            31.15731
          ],
          [
            121.425581,
            31.154332
          ],
          [
            121.428872,
            31.151832
          ],
          [
            121.431578,
            31.148863
          ],
          [
            121.434966,
            31.14646
          ],
          [
            121.438361,
            31.144065
          ],
          [
            121.442032,
            31.141988
          ],
          [
            121.445426,
            31.140409
          ],
          [
            121.442504,
            31.142406
          ],
          [
            121.445773,
            31.140114
          ],
          [
            121.442756,
            31.142627
          ],
          [
            121.440358,
            31.14053
          ],
          [
            121.442522,
            31.142748
          ],
          [
            121.440294,
            31.140499
          ],
          [
            121.441273,
            31.143172
          ],
          [
            121.442787,
            31.140363
          ]
        ]
      }
    },
    {
      "type": "Feature",
      "properties": {
        "route_id": "run-025",
        "route_name": "城市穿越25",
        "route_mode": "run",
        "distance_m": 3514.4,
        "validation_status": "accepted"
      },
      "geometry": {
        "type": "LineString",
        "coordinates": [
          [
            121.434939,
            31.198399
          ],
          [
            121.43206,
            31.201497
          ],
          [
            121.427907,
            31.20324
          ],
          [
            121.423333,
            31.203827
          ],
          [
            121.419056,
            31.205335
          ],
          [
            121.414446,
            31.205005
          ],
          [
            121.410414,
            31.203064
          ],
          [
            121.40638,
            31.201127
          ],
          [
            121.402018,
            31.19981
          ]
        ]
      }
    },
    {
      "type": "Feature",
      "properties": {
        "route_id": "run-026",
        "route_name": "体育场周边26",
        "route_mode": "run",
        "distance_m": 6405.7,
        "validation_status": "accepted"
      },
      "geometry": {
        "type": "LineString",
        "coordinates": [
          [
            121.429366,
            31.204784
          ],
          [
            121.426981,
            31.207991
          ],
          [
            121.4267,
            31.211784
          ],
          [
            121.426061,
            31.215545
          ],
          [
            121.428608,
            31.21866
          ],
          [
            121.430659,
            31.217969
          ],
          [
            121.427886,
            31.219062
          ],
          [
            121.432229,
            31.219859
          ],
          [
            121.436278,
            31.218295
          ],
          [
            121.440471,
            31.217038
          ],
          [
            121.442444,
            31.213633
          ],
          [
            121.446139,
            31.211522
          ],
          [
            121.450197,
            31.209977
          ],
          [
            121.453176,
            31.207157
          ],
          [
            121.454774,
            31.20361
          ],
          [
            121.456614,
            31.200151
          ],
          [
            121.459063,
            31.19698
          ]
        ]
      }
    },
    {
      "type": "Feature",
      "properties": {
        "route_id": "run-027",
        "route_name": "林荫跑道27",
        "route_mode": "run",
        "distance_m": 8532.2,
        "validation_status": "accepted"
      },
      "geometry": {
        "type": "LineString",
        "coordinates": [
          [
            121.430578,
            31.17768
          ],
          [
            121.433071,
            31.180655
          ],
          [
            121.437189,
            31.181646
          ],
          [
            121.441181,
            31.182963
          ],
          [
            121.443971,
            31.185738
          ],
          [
            121.447977,
            31.187024
          ],
          [
            121.452175,
            31.187728
          ],
          [
            121.456383,
            31.188392
          ],
          [
            121.460263,
            31.18685
          ],
          [
            121.463865,
            31.184875
          ],
          [
            121.467849,
            31.183542
          ],
          [
            121.472117,
            31.183287
          ],
          [
            121.476233,
            31.182287
          ],
          [
            121.480362,
            31.183245
          ],
          [
            121.484422,
            31.182091
          ],
          [
            121.487511,
            31.179558
          ],
          [
            121.488508,
            31.175999
          ],
          [
            121.490724,
            31.172868
          ],
          [
            121.49175,
            31.169314
          ],
          [
            121.491755,
            31.165654
          ],
          [
            121.49274,
            31.162092
          ],
          [
            121.494212,
            31.158655
          ]
        ]
      }
    },
    {
      "type": "Feature",
      "properties": {
        "route_id": "run-028",
        "route_name": "湖畔竞速28",
        "route_mode": "run",
        "distance_m": 3555.5,
        "validation_status": "accepted"
      },
      "geometry": {
        "type": "LineString",
        "coordinates": [
          [
            121.391537,
            31.201234
          ],
          [
            121.393004,
            31.197431
          ],
          [
            121.394964,
            31.193795
          ],
          [
            121.395534,
            31.189821
          ],
          [
            121.397425,
            31.186159
          ],
          [
            121.400456,
            31.183108
          ],
          [
            121.400768,
            31.179113
          ],
          [
            121.400814,
            31.175109
          ],
          [
            121.39737,
            31.172399
          ]
        ]
      }
    },
    {
      "type": "Feature",
      "properties": {
        "route_id": "run-029",
        "route_name": "社区环跑29",
        "route_mode": "run",
        "distance_m": 5286.9,
        "validation_status": "accepted"
      },
      "geometry": {
        "type": "LineString",
        "coordinates": [
          [
            121.398888,
            31.155795
          ],
          [
            121.396281,
            31.152693
          ],
          [
            121.393551,
            31.14967
          ],
          [
            121.390026,
            31.147324
          ],
          [
            121.386401,
            31.145092
          ],
          [
            121.384296,
            31.141723
          ],
          [
            121.385216,
            31.142016
          ],
          [
            121.38397,
            31.141653
          ],
          [
            121.384581,
            31.142132
          ],
          [
            121.380942,
            31.140082
          ],
          [
            121.38393,
            31.142757
          ],
          [
            121.380007,
            31.140953
          ],
          [
            121.38425,
            31.142109
          ],
          [
            121.380129,
            31.14136
          ],
          [
            121.384332,
            31.141527
          ],
          [
            121.380129,
            31.141361
          ]
        ]
      }
    },
    {
      "type": "Feature",
      "properties": {
        "route_id": "run-030",
        "route_name": "夜间安全跑30",
        "route_mode": "run",
        "distance_m": 7702.4,
        "validation_status": "accepted"
      },
      "geometry": {
        "type": "LineString",
        "coordinates": [
          [
            121.427165,
            31.175134
          ],
          [
            121.430691,
            31.177192
          ],
          [
            121.433158,
            31.180173
          ],
          [
            121.433802,
            31.183783
          ],
          [
            121.436116,
            31.186852
          ],
          [
            121.440013,
            31.188344
          ],
          [
            121.443681,
            31.190211
          ],
          [
            121.446887,
            31.192623
          ],
          [
            121.451071,
            31.191901
          ],
          [
            121.455077,
            31.193164
          ],
          [
            121.454256,
            31.196748
          ],
          [
            121.452813,
            31.200185
          ],
          [
            121.449319,
            31.202283
          ],
          [
            121.446216,
            31.204791
          ],
          [
            121.444822,
            31.208243
          ],
          [
            121.442386,
            31.211242
          ],
          [
            121.43917,
            31.213644
          ],
          [
            121.434917,
            31.213955
          ],
          [
            121.430661,
            31.214242
          ],
          [
            121.427319,
            31.216514
          ]
        ]
      }
    },
    {
      "type": "Feature",
      "properties": {
        "route_id": "bike-001",
        "route_name": "滨江骑行1",
        "route_mode": "bike",
        "distance_m": 5236.0,
        "validation_status": "accepted"
      },
      "geometry": {
        "type": "LineString",
        "coordinates": [
          [
            121.483055,
            31.173284
          ],
          [
            121.481062,
            31.176488
          ],
          [
            121.479439,
            31.17984
          ],
          [
            121.479505,
            31.183468
          ],
          [
            121.478844,
            31.187052
          ],
          [
            121.479831,
            31.190581
          ],
          [
            121.481259,
            31.193998
          ],
          [
            121.483861,
            31.196863
          ],
          [
            121.485624,
            31.200164
          ],
          [
            121.488167,
            31.203067
          ],
          [
            121.490522,
            31.206085
          ],
          [
            121.49267,
            31.209214
          ],
          [
            121.4954,
            31.211991
          ],
          [
            121.497761,
            31.215005
          ]
        ]
      }
    },
    {
      "type": "Feature",
      "properties": {
        "route_id": "bike-002",
        "route_name": "绿道长线2",
        "route_mode": "bike",
        "distance_m": 6831.7,
        "validation_status": "accepted"
      },
      "geometry": {
        "type": "LineString",
        "coordinates": [
          [
            121.461646,
            31.183206
          ],
          [
            121.465192,
            31.181145
          ],
          [
            121.469165,
            31.179767
          ],
          [
            121.473013,
            31.17815
          ],
          [
            121.477299,
            31.178221
          ],
          [
            121.480946,
            31.176293
          ],
          [
            121.483532,
            31.173368
          ],
          [
            121.486573,
            31.170783
          ],
          [
            121.490758,
            31.169988
          ],
          [
            121.494711,
            31.168567
          ],
          [
            121.498329,
            31.1666
          ],
          [
            121.497824,
            31.164981
          ],
          [
            121.498338,
            31.166616
          ],
          [
            121.497447,
            31.165944
          ],
          [
            121.498735,
            31.167611
          ],
          [
            121.497173,
            31.168703
          ],
          [
            121.498546,
            31.168901
          ],
          [
            121.497749,
            31.167055
          ],
          [
            121.49818,
            31.168204
          ],
          [
            121.497533,
            31.168213
          ],
          [
            121.498229,
            31.167661
          ],
          [
            121.498001,
            31.165915
          ],
          [
            121.497925,
            31.167056
          ],
          [
            121.498881,
            31.16461
          ],
          [
            121.498759,
            31.167672
          ],
          [
            121.497999,
            31.165272
          ]
        ]
      }
    },
    {
      "type": "Feature",
      "properties": {
        "route_id": "bike-003",
        "route_name": "城市环线3",
        "route_mode": "bike",
        "distance_m": 11841.9,
        "validation_status": "accepted"
      },
      "geometry": {
        "type": "LineString",
        "coordinates": [
          [
            121.460852,
            31.187614
          ],
          [
            121.460257,
            31.18402
          ],
          [
            121.459729,
            31.180417
          ],
          [
            121.459197,
            31.176816
          ],
          [
            121.457269,
            31.173582
          ],
          [
            121.453883,
            31.171394
          ],
          [
            121.450236,
            31.169537
          ],
          [
            121.446021,
            31.169121
          ],
          [
            121.441904,
            31.168239
          ],
          [
            121.438563,
            31.170477
          ],
          [
            121.435535,
            31.17302
          ],
          [
            121.43343,
            31.176173
          ],
          [
            121.429307,
            31.175312
          ],
          [
            121.425106,
            31.175821
          ],
          [
            121.420921,
            31.176421
          ],
          [
            121.416779,
            31.177212
          ],
          [
            121.412781,
            31.178428
          ],
          [
            121.408537,
            31.178408
          ],
          [
            121.404823,
            31.180163
          ],
          [
            121.401606,
            31.182531
          ],
          [
            121.39805,
            31.184511
          ],
          [
            121.394041,
            31.185701
          ],
          [
            121.39124,
            31.188429
          ],
          [
            121.387866,
            31.190631
          ],
          [
            121.383624,
            31.190535
          ],
          [
            121.38052,
            31.191315
          ],
          [
            121.383668,
            31.1919
          ],
          [
            121.380555,
            31.191539
          ],
          [
            121.383687,
            31.191651
          ],
          [
            121.380501,
            31.191063
          ],
          [
            121.383736,
            31.191263
          ],
          [
            121.380329,
            31.190222
          ]
        ]
      }
    },
    {
      "type": "Feature",
      "properties": {
        "route_id": "bike-004",
        "route_name": "河滨骑行4",
        "route_mode": "bike",
        "distance_m": 6377.2,
        "validation_status": "accepted"
      },
      "geometry": {
        "type": "LineString",
        "coordinates": [
          [
            121.402098,
            31.194831
          ],
          [
            121.404534,
            31.191703
          ],
          [
            121.404514,
            31.187945
          ],
          [
            121.401298,
            31.185384
          ],
          [
            121.398382,
            31.182573
          ],
          [
            121.395691,
            31.179603
          ],
          [
            121.395168,
            31.175871
          ],
          [
            121.394717,
            31.172132
          ],
          [
            121.392144,
            31.169085
          ],
          [
            121.388685,
            31.166769
          ],
          [
            121.386061,
            31.163755
          ],
          [
            121.3822,
            31.161962
          ],
          [
            121.381321,
            31.159715
          ],
          [
            121.382722,
            31.161185
          ],
          [
            121.381144,
            31.1594
          ],
          [
            121.383003,
            31.160639
          ],
          [
            121.381246,
            31.159683
          ],
          [
            121.382721,
            31.161298
          ],
          [
            121.380214,
            31.158212
          ]
        ]
      }
    },
    {
      "type": "Feature",
      "properties": {
        "route_id": "bike-005",
        "route_name": "公园穿越5",
        "route_mode": "bike",
        "distance_m": 7549.8,
        "validation_status": "accepted"
      },
      "geometry": {
        "type": "LineString",
        "coordinates": [
          [
            121.40064,
            31.203859
          ],
          [
            121.4001,
            31.207485
          ],
          [
            121.39973,
            31.211127
          ],
          [
            121.401747,
            31.21435
          ],
          [
            121.402763,
            31.217901
          ],
          [
            121.401417,
            31.21863
          ],
          [
            121.403081,
            31.218003
          ],
          [
            121.399586,
            31.219894
          ],
          [
            121.40279,
            31.217688
          ],
          [
            121.399262,
            31.21975
          ],
          [
            121.39713,
            31.217082
          ],
          [
            121.400517,
            31.219311
          ],
          [
            121.403776,
            31.218325
          ],
          [
            121.401028,
            31.218876
          ],
          [
            121.404909,
            31.219594
          ],
          [
            121.401361,
            31.218368
          ],
          [
            121.403441,
            31.218438
          ],
          [
            121.401624,
            31.218253
          ],
          [
            121.404963,
            31.219466
          ],
          [
            121.40074,
            31.219977
          ],
          [
            121.404971,
            31.219515
          ],
          [
            121.400985,
            31.219168
          ],
          [
            121.405251,
            31.219385
          ]
        ]
      }
    },
    {
      "type": "Feature",
      "properties": {
        "route_id": "bike-006",
        "route_name": "通勤骑行6",
        "route_mode": "bike",
        "distance_m": 13656.4,
        "validation_status": "accepted"
      },
      "geometry": {
        "type": "LineString",
        "coordinates": [
          [
            121.465294,
            31.189099
          ],
          [
            121.462264,
            31.186574
          ],
          [
            121.459689,
            31.183703
          ],
          [
            121.457396,
            31.180663
          ],
          [
            121.453249,
            31.179954
          ],
          [
            121.449041,
            31.179585
          ],
          [
            121.444818,
            31.179381
          ],
          [
            121.440608,
            31.179726
          ],
          [
            121.43638,
            31.179621
          ],
          [
            121.432538,
            31.181135
          ],
          [
            121.428311,
            31.181025
          ],
          [
            121.424093,
            31.181295
          ],
          [
            121.419876,
            31.181571
          ],
          [
            121.416459,
            31.179438
          ],
          [
            121.414643,
            31.17617
          ],
          [
            121.416527,
            31.17293
          ],
          [
            121.418681,
            31.169816
          ],
          [
            121.421146,
            31.166876
          ],
          [
            121.424643,
            31.16484
          ],
          [
            121.427347,
            31.162058
          ],
          [
            121.430168,
            31.159361
          ],
          [
            121.431519,
            31.155933
          ],
          [
            121.431298,
            31.152319
          ],
          [
            121.427762,
            31.150334
          ],
          [
            121.425754,
            31.147149
          ],
          [
            121.42297,
            31.144425
          ],
          [
            121.418752,
            31.144153
          ],
          [
            121.41455,
            31.144563
          ],
          [
            121.410554,
            31.145748
          ],
          [
            121.407767,
            31.14847
          ],
          [
            121.405054,
            31.151246
          ],
          [
            121.402106,
            31.153841
          ],
          [
            121.399818,
            31.156884
          ],
          [
            121.39621,
            31.158772
          ],
          [
            121.392267,
            31.160081
          ]
        ]
      }
    },
    {
      "type": "Feature",
      "properties": {
        "route_id": "bike-007",
        "route_name": "郊野骑行7",
        "route_mode": "bike",
        "distance_m": 5380.8,
        "validation_status": "accepted"
      },
      "geometry": {
        "type": "LineString",
        "coordinates": [
          [
            121.438428,
            31.17569
          ],
          [
            121.43934,
            31.172043
          ],
          [
            121.441172,
            31.16866
          ],
          [
            121.442888,
            31.165232
          ],
          [
            121.441954,
            31.16159
          ],
          [
            121.438931,
            31.158903
          ],
          [
            121.43558,
            31.156519
          ],
          [
            121.433013,
            31.153506
          ],
          [
            121.42903,
            31.151991
          ],
          [
            121.424676,
            31.152152
          ],
          [
            121.420507,
            31.151063
          ],
          [
            121.416176,
            31.150643
          ],
          [
            121.41311,
            31.147993
          ],
          [
            121.4089,
            31.147028
          ]
        ]
      }
    },
    {
      "type": "Feature",
      "properties": {
        "route_id": "bike-008",
        "route_name": "文化骑行8",
        "route_mode": "bike",
        "distance_m": 6440.2,
        "validation_status": "accepted"
      },
      "geometry": {
        "type": "LineString",
        "coordinates": [
          [
            121.429102,
            31.157446
          ],
          [
            121.42495,
            31.156739
          ],
          [
            121.420784,
            31.15738
          ],
          [
            121.416666,
            31.158222
          ],
          [
            121.412441,
            31.158006
          ],
          [
            121.408208,
            31.157999
          ],
          [
            121.404942,
            31.155695
          ],
          [
            121.401127,
            31.154126
          ],
          [
            121.396977,
            31.15484
          ],
          [
            121.392745,
            31.154731
          ],
          [
            121.388834,
            31.153347
          ],
          [
            121.384792,
            31.15227
          ],
          [
            121.38109,
            31.150514
          ],
          [
            121.382982,
            31.149523
          ],
          [
            121.380824,
            31.151109
          ],
          [
            121.383042,
            31.149634
          ],
          [
            121.381184,
            31.149431
          ],
          [
            121.382955,
            31.150191
          ],
          [
            121.381233,
            31.15072
          ],
          [
            121.382853,
            31.149773
          ],
          [
            121.381373,
            31.149565
          ]
        ]
      }
    },
    {
      "type": "Feature",
      "properties": {
        "route_id": "bike-009",
        "route_name": "夜间骑行9",
        "route_mode": "bike",
        "distance_m": 13523.5,
        "validation_status": "accepted"
      },
      "geometry": {
        "type": "LineString",
        "coordinates": [
          [
            121.396901,
            31.168968
          ],
          [
            121.39964,
            31.166224
          ],
          [
            121.403249,
            31.164356
          ],
          [
            121.40727,
            31.163267
          ],
          [
            121.411087,
            31.161732
          ],
          [
            121.415296,
            31.161962
          ],
          [
            121.419489,
            31.162352
          ],
          [
            121.42318,
            31.164098
          ],
          [
            121.427385,
            31.164374
          ],
          [
            121.431017,
            31.166209
          ],
          [
            121.433082,
            31.169356
          ],
          [
            121.43658,
            31.171371
          ],
          [
            121.440536,
            31.172624
          ],
          [
            121.44388,
            31.174822
          ],
          [
            121.446217,
            31.177826
          ],
          [
            121.450213,
            31.178981
          ],
          [
            121.45341,
            31.181334
          ],
          [
            121.454406,
            31.184841
          ],
          [
            121.454418,
            31.188449
          ],
          [
            121.455077,
            31.192013
          ],
          [
            121.456214,
            31.195488
          ],
          [
            121.455434,
            31.199034
          ],
          [
            121.452265,
            31.201416
          ],
          [
            121.449639,
            31.204239
          ],
          [
            121.447481,
            31.207339
          ],
          [
            121.443351,
            31.208073
          ],
          [
            121.440134,
            31.210406
          ],
          [
            121.436992,
            31.212813
          ],
          [
            121.434992,
            31.21599
          ],
          [
            121.43391,
            31.219478
          ],
          [
            121.431792,
            31.217402
          ],
          [
            121.43519,
            31.219539
          ],
          [
            121.439098,
            31.218182
          ],
          [
            121.441839,
            31.21544
          ],
          [
            121.442206,
            31.211845
          ]
        ]
      }
    },
    {
      "type": "Feature",
      "properties": {
        "route_id": "bike-010",
        "route_name": "休闲骑行10",
        "route_mode": "bike",
        "distance_m": 5581.7,
        "validation_status": "accepted"
      },
      "geometry": {
        "type": "LineString",
        "coordinates": [
          [
            121.486841,
            31.190283
          ],
          [
            121.491177,
            31.190754
          ],
          [
            121.495137,
            31.189174
          ],
          [
            121.498911,
            31.187287
          ],
          [
            121.496832,
            31.186443
          ],
          [
            121.498954,
            31.187432
          ],
          [
            121.497001,
            31.186017
          ],
          [
            121.499515,
            31.188274
          ],
          [
            121.4968,
            31.186264
          ],
          [
            121.499067,
            31.18748
          ],
          [
            121.496904,
            31.18603
          ],
          [
            121.499008,
            31.187354
          ],
          [
            121.497003,
            31.185826
          ],
          [
            121.498627,
            31.185864
          ],
          [
            121.497003,
            31.185947
          ],
          [
            121.498839,
            31.184793
          ],
          [
            121.498021,
            31.187394
          ],
          [
            121.498752,
            31.184873
          ],
          [
            121.499962,
            31.188446
          ],
          [
            121.498229,
            31.185013
          ]
        ]
      }
    },
    {
      "type": "Feature",
      "properties": {
        "route_id": "bike-011",
        "route_name": "滨江骑行11",
        "route_mode": "bike",
        "distance_m": 10729.8,
        "validation_status": "accepted"
      },
      "geometry": {
        "type": "LineString",
        "coordinates": [
          [
            121.425336,
            31.166065
          ],
          [
            121.428535,
            31.163549
          ],
          [
            121.432511,
            31.162049
          ],
          [
            121.436856,
            31.161986
          ],
          [
            121.439389,
            31.165007
          ],
          [
            121.441025,
            31.168451
          ],
          [
            121.441822,
            31.172106
          ],
          [
            121.440984,
            31.175754
          ],
          [
            121.44082,
            31.17947
          ],
          [
            121.440164,
            31.183145
          ],
          [
            121.437946,
            31.186342
          ],
          [
            121.434645,
            31.18876
          ],
          [
            121.432955,
            31.192186
          ],
          [
            121.429447,
            31.19438
          ],
          [
            121.425352,
            31.195624
          ],
          [
            121.421964,
            31.197953
          ],
          [
            121.417912,
            31.199296
          ],
          [
            121.413568,
            31.199202
          ],
          [
            121.410369,
            31.201718
          ],
          [
            121.406802,
            31.203842
          ],
          [
            121.402472,
            31.203525
          ],
          [
            121.398188,
            31.204148
          ],
          [
            121.393865,
            31.20377
          ],
          [
            121.392526,
            31.200233
          ],
          [
            121.390475,
            31.196956
          ],
          [
            121.387943,
            31.193934
          ],
          [
            121.385319,
            31.19097
          ]
        ]
      }
    },
    {
      "type": "Feature",
      "properties": {
        "route_id": "bike-012",
        "route_name": "绿道长线12",
        "route_mode": "bike",
        "distance_m": 13063.6,
        "validation_status": "accepted"
      },
      "geometry": {
        "type": "LineString",
        "coordinates": [
          [
            121.480084,
            31.179646
          ],
          [
            121.477243,
            31.18244
          ],
          [
            121.475883,
            31.185957
          ],
          [
            121.474459,
            31.189455
          ],
          [
            121.473948,
            31.193133
          ],
          [
            121.472987,
            31.196744
          ],
          [
            121.471924,
            31.200335
          ],
          [
            121.470969,
            31.203947
          ],
          [
            121.468653,
            31.207076
          ],
          [
            121.465338,
            31.209459
          ],
          [
            121.462445,
            31.212214
          ],
          [
            121.460229,
            31.215396
          ],
          [
            121.459078,
            31.218967
          ],
          [
            121.457634,
            31.217541
          ],
          [
            121.460167,
            31.219455
          ],
          [
            121.456174,
            31.219114
          ],
          [
            121.459995,
            31.217372
          ],
          [
            121.463681,
            31.215429
          ],
          [
            121.467888,
            31.214556
          ],
          [
            121.472038,
            31.213501
          ],
          [
            121.476193,
            31.212461
          ],
          [
            121.48049,
            31.212009
          ],
          [
            121.484818,
            31.211933
          ],
          [
            121.488879,
            31.213218
          ],
          [
            121.493162,
            31.21376
          ],
          [
            121.496737,
            31.215848
          ],
          [
            121.498934,
            31.215772
          ],
          [
            121.49742,
            31.21777
          ],
          [
            121.499903,
            31.214736
          ],
          [
            121.498647,
            31.211246
          ],
          [
            121.499561,
            31.214866
          ],
          [
            121.498804,
            31.218296
          ],
          [
            121.497938,
            31.215857
          ],
          [
            121.499667,
            31.218942
          ],
          [
            121.496504,
            31.217214
          ]
        ]
      }
    },
    {
      "type": "Feature",
      "properties": {
        "route_id": "bike-013",
        "route_name": "城市环线13",
        "route_mode": "bike",
        "distance_m": 6445.4,
        "validation_status": "accepted"
      },
      "geometry": {
        "type": "LineString",
        "coordinates": [
          [
            121.39478,
            31.162467
          ],
          [
            121.396591,
            31.15915
          ],
          [
            121.395822,
            31.155549
          ],
          [
            121.393078,
            31.15274
          ],
          [
            121.388799,
            31.152762
          ],
          [
            121.384525,
            31.15259
          ],
          [
            121.380366,
            31.151731
          ],
          [
            121.382914,
            31.149379
          ],
          [
            121.380599,
            31.152458
          ],
          [
            121.382876,
            31.154595
          ],
          [
            121.380969,
            31.152988
          ],
          [
            121.382237,
            31.155413
          ],
          [
            121.380007,
            31.152296
          ],
          [
            121.381713,
            31.155648
          ],
          [
            121.381833,
            31.151989
          ],
          [
            121.380306,
            31.148818
          ],
          [
            121.381231,
            31.152234
          ],
          [
            121.38034,
            31.148829
          ]
        ]
      }
    },
    {
      "type": "Feature",
      "properties": {
        "route_id": "bike-014",
        "route_name": "河滨骑行14",
        "route_mode": "bike",
        "distance_m": 9733.8,
        "validation_status": "accepted"
      },
      "geometry": {
        "type": "LineString",
        "coordinates": [
          [
            121.408647,
            31.192587
          ],
          [
            121.407279,
            31.189025
          ],
          [
            121.408783,
            31.185502
          ],
          [
            121.411117,
            31.182328
          ],
          [
            121.412994,
            31.178939
          ],
          [
            121.413094,
            31.17519
          ],
          [
            121.413279,
            31.171443
          ],
          [
            121.413996,
            31.167743
          ],
          [
            121.415441,
            31.164202
          ],
          [
            121.414959,
            31.160475
          ],
          [
            121.414683,
            31.156732
          ],
          [
            121.410956,
            31.154758
          ],
          [
            121.407782,
            31.152172
          ],
          [
            121.403953,
            31.150346
          ],
          [
            121.399629,
            31.150958
          ],
          [
            121.395247,
            31.151065
          ],
          [
            121.391403,
            31.152867
          ],
          [
            121.387136,
            31.153727
          ],
          [
            121.384379,
            31.150811
          ],
          [
            121.381753,
            31.147808
          ],
          [
            121.380543,
            31.144204
          ],
          [
            121.381985,
            31.14114
          ],
          [
            121.381394,
            31.143529
          ],
          [
            121.380495,
            31.140141
          ],
          [
            121.380976,
            31.143586
          ]
        ]
      }
    },
    {
      "type": "Feature",
      "properties": {
        "route_id": "bike-015",
        "route_name": "公园穿越15",
        "route_mode": "bike",
        "distance_m": 10742.1,
        "validation_status": "accepted"
      },
      "geometry": {
        "type": "LineString",
        "coordinates": [
          [
            121.486749,
            31.197227
          ],
          [
            121.491014,
            31.196673
          ],
          [
            121.495014,
            31.198055
          ],
          [
            121.498807,
            31.199814
          ],
          [
            121.498645,
            31.202793
          ],
          [
            121.497885,
            31.200599
          ],
          [
            121.49923,
            31.204106
          ],
          [
            121.499532,
            31.207642
          ],
          [
            121.49926,
            31.203958
          ],
          [
            121.499688,
            31.200286
          ],
          [
            121.498198,
            31.197068
          ],
          [
            121.499796,
            31.200496
          ],
          [
            121.498104,
            31.20372
          ],
          [
            121.499027,
            31.200964
          ],
          [
            121.499986,
            31.204557
          ],
          [
            121.496898,
            31.202004
          ],
          [
            121.49929,
            31.203732
          ],
          [
            121.497279,
            31.201495
          ],
          [
            121.499518,
            31.203967
          ],
          [
            121.497461,
            31.201333
          ],
          [
            121.499677,
            31.204499
          ],
          [
            121.49914,
            31.208049
          ],
          [
            121.499262,
            31.204359
          ],
          [
            121.498806,
            31.200689
          ],
          [
            121.496066,
            31.197838
          ],
          [
            121.49203,
            31.196535
          ],
          [
            121.487879,
            31.195528
          ],
          [
            121.483692,
            31.19464
          ],
          [
            121.479385,
            31.194851
          ]
        ]
      }
    },
    {
      "type": "Feature",
      "properties": {
        "route_id": "bike-016",
        "route_name": "通勤骑行16",
        "route_mode": "bike",
        "distance_m": 3277.1,
        "validation_status": "accepted"
      },
      "geometry": {
        "type": "LineString",
        "coordinates": [
          [
            121.489041,
            31.152836
          ],
          [
            121.489669,
            31.14906
          ],
          [
            121.48982,
            31.145248
          ],
          [
            121.487407,
            31.14204
          ],
          [
            121.485447,
            31.141386
          ],
          [
            121.487366,
            31.142057
          ],
          [
            121.486545,
            31.141692
          ],
          [
            121.485324,
            31.141977
          ],
          [
            121.487747,
            31.141225
          ],
          [
            121.483886,
            31.140682
          ],
          [
            121.487117,
            31.141946
          ],
          [
            121.486051,
            31.141757
          ],
          [
            121.48653,
            31.142035
          ],
          [
            121.485302,
            31.141632
          ],
          [
            121.48534,
            31.142182
          ],
          [
            121.486166,
            31.141566
          ]
        ]
      }
    },
    {
      "type": "Feature",
      "properties": {
        "route_id": "bike-017",
        "route_name": "郊野骑行17",
        "route_mode": "bike",
        "distance_m": 7353.2,
        "validation_status": "accepted"
      },
      "geometry": {
        "type": "LineString",
        "coordinates": [
          [
            121.433049,
            31.153939
          ],
          [
            121.437259,
            31.154465
          ],
          [
            121.441435,
            31.155161
          ],
          [
            121.445688,
            31.155064
          ],
          [
            121.449928,
            31.15536
          ],
          [
            121.453823,
            31.153895
          ],
          [
            121.458039,
            31.153408
          ],
          [
            121.462062,
            31.152223
          ],
          [
            121.465605,
            31.150209
          ],
          [
            121.469727,
            31.149307
          ],
          [
            121.473624,
            31.147847
          ],
          [
            121.47765,
            31.146671
          ],
          [
            121.481089,
            31.144528
          ],
          [
            121.48517,
            31.1435
          ],
          [
            121.489424,
            31.143577
          ],
          [
            121.493673,
            31.143763
          ],
          [
            121.497569,
            31.142301
          ],
          [
            121.498178,
            31.142401
          ],
          [
            121.497568,
            31.142468
          ],
          [
            121.498262,
            31.141746
          ],
          [
            121.498173,
            31.143732
          ],
          [
            121.497733,
            31.142745
          ],
          [
            121.498413,
            31.144285
          ],
          [
            121.497527,
            31.143197
          ]
        ]
      }
    },
    {
      "type": "Feature",
      "properties": {
        "route_id": "bike-018",
        "route_name": "文化骑行18",
        "route_mode": "bike",
        "distance_m": 13025.0,
        "validation_status": "accepted"
      },
      "geometry": {
        "type": "LineString",
        "coordinates": [
          [
            121.413362,
            31.182743
          ],
          [
            121.409817,
            31.184814
          ],
          [
            121.405529,
            31.184643
          ],
          [
            121.40125,
            31.184935
          ],
          [
            121.39725,
            31.183602
          ],
          [
            121.392967,
            31.183357
          ],
          [
            121.389034,
            31.181888
          ],
          [
            121.385179,
            31.183504
          ],
          [
            121.380992,
            31.182697
          ],
          [
            121.383249,
            31.18213
          ],
          [
            121.380182,
            31.179923
          ],
          [
            121.383464,
            31.181862
          ],
          [
            121.38049,
            31.180432
          ],
          [
            121.383733,
            31.179774
          ],
          [
            121.38054,
            31.180125
          ],
          [
            121.383752,
            31.18017
          ],
          [
            121.380219,
            31.178085
          ],
          [
            121.382919,
            31.175579
          ],
          [
            121.380331,
            31.178509
          ],
          [
            121.382175,
            31.18149
          ],
          [
            121.380658,
            31.178732
          ],
          [
            121.382221,
            31.181456
          ],
          [
            121.380664,
            31.178736
          ],
          [
            121.381073,
            31.182095
          ],
          [
            121.380092,
            31.178519
          ],
          [
            121.381034,
            31.174976
          ],
          [
            121.381954,
            31.178563
          ],
          [
            121.381635,
            31.182225
          ],
          [
            121.383383,
            31.185579
          ],
          [
            121.384195,
            31.189185
          ],
          [
            121.384356,
            31.192855
          ],
          [
            121.382718,
            31.19625
          ],
          [
            121.38092,
            31.198199
          ],
          [
            121.383165,
            31.199329
          ],
          [
            121.381146,
            31.196088
          ],
          [
            121.380374,
            31.192653
          ]
        ]
      }
    },
    {
      "type": "Feature",
      "properties": {
        "route_id": "bike-019",
        "route_name": "夜间骑行19",
        "route_mode": "bike",
        "distance_m": 6642.2,
        "validation_status": "accepted"
      },
      "geometry": {
        "type": "LineString",
        "coordinates": [
          [
            121.451756,
            31.181985
          ],
          [
            121.447487,
            31.181182
          ],
          [
            121.444491,
            31.178458
          ],
          [
            121.440226,
            31.177639
          ],
          [
            121.435864,
            31.177887
          ],
          [
            121.431588,
            31.17711
          ],
          [
            121.427628,
            31.175525
          ],
          [
            121.423625,
            31.174023
          ],
          [
            121.419282,
            31.173592
          ],
          [
            121.415735,
            31.171407
          ],
          [
            121.411507,
            31.170454
          ],
          [
            121.407263,
            31.17135
          ],
          [
            121.402916,
            31.171741
          ],
          [
            121.398842,
            31.173099
          ],
          [
            121.394471,
            31.1731
          ],
          [
            121.390101,
            31.172985
          ],
          [
            121.385912,
            31.174053
          ]
        ]
      }
    },
    {
      "type": "Feature",
      "properties": {
        "route_id": "bike-020",
        "route_name": "休闲骑行20",
        "route_mode": "bike",
        "distance_m": 6211.5,
        "validation_status": "accepted"
      },
      "geometry": {
        "type": "LineString",
        "coordinates": [
          [
            121.478082,
            31.192703
          ],
          [
            121.482282,
            31.193332
          ],
          [
            121.483237,
            31.196888
          ],
          [
            121.484535,
            31.200364
          ],
          [
            121.485355,
            31.203944
          ],
          [
            121.484379,
            31.207496
          ],
          [
            121.485785,
            31.210941
          ],
          [
            121.487833,
            31.214141
          ],
          [
            121.488617,
            31.217728
          ],
          [
            121.489017,
            31.21864
          ],
          [
            121.486818,
            31.218234
          ],
          [
            121.487178,
            31.21813
          ],
          [
            121.485967,
            31.218371
          ],
          [
            121.486127,
            31.217983
          ],
          [
            121.486747,
            31.218407
          ],
          [
            121.488733,
            31.218364
          ],
          [
            121.487296,
            31.218201
          ],
          [
            121.488766,
            31.218374
          ],
          [
            121.487149,
            31.21825
          ],
          [
            121.490767,
            31.219818
          ],
          [
            121.487934,
            31.217454
          ],
          [
            121.487482,
            31.218917
          ],
          [
            121.487181,
            31.217443
          ],
          [
            121.487996,
            31.218975
          ],
          [
            121.486494,
            31.217609
          ],
          [
            121.486177,
            31.218752
          ],
          [
            121.486622,
            31.217619
          ]
        ]
      }
    },
    {
      "type": "Feature",
      "properties": {
        "route_id": "bike-021",
        "route_name": "滨江骑行21",
        "route_mode": "bike",
        "distance_m": 10349.1,
        "validation_status": "accepted"
      },
      "geometry": {
        "type": "LineString",
        "coordinates": [
          [
            121.396776,
            31.171213
          ],
          [
            121.397969,
            31.167654
          ],
          [
            121.39861,
            31.163992
          ],
          [
            121.399032,
            31.160307
          ],
          [
            121.400735,
            31.156903
          ],
          [
            121.403209,
            31.153864
          ],
          [
            121.403231,
            31.150162
          ],
          [
            121.401925,
            31.146631
          ],
          [
            121.398877,
            31.144003
          ],
          [
            121.395282,
            31.141942
          ],
          [
            121.393123,
            31.141267
          ],
          [
            121.39378,
            31.142392
          ],
          [
            121.393136,
            31.141269
          ],
          [
            121.39282,
            31.142424
          ],
          [
            121.393055,
            31.141274
          ],
          [
            121.390109,
            31.141438
          ],
          [
            121.39395,
            31.140268
          ],
          [
            121.39029,
            31.141709
          ],
          [
            121.39286,
            31.141271
          ],
          [
            121.393665,
            31.142368
          ],
          [
            121.395225,
            31.141086
          ],
          [
            121.392718,
            31.141932
          ],
          [
            121.395131,
            31.141142
          ],
          [
            121.39332,
            31.142221
          ],
          [
            121.395266,
            31.141086
          ],
          [
            121.391132,
            31.140011
          ],
          [
            121.394615,
            31.142187
          ],
          [
            121.392006,
            31.140767
          ],
          [
            121.394344,
            31.142349
          ],
          [
            121.39138,
            31.14035
          ],
          [
            121.394703,
            31.142023
          ],
          [
            121.391134,
            31.140072
          ],
          [
            121.395407,
            31.140517
          ],
          [
            121.391483,
            31.141044
          ]
        ]
      }
    },
    {
      "type": "Feature",
      "properties": {
        "route_id": "bike-022",
        "route_name": "绿道长线22",
        "route_mode": "bike",
        "distance_m": 5159.3,
        "validation_status": "accepted"
      },
      "geometry": {
        "type": "LineString",
        "coordinates": [
          [
            121.469497,
            31.15979
          ],
          [
            121.470553,
            31.156162
          ],
          [
            121.471134,
            31.152458
          ],
          [
            121.468942,
            31.149224
          ],
          [
            121.465271,
            31.147198
          ],
          [
            121.462217,
            31.144525
          ],
          [
            121.461095,
            31.140912
          ],
          [
            121.462238,
            31.142696
          ],
          [
            121.459818,
            31.140416
          ],
          [
            121.45993,
            31.14332
          ],
          [
            121.460924,
            31.14032
          ],
          [
            121.460155,
            31.14336
          ],
          [
            121.459773,
            31.140364
          ],
          [
            121.461093,
            31.143199
          ],
          [
            121.463721,
            31.140213
          ]
        ]
      }
    },
    {
      "type": "Feature",
      "properties": {
        "route_id": "bike-023",
        "route_name": "城市环线23",
        "route_mode": "bike",
        "distance_m": 9331.0,
        "validation_status": "accepted"
      },
      "geometry": {
        "type": "LineString",
        "coordinates": [
          [
            121.416335,
            31.172785
          ],
          [
            121.416899,
            31.169206
          ],
          [
            121.419987,
            31.166742
          ],
          [
            121.422775,
            31.16403
          ],
          [
            121.426642,
            31.16258
          ],
          [
            121.430833,
            31.162149
          ],
          [
            121.434906,
            31.161199
          ],
          [
            121.436297,
            31.157788
          ],
          [
            121.437818,
            31.154419
          ],
          [
            121.438385,
            31.15084
          ],
          [
            121.437559,
            31.147298
          ],
          [
            121.437715,
            31.143688
          ],
          [
            121.438457,
            31.140133
          ],
          [
            121.437236,
            31.143325
          ],
          [
            121.439582,
            31.140322
          ],
          [
            121.44274,
            31.142075
          ],
          [
            121.440033,
            31.140697
          ],
          [
            121.442309,
            31.142345
          ],
          [
            121.438336,
            31.141123
          ],
          [
            121.434219,
            31.141919
          ],
          [
            121.430592,
            31.143768
          ],
          [
            121.426894,
            31.14551
          ],
          [
            121.422692,
            31.145857
          ],
          [
            121.419417,
            31.148136
          ],
          [
            121.416103,
            31.150375
          ]
        ]
      }
    },
    {
      "type": "Feature",
      "properties": {
        "route_id": "bike-024",
        "route_name": "河滨骑行24",
        "route_mode": "bike",
        "distance_m": 12504.4,
        "validation_status": "accepted"
      },
      "geometry": {
        "type": "LineString",
        "coordinates": [
          [
            121.485537,
            31.197123
          ],
          [
            121.489257,
            31.195301
          ],
          [
            121.493462,
            31.194589
          ],
          [
            121.497488,
            31.193331
          ],
          [
            121.498438,
            31.189755
          ],
          [
            121.49815,
            31.187535
          ],
          [
            121.497851,
            31.188855
          ],
          [
            121.498956,
            31.186408
          ],
          [
            121.499406,
            31.189797
          ],
          [
            121.497178,
            31.187581
          ],
          [
            121.498864,
            31.186173
          ],
          [
            121.496865,
            31.186477
          ],
          [
            121.499041,
            31.187563
          ],
          [
            121.498591,
            31.184506
          ],
          [
            121.498059,
            31.186793
          ],
          [
            121.499808,
            31.183445
          ],
          [
            121.496752,
            31.181257
          ],
          [
            121.499984,
            31.183634
          ],
          [
            121.497192,
            31.180875
          ],
          [
            121.499496,
            31.183968
          ],
          [
            121.498127,
            31.187019
          ],
          [
            121.498706,
            31.184549
          ],
          [
            121.497382,
            31.186047
          ],
          [
            121.498512,
            31.1871
          ],
          [
            121.499093,
            31.184058
          ],
          [
            121.496708,
            31.187105
          ],
          [
            121.49485,
            31.19041
          ],
          [
            121.492595,
            31.193528
          ],
          [
            121.490976,
            31.196924
          ],
          [
            121.490259,
            31.200539
          ],
          [
            121.489488,
            31.204147
          ],
          [
            121.488018,
            31.207591
          ],
          [
            121.485839,
            31.210749
          ],
          [
            121.482738,
            31.213281
          ],
          [
            121.480466,
            31.21639
          ],
          [
            121.479422,
            31.219947
          ],
          [
            121.47757,
            31.216746
          ]
        ]
      }
    },
    {
      "type": "Feature",
      "properties": {
        "route_id": "bike-025",
        "route_name": "公园穿越25",
        "route_mode": "bike",
        "distance_m": 6202.7,
        "validation_status": "accepted"
      },
      "geometry": {
        "type": "LineString",
        "coordinates": [
          [
            121.434302,
            31.186059
          ],
          [
            121.433185,
            31.182448
          ],
          [
            121.430743,
            31.179351
          ],
          [
            121.429946,
            31.175678
          ],
          [
            121.43069,
            31.171997
          ],
          [
            121.430853,
            31.168264
          ],
          [
            121.431,
            31.164531
          ],
          [
            121.433775,
            31.161647
          ],
          [
            121.430601,
            31.159082
          ],
          [
            121.426802,
            31.15724
          ],
          [
            121.426838,
            31.153504
          ],
          [
            121.429086,
            31.150302
          ],
          [
            121.431177,
            31.147023
          ],
          [
            121.434593,
            31.144696
          ],
          [
            121.436738,
            31.141442
          ],
          [
            121.437866,
            31.142167
          ],
          [
            121.437356,
            31.141543
          ],
          [
            121.438998,
            31.141918
          ],
          [
            121.439142,
            31.141816
          ]
        ]
      }
    },
    {
      "type": "Feature",
      "properties": {
        "route_id": "bike-026",
        "route_name": "通勤骑行26",
        "route_mode": "bike",
        "distance_m": 10076.7,
        "validation_status": "accepted"
      },
      "geometry": {
        "type": "LineString",
        "coordinates": [
          [
            121.449574,
            31.205476
          ],
          [
            121.445282,
            31.205273
          ],
          [
            121.441786,
            31.207413
          ],
          [
            121.439172,
            31.210333
          ],
          [
            121.437019,
            31.213516
          ],
          [
            121.433981,
            31.216118
          ],
          [
            121.429834,
            31.217087
          ],
          [
            121.425537,
            31.217201
          ],
          [
            121.421603,
            31.215719
          ],
          [
            121.417774,
            31.214048
          ],
          [
            121.414446,
            31.211721
          ],
          [
            121.411389,
            31.209135
          ],
          [
            121.407442,
            31.207679
          ],
          [
            121.40322,
            31.20837
          ],
          [
            121.399296,
            31.209872
          ],
          [
            121.395633,
            31.211796
          ],
          [
            121.391408,
            31.211116
          ],
          [
            121.387347,
            31.212322
          ],
          [
            121.384131,
            31.214762
          ],
          [
            121.380884,
            31.217172
          ],
          [
            121.381305,
            31.219663
          ],
          [
            121.383116,
            31.216328
          ],
          [
            121.386762,
            31.21438
          ],
          [
            121.389888,
            31.211855
          ],
          [
            121.393863,
            31.210456
          ],
          [
            121.396785,
            31.207758
          ]
        ]
      }
    },
    {
      "type": "Feature",
      "properties": {
        "route_id": "bike-027",
        "route_name": "郊野骑行27",
        "route_mode": "bike",
        "distance_m": 11984.5,
        "validation_status": "accepted"
      },
      "geometry": {
        "type": "LineString",
        "coordinates": [
          [
            121.418789,
            31.187288
          ],
          [
            121.42277,
            31.185784
          ],
          [
            121.425939,
            31.183233
          ],
          [
            121.429889,
            31.18167
          ],
          [
            121.433925,
            31.180279
          ],
          [
            121.438269,
            31.180508
          ],
          [
            121.441604,
            31.182899
          ],
          [
            121.445896,
            31.182281
          ],
          [
            121.449843,
            31.180714
          ],
          [
            121.45411,
            31.179983
          ],
          [
            121.457297,
            31.177448
          ],
          [
            121.459966,
            31.174507
          ],
          [
            121.462374,
            31.171406
          ],
          [
            121.463231,
            31.167756
          ],
          [
            121.460909,
            31.164607
          ],
          [
            121.460619,
            31.160893
          ],
          [
            121.463337,
            31.157985
          ],
          [
            121.466517,
            31.155443
          ],
          [
            121.470166,
            31.153415
          ],
          [
            121.474478,
            31.152917
          ],
          [
            121.478328,
            31.151182
          ],
          [
            121.478233,
            31.147459
          ],
          [
            121.479859,
            31.144006
          ],
          [
            121.483189,
            31.14161
          ],
          [
            121.487528,
            31.141894
          ],
          [
            121.491538,
            31.143342
          ],
          [
            121.492916,
            31.146873
          ],
          [
            121.495058,
            31.150114
          ],
          [
            121.496437,
            31.153645
          ],
          [
            121.497217,
            31.157308
          ]
        ]
      }
    },
    {
      "type": "Feature",
      "properties": {
        "route_id": "bike-028",
        "route_name": "文化骑行28",
        "route_mode": "bike",
        "distance_m": 7123.4,
        "validation_status": "accepted"
      },
      "geometry": {
        "type": "LineString",
        "coordinates": [
          [
            121.450567,
            31.181251
          ],
          [
            121.449221,
            31.177656
          ],
          [
            121.447337,
            31.174242
          ],
          [
            121.444445,
            31.171391
          ],
          [
            121.441516,
            31.168568
          ],
          [
            121.438429,
            31.16587
          ],
          [
            121.434194,
            31.164812
          ],
          [
            121.429787,
            31.165005
          ],
          [
            121.425827,
            31.16334
          ],
          [
            121.422391,
            31.160972
          ],
          [
            121.418404,
            31.159355
          ],
          [
            121.414427,
            31.160989
          ],
          [
            121.411674,
            31.16394
          ],
          [
            121.407968,
            31.165989
          ],
          [
            121.403588,
            31.166446
          ],
          [
            121.399176,
            31.166461
          ],
          [
            121.394852,
            31.167211
          ],
          [
            121.391357,
            31.169516
          ]
        ]
      }
    },
    {
      "type": "Feature",
      "properties": {
        "route_id": "bike-029",
        "route_name": "夜间骑行29",
        "route_mode": "bike",
        "distance_m": 8224.3,
        "validation_status": "accepted"
      },
      "geometry": {
        "type": "LineString",
        "coordinates": [
          [
            121.4141,
            31.196682
          ],
          [
            121.410439,
            31.19851
          ],
          [
            121.40685,
            31.20044
          ],
          [
            121.402708,
            31.201208
          ],
          [
            121.39915,
            31.20318
          ],
          [
            121.395857,
            31.205464
          ],
          [
            121.394362,
            31.208857
          ],
          [
            121.391179,
            31.211252
          ],
          [
            121.38704,
            31.212032
          ],
          [
            121.384811,
            31.215117
          ],
          [
            121.380847,
            31.216402
          ],
          [
            121.382884,
            31.218123
          ],
          [
            121.380349,
            31.215777
          ],
          [
            121.381612,
            31.218992
          ],
          [
            121.380458,
            31.215827
          ],
          [
            121.382204,
            31.21865
          ],
          [
            121.38104,
            31.216316
          ],
          [
            121.38268,
            31.218054
          ],
          [
            121.380277,
            31.215455
          ],
          [
            121.382633,
            31.218092
          ],
          [
            121.380322,
            31.215052
          ],
          [
            121.381323,
            31.211528
          ],
          [
            121.382015,
            31.207951
          ]
        ]
      }
    },
    {
      "type": "Feature",
      "properties": {
        "route_id": "bike-030",
        "route_name": "休闲骑行30",
        "route_mode": "bike",
        "distance_m": 13141.9,
        "validation_status": "accepted"
      },
      "geometry": {
        "type": "LineString",
        "coordinates": [
          [
            121.473917,
            31.159307
          ],
          [
            121.474021,
            31.155691
          ],
          [
            121.474225,
            31.152078
          ],
          [
            121.475113,
            31.148541
          ],
          [
            121.476867,
            31.14525
          ],
          [
            121.478319,
            31.141853
          ],
          [
            121.481537,
            31.140493
          ],
          [
            121.479259,
            31.142554
          ],
          [
            121.4823,
            31.140041
          ],
          [
            121.486129,
            31.141493
          ],
          [
            121.482389,
            31.140193
          ],
          [
            121.483828,
            31.143208
          ],
          [
            121.484939,
            31.140282
          ],
          [
            121.482068,
            31.142373
          ],
          [
            121.484382,
            31.140654
          ],
          [
            121.480931,
            31.141436
          ],
          [
            121.485063,
            31.140668
          ],
          [
            121.487409,
            31.142341
          ],
          [
            121.483984,
            31.140219
          ],
          [
            121.481061,
            31.142394
          ],
          [
            121.484108,
            31.140114
          ],
          [
            121.482371,
            31.143184
          ],
          [
            121.483681,
            31.140255
          ],
          [
            121.483977,
            31.143353
          ],
          [
            121.484591,
            31.140226
          ],
          [
            121.485805,
            31.143239
          ],
          [
            121.484145,
            31.140087
          ],
          [
            121.486635,
            31.142836
          ],
          [
            121.482502,
            31.142071
          ],
          [
            121.47828,
            31.14188
          ],
          [
            121.474056,
            31.141735
          ],
          [
            121.469828,
            31.141755
          ],
          [
            121.465906,
            31.143106
          ],
          [
            121.462062,
            31.144613
          ],
          [
            121.45789,
            31.144022
          ],
          [
            121.454428,
            31.141946
          ]
        ]
      }
    }
  ]
}
