{
  "type": "FeatureCollection",
  "features": [
    {
      "type": "Feature",
      "properties": {
        "route_id": "XH_RUN_0001",
        "route_name": "徐汇滨江经典长跑线",
        "route_mode": "run",
        "target_distance_m": 8900,
        "actual_distance_m": 3441,
        "duration_s": 2753,
        "start_entry_id": "run_westbund_classic_start",
        "end_entry_id": "run_westbund_classic_end",
        "region_zone": "徐汇滨江",
        "tags": [
          "滨江",
          "长跑",
          "艺术"
        ],
        "source_method": "amap_segmented_direction",
        "road_names": [
          "瑞宁路",
          "徐汇滨江绿道",
          "龙腾大道",
          "龙腾大道辅路"
        ],
        "turn_count": 14,
        "route_inside_ratio": null,
        "future_score": null,
        "score_note": "后续评分入口：当前阶段只展示路线标签，暂不计算 PM2.5、噪声、花粉或综合暴露评分。",
        "source_name": "上海市文旅推广网",
        "source_url": "https://www.meet-in-shanghai.net/en/guide/popular-running-routes-in-shanghai-you-should-not-miss-603769/",
        "confidence": "中高",
        "distance_error_m": 5459,
        "loop_flag": false,
        "feature_tags": [],
        "candidate_rank": "candidate",
        "geometry_source": "amap_direction",
        "geometry_status": "complete",
        "validation_status": "needs_review",
        "snap_ratio": 0.9942857142857143,
        "network_source": "2026-07-12T02:30:40Z",
        "verified_at": "2026-07-12T02:53:23.803254Z",
        "review_note": "实际距离与目标距离误差 61.3% 超过 15%",
        "raw_response_paths": [
          "data/raw/amap/walking_v2_f3b5eea93635a4e0.json",
          "data/raw/amap/walking_v2_0674e15dddef58d0.json",
          "data/raw/amap/walking_v2_17a19f4dca6b3e8a.json",
          "data/raw/amap/walking_v2_2629c659b1b72b80.json"
        ],
        "source_level": "B",
        "waypoint_names": [
          "START星美术馆",
          "龙美术馆(西岸馆)",
          "西岸美术馆",
          "上海油罐艺术中心",
          "龙耀路隧道与龙腾大道交叉口"
        ],
        "nearby_pois": [],
        "preference_hits": []
      },
      "geometry": {
        "type": "LineString",
        "coordinates": [
          [
            121.470252,
            31.188008
          ],
          [
            121.470208,
            31.188021
          ],
          [
            121.469731,
            31.187717
          ],
          [
            121.469588,
            31.18763
          ],
          [
            121.469536,
            31.187626
          ],
          [
            121.469514,
            31.187626
          ],
          [
            121.469457,
            31.187674
          ],
          [
            121.469453,
            31.187674
          ],
          [
            121.468958,
            31.187348
          ],
          [
            121.468737,
            31.18727
          ],
          [
            121.468659,
            31.187222
          ],
          [
            121.467227,
            31.186246
          ],
          [
            121.466949,
            31.18605
          ],
          [
            121.466545,
            31.185773
          ],
          [
            121.466337,
            31.185634
          ],
          [
            121.466207,
            31.185456
          ],
          [
            121.466128,
            31.185412
          ],
          [
            121.46612,
            31.185408
          ],
          [
            121.466163,
            31.185352
          ],
          [
            121.466233,
            31.185265
          ],
          [
            121.466233,
            31.18526
          ],
          [
            121.46612,
            31.185169
          ],
          [
            121.465304,
            31.184627
          ],
          [
            121.464922,
            31.184453
          ],
          [
            121.464918,
            31.184449
          ],
          [
            121.464844,
            31.184497
          ],
          [
            121.464674,
            31.184601
          ],
          [
            121.464614,
            31.184609
          ],
          [
            121.464566,
            31.184605
          ],
          [
            121.46454,
            31.184575
          ],
          [
            121.464293,
            31.184232
          ],
          [
            121.464288,
            31.184227
          ],
          [
            121.46474,
            31.183963
          ],
          [
            121.464757,
            31.183954
          ],
          [
            121.464757,
            31.18395
          ],
          [
            121.465278,
            31.18365
          ],
          [
            121.465278,
            31.183646
          ],
          [
            121.465148,
            31.183529
          ],
          [
            121.465061,
            31.183498
          ],
          [
            121.465022,
            31.183481
          ],
          [
            121.464922,
            31.183381
          ],
          [
            121.464766,
            31.18316
          ],
          [
            121.464748,
            31.183121
          ],
          [
            121.464566,
            31.1826
          ],
          [
            121.464549,
            31.182569
          ],
          [
            121.46444,
            31.182378
          ],
          [
            121.46408,
            31.181918
          ],
          [
            121.463919,
            31.181623
          ],
          [
            121.463824,
            31.181424
          ],
          [
            121.463763,
            31.18128
          ],
          [
            121.463759,
            31.181272
          ],
          [
            121.463611,
            31.181289
          ],
          [
            121.463516,
            31.181298
          ],
          [
            121.463511,
            31.181298
          ],
          [
            121.463099,
            31.180286
          ],
          [
            121.46286,
            31.179709
          ],
          [
            121.462652,
            31.179201
          ],
          [
            121.461918,
            31.177391
          ],
          [
            121.46181,
            31.177044
          ],
          [
            121.46174,
            31.176732
          ],
          [
            121.461701,
            31.176467
          ],
          [
            121.461684,
            31.176176
          ],
          [
            121.461688,
            31.175851
          ],
          [
            121.461723,
            31.175573
          ],
          [
            121.461775,
            31.175512
          ],
          [
            121.46178,
            31.175473
          ],
          [
            121.461879,
            31.174831
          ],
          [
            121.461992,
            31.174384
          ],
          [
            121.462027,
            31.174171
          ],
          [
            121.46204,
            31.173898
          ],
          [
            121.462266,
            31.172743
          ],
          [
            121.462465,
            31.172101
          ],
          [
            121.462834,
            31.171133
          ],
          [
            121.462852,
            31.171102
          ],
          [
            121.462882,
            31.171024
          ],
          [
            121.462969,
            31.170807
          ],
          [
            121.463359,
            31.169701
          ],
          [
            121.463507,
            31.169214
          ],
          [
            121.463555,
            31.168767
          ],
          [
            121.463537,
            31.168446
          ],
          [
            121.463498,
            31.168216
          ],
          [
            121.463485,
            31.168129
          ],
          [
            121.463372,
            31.167804
          ],
          [
            121.463368,
            31.167799
          ],
          [
            121.463351,
            31.167739
          ],
          [
            121.46329,
            31.167474
          ],
          [
            121.463125,
            31.166988
          ],
          [
            121.462986,
            31.166671
          ],
          [
            121.462904,
            31.166441
          ],
          [
            121.462843,
            31.166228
          ],
          [
            121.462791,
            31.165877
          ],
          [
            121.462773,
            31.165464
          ],
          [
            121.462804,
            31.165091
          ],
          [
            121.462834,
            31.164944
          ],
          [
            121.462856,
            31.164852
          ],
          [
            121.462904,
            31.164674
          ],
          [
            121.462925,
            31.164609
          ],
          [
            121.462925,
            31.164605
          ],
          [
            121.463043,
            31.164622
          ],
          [
            121.463477,
            31.16467
          ],
          [
            121.463589,
            31.164687
          ],
          [
            121.464201,
            31.164744
          ],
          [
            121.46421,
            31.164674
          ],
          [
            121.464227,
            31.164514
          ],
          [
            121.464227,
            31.16451
          ],
          [
            121.464258,
            31.164258
          ],
          [
            121.463659,
            31.164201
          ],
          [
            121.463655,
            31.164197
          ],
          [
            121.46342,
            31.164049
          ],
          [
            121.463416,
            31.164049
          ],
          [
            121.463294,
            31.164036
          ],
          [
            121.463194,
            31.163997
          ],
          [
            121.46319,
            31.163993
          ],
          [
            121.463398,
            31.163689
          ],
          [
            121.463442,
            31.163633
          ],
          [
            121.463516,
            31.163529
          ]
        ]
      }
    },
    {
      "type": "Feature",
      "properties": {
        "route_id": "XH_RUN_0002",
        "route_name": "西岸最美艺术赛道",
        "route_mode": "run",
        "target_distance_m": 10000,
        "actual_distance_m": 5452,
        "duration_s": 4362,
        "start_entry_id": "run_westbund_art_10k_start",
        "end_entry_id": "run_westbund_art_10k_end",
        "region_zone": "徐汇滨江",
        "tags": [
          "赛事",
          "滨江",
          "艺术"
        ],
        "source_method": "amap_segmented_direction",
        "road_names": [
          "龙腾大道辅路",
          "龙腾大道",
          "徐汇滨江绿道",
          "龙腾大道"
        ],
        "turn_count": 15,
        "route_inside_ratio": null,
        "future_score": null,
        "score_note": "后续评分入口：当前阶段只展示路线标签，暂不计算 PM2.5、噪声、花粉或综合暴露评分。",
        "source_name": "上海市人民政府",
        "source_url": "https://www.shanghai.gov.cn/nw15343/20251229/3f98aa90344d45f88f046371f74c92c3.html",
        "confidence": "高",
        "distance_error_m": 4548,
        "loop_flag": true,
        "feature_tags": [],
        "candidate_rank": "candidate",
        "geometry_source": "amap_direction",
        "geometry_status": "complete",
        "validation_status": "needs_review",
        "snap_ratio": 0.9963898916967509,
        "network_source": "2026-07-12T02:30:40Z",
        "verified_at": "2026-07-12T02:53:23.803254Z",
        "review_note": "实际距离与目标距离误差 45.5% 超过 15%",
        "raw_response_paths": [
          "data/raw/amap/walking_v2_8a47e7349479abef.json",
          "data/raw/amap/walking_v2_504739f0bb3db68f.json",
          "data/raw/amap/walking_v2_782c5ef0e9cd3dab.json",
          "data/raw/amap/walking_v2_fabfc19a57693935.json"
        ],
        "source_level": "A",
        "waypoint_names": [
          "西岸穹顶艺术中心",
          "上海油罐艺术中心",
          "西岸美术馆",
          "龙美术馆(西岸馆)",
          "西岸穹顶艺术中心"
        ],
        "nearby_pois": [],
        "preference_hits": []
      },
      "geometry": {
        "type": "LineString",
        "coordinates": [
          [
            121.464822,
            31.162769
          ],
          [
            121.464353,
            31.162539
          ],
          [
            121.464223,
            31.162478
          ],
          [
            121.464219,
            31.162474
          ],
          [
            121.463928,
            31.162917
          ],
          [
            121.463832,
            31.163095
          ],
          [
            121.463581,
            31.163446
          ],
          [
            121.463446,
            31.163628
          ],
          [
            121.463403,
            31.163685
          ],
          [
            121.463194,
            31.163993
          ],
          [
            121.46319,
            31.163993
          ],
          [
            121.46329,
            31.164032
          ],
          [
            121.463416,
            31.164049
          ],
          [
            121.463416,
            31.164045
          ],
          [
            121.463655,
            31.164197
          ],
          [
            121.464258,
            31.164253
          ],
          [
            121.464232,
            31.16451
          ],
          [
            121.464227,
            31.16451
          ],
          [
            121.464214,
            31.16467
          ],
          [
            121.464206,
            31.164744
          ],
          [
            121.463594,
            31.164692
          ],
          [
            121.463481,
            31.164674
          ],
          [
            121.463047,
            31.164627
          ],
          [
            121.46293,
            31.164609
          ],
          [
            121.462925,
            31.164605
          ],
          [
            121.462908,
            31.16467
          ],
          [
            121.46286,
            31.164848
          ],
          [
            121.462839,
            31.164939
          ],
          [
            121.462808,
            31.165087
          ],
          [
            121.462773,
            31.16546
          ],
          [
            121.462786,
            31.165872
          ],
          [
            121.462839,
            31.166224
          ],
          [
            121.462899,
            31.166437
          ],
          [
            121.462982,
            31.166667
          ],
          [
            121.463121,
            31.166984
          ],
          [
            121.463286,
            31.16747
          ],
          [
            121.463346,
            31.167734
          ],
          [
            121.463368,
            31.167799
          ],
          [
            121.463481,
            31.168125
          ],
          [
            121.463494,
            31.168212
          ],
          [
            121.463533,
            31.168442
          ],
          [
            121.463555,
            31.168763
          ],
          [
            121.463511,
            31.16921
          ],
          [
            121.463364,
            31.169696
          ],
          [
            121.462973,
            31.170803
          ],
          [
            121.462886,
            31.17102
          ],
          [
            121.462856,
            31.171098
          ],
          [
            121.462839,
            31.171128
          ],
          [
            121.46247,
            31.172096
          ],
          [
            121.46227,
            31.172739
          ],
          [
            121.462044,
            31.173893
          ],
          [
            121.462031,
            31.174167
          ],
          [
            121.461997,
            31.174379
          ],
          [
            121.461884,
            31.174826
          ],
          [
            121.461784,
            31.175469
          ],
          [
            121.46178,
            31.175508
          ],
          [
            121.461727,
            31.175569
          ],
          [
            121.461693,
            31.175846
          ],
          [
            121.461684,
            31.176172
          ],
          [
            121.461697,
            31.176463
          ],
          [
            121.461736,
            31.176727
          ],
          [
            121.461806,
            31.17704
          ],
          [
            121.461914,
            31.177387
          ],
          [
            121.462648,
            31.179197
          ],
          [
            121.462856,
            31.179705
          ],
          [
            121.463095,
            31.180282
          ],
          [
            121.463511,
            31.181298
          ],
          [
            121.463607,
            31.181293
          ],
          [
            121.463759,
            31.181276
          ],
          [
            121.463819,
            31.181419
          ],
          [
            121.463915,
            31.181619
          ],
          [
            121.464076,
            31.181914
          ],
          [
            121.464436,
            31.182374
          ],
          [
            121.464544,
            31.182569
          ],
          [
            121.464562,
            31.182595
          ],
          [
            121.464744,
            31.183116
          ],
          [
            121.464761,
            31.183155
          ],
          [
            121.464918,
            31.183377
          ],
          [
            121.465017,
            31.183477
          ],
          [
            121.465056,
            31.183494
          ],
          [
            121.465143,
            31.183524
          ],
          [
            121.465278,
            31.183646
          ],
          [
            121.464761,
            31.18395
          ],
          [
            121.464757,
            31.18395
          ],
          [
            121.465278,
            31.18365
          ],
          [
            121.465278,
            31.183646
          ],
          [
            121.465148,
            31.183529
          ],
          [
            121.465061,
            31.183498
          ],
          [
            121.465022,
            31.183481
          ],
          [
            121.464922,
            31.183381
          ],
          [
            121.464766,
            31.18316
          ],
          [
            121.464748,
            31.183121
          ],
          [
            121.464566,
            31.1826
          ],
          [
            121.464549,
            31.182569
          ],
          [
            121.46444,
            31.182378
          ],
          [
            121.46408,
            31.181918
          ],
          [
            121.463919,
            31.181623
          ],
          [
            121.463824,
            31.181424
          ],
          [
            121.463763,
            31.18128
          ],
          [
            121.463759,
            31.181272
          ],
          [
            121.463611,
            31.181289
          ],
          [
            121.463516,
            31.181298
          ],
          [
            121.463511,
            31.181298
          ],
          [
            121.463099,
            31.180286
          ],
          [
            121.46286,
            31.179709
          ],
          [
            121.462652,
            31.179201
          ],
          [
            121.461918,
            31.177391
          ],
          [
            121.46181,
            31.177044
          ],
          [
            121.46174,
            31.176732
          ],
          [
            121.461701,
            31.176467
          ],
          [
            121.461684,
            31.176176
          ],
          [
            121.461688,
            31.175851
          ],
          [
            121.461723,
            31.175573
          ],
          [
            121.461775,
            31.175512
          ],
          [
            121.46178,
            31.175473
          ],
          [
            121.461879,
            31.174831
          ],
          [
            121.461992,
            31.174384
          ],
          [
            121.462027,
            31.174171
          ],
          [
            121.46204,
            31.173898
          ],
          [
            121.462266,
            31.172743
          ],
          [
            121.462465,
            31.172101
          ],
          [
            121.462834,
            31.171133
          ],
          [
            121.462852,
            31.171102
          ],
          [
            121.462882,
            31.171024
          ],
          [
            121.462969,
            31.170807
          ],
          [
            121.463359,
            31.169701
          ],
          [
            121.463507,
            31.169214
          ],
          [
            121.463555,
            31.168767
          ],
          [
            121.463537,
            31.168446
          ],
          [
            121.463498,
            31.168216
          ],
          [
            121.463485,
            31.168129
          ],
          [
            121.463351,
            31.167739
          ],
          [
            121.46329,
            31.167474
          ],
          [
            121.463125,
            31.166988
          ],
          [
            121.462986,
            31.166671
          ],
          [
            121.462904,
            31.166441
          ],
          [
            121.462843,
            31.166228
          ],
          [
            121.462791,
            31.165877
          ],
          [
            121.462773,
            31.165464
          ],
          [
            121.462804,
            31.165091
          ],
          [
            121.462834,
            31.164944
          ],
          [
            121.462856,
            31.164852
          ],
          [
            121.462904,
            31.164674
          ],
          [
            121.462925,
            31.164609
          ],
          [
            121.463038,
            31.16431
          ],
          [
            121.46319,
            31.163997
          ],
          [
            121.463398,
            31.163689
          ],
          [
            121.463442,
            31.163633
          ],
          [
            121.463576,
            31.163451
          ],
          [
            121.463828,
            31.163099
          ],
          [
            121.463924,
            31.162921
          ],
          [
            121.464219,
            31.162478
          ],
          [
            121.464219,
            31.162474
          ],
          [
            121.464349,
            31.162535
          ],
          [
            121.464822,
            31.162769
          ]
        ]
      }
    },
    {
      "type": "Feature",
      "properties": {
        "route_id": "XH_RUN_0003",
        "route_name": "西岸滨江短距离折返跑",
        "route_mode": "run",
        "target_distance_m": 3000,
        "actual_distance_m": 1588,
        "duration_s": 1270,
        "start_entry_id": "run_westbund_short_start",
        "end_entry_id": "run_westbund_short_end",
        "region_zone": "徐汇滨江",
        "tags": [
          "短跑",
          "折返",
          "滨江"
        ],
        "source_method": "amap_segmented_direction",
        "road_names": [
          "龙腾大道辅路"
        ],
        "turn_count": 8,
        "route_inside_ratio": null,
        "future_score": null,
        "score_note": "后续评分入口：当前阶段只展示路线标签，暂不计算 PM2.5、噪声、花粉或综合暴露评分。",
        "source_name": "上海市人民政府",
        "source_url": "https://www.shanghai.gov.cn/nw15343/20251229/3f98aa90344d45f88f046371f74c92c3.html",
        "confidence": "中高",
        "distance_error_m": 1412,
        "loop_flag": true,
        "feature_tags": [],
        "candidate_rank": "candidate",
        "geometry_source": "amap_direction",
        "geometry_status": "complete",
        "validation_status": "needs_review",
        "snap_ratio": 0.9878048780487805,
        "network_source": "2026-07-12T02:33:44Z",
        "verified_at": "2026-07-12T02:53:23.803254Z",
        "review_note": "实际距离与目标距离误差 47.1% 超过 15%",
        "raw_response_paths": [
          "data/raw/amap/walking_v2_8a47e7349479abef.json",
          "data/raw/amap/walking_v2_504739f0bb3db68f.json",
          "data/raw/amap/walking_v2_d32c95fef9f825ec.json"
        ],
        "source_level": "B",
        "waypoint_names": [
          "西岸穹顶艺术中心",
          "上海油罐艺术中心",
          "西岸美术馆",
          "西岸穹顶艺术中心"
        ],
        "nearby_pois": [],
        "preference_hits": []
      },
      "geometry": {
        "type": "LineString",
        "coordinates": [
          [
            121.464822,
            31.162769
          ],
          [
            121.464353,
            31.162539
          ],
          [
            121.464223,
            31.162478
          ],
          [
            121.464219,
            31.162474
          ],
          [
            121.463928,
            31.162917
          ],
          [
            121.463832,
            31.163095
          ],
          [
            121.463581,
            31.163446
          ],
          [
            121.463446,
            31.163628
          ],
          [
            121.463403,
            31.163685
          ],
          [
            121.463194,
            31.163993
          ],
          [
            121.46319,
            31.163993
          ],
          [
            121.46329,
            31.164032
          ],
          [
            121.463416,
            31.164049
          ],
          [
            121.463416,
            31.164045
          ],
          [
            121.463655,
            31.164197
          ],
          [
            121.464258,
            31.164253
          ],
          [
            121.464232,
            31.16451
          ],
          [
            121.464227,
            31.16451
          ],
          [
            121.464214,
            31.16467
          ],
          [
            121.464206,
            31.164744
          ],
          [
            121.463594,
            31.164692
          ],
          [
            121.463481,
            31.164674
          ],
          [
            121.463047,
            31.164627
          ],
          [
            121.46293,
            31.164609
          ],
          [
            121.462925,
            31.164605
          ],
          [
            121.462908,
            31.16467
          ],
          [
            121.46286,
            31.164848
          ],
          [
            121.462839,
            31.164939
          ],
          [
            121.462808,
            31.165087
          ],
          [
            121.462773,
            31.16546
          ],
          [
            121.462786,
            31.165872
          ],
          [
            121.462839,
            31.166224
          ],
          [
            121.462899,
            31.166437
          ],
          [
            121.462982,
            31.166667
          ],
          [
            121.463121,
            31.166984
          ],
          [
            121.463286,
            31.16747
          ],
          [
            121.463346,
            31.167734
          ],
          [
            121.463368,
            31.167799
          ],
          [
            121.463351,
            31.167739
          ],
          [
            121.46329,
            31.167474
          ],
          [
            121.463125,
            31.166988
          ],
          [
            121.462986,
            31.166671
          ],
          [
            121.462904,
            31.166441
          ],
          [
            121.462843,
            31.166228
          ],
          [
            121.462791,
            31.165877
          ],
          [
            121.462773,
            31.165464
          ],
          [
            121.462804,
            31.165091
          ],
          [
            121.462834,
            31.164944
          ],
          [
            121.462856,
            31.164852
          ],
          [
            121.462904,
            31.164674
          ],
          [
            121.462925,
            31.164609
          ],
          [
            121.463038,
            31.16431
          ],
          [
            121.46319,
            31.163997
          ],
          [
            121.463398,
            31.163689
          ],
          [
            121.463442,
            31.163633
          ],
          [
            121.463576,
            31.163451
          ],
          [
            121.463828,
            31.163099
          ],
          [
            121.463924,
            31.162921
          ],
          [
            121.464219,
            31.162478
          ],
          [
            121.464219,
            31.162474
          ],
          [
            121.464349,
            31.162535
          ],
          [
            121.464822,
            31.162769
          ]
        ]
      }
    },
    {
      "type": "Feature",
      "properties": {
        "route_id": "XH_RUN_0005",
        "route_name": "徐家汇公园外圈跑",
        "route_mode": "run",
        "target_distance_m": 1220,
        "actual_distance_m": 666,
        "duration_s": 532,
        "start_entry_id": "run_xujiahui_park_start",
        "end_entry_id": "run_xujiahui_park_end",
        "region_zone": "徐家汇",
        "tags": [
          "公园",
          "短跑",
          "健身步道"
        ],
        "source_method": "amap_segmented_direction",
        "road_names": [],
        "turn_count": 10,
        "route_inside_ratio": null,
        "future_score": null,
        "score_note": "后续评分入口：当前阶段只展示路线标签，暂不计算 PM2.5、噪声、花粉或综合暴露评分。",
        "source_name": "澎湃新闻",
        "source_url": "https://m.thepaper.cn/newsDetail_forward_14960078",
        "confidence": "中高",
        "distance_error_m": 554,
        "loop_flag": true,
        "feature_tags": [],
        "candidate_rank": "candidate",
        "geometry_source": "amap_direction",
        "geometry_status": "complete",
        "validation_status": "needs_review",
        "snap_ratio": 1.0,
        "network_source": "2026-07-12T02:30:40Z",
        "verified_at": "2026-07-12T02:53:23.803254Z",
        "review_note": "实际距离与目标距离误差 45.4% 超过 15%",
        "raw_response_paths": [
          "data/raw/amap/walking_v2_5bef4374d14e66cc.json",
          "data/raw/amap/walking_v2_f526a85232677d18.json"
        ],
        "source_level": "B",
        "waypoint_names": [
          "徐家汇公园地下停车场(出口)",
          "徐家汇公园停车场(出入口)",
          "徐家汇公园地下停车场(出口)"
        ],
        "nearby_pois": [],
        "preference_hits": []
      },
      "geometry": {
        "type": "LineString",
        "coordinates": [
          [
            121.441128,
            31.197235
          ],
          [
            121.441115,
            31.197218
          ],
          [
            121.441016,
            31.197083
          ],
          [
            121.441011,
            31.197083
          ],
          [
            121.441181,
            31.19697
          ],
          [
            121.441259,
            31.196918
          ],
          [
            121.441411,
            31.196819
          ],
          [
            121.441467,
            31.196745
          ],
          [
            121.441467,
            31.19674
          ],
          [
            121.441953,
            31.196979
          ],
          [
            121.442135,
            31.19707
          ],
          [
            121.442261,
            31.197135
          ],
          [
            121.442305,
            31.197153
          ],
          [
            121.442361,
            31.197079
          ],
          [
            121.442491,
            31.196892
          ],
          [
            121.442704,
            31.19661
          ],
          [
            121.442826,
            31.19645
          ],
          [
            121.442826,
            31.196445
          ],
          [
            121.442869,
            31.196471
          ],
          [
            121.443047,
            31.196571
          ],
          [
            121.443511,
            31.196593
          ],
          [
            121.443481,
            31.196632
          ],
          [
            121.443477,
            31.196632
          ],
          [
            121.443511,
            31.196597
          ],
          [
            121.443511,
            31.196593
          ],
          [
            121.443051,
            31.196576
          ],
          [
            121.442873,
            31.196476
          ],
          [
            121.44283,
            31.19645
          ],
          [
            121.442826,
            31.196445
          ],
          [
            121.442708,
            31.196606
          ],
          [
            121.442496,
            31.196888
          ],
          [
            121.442365,
            31.197075
          ],
          [
            121.442309,
            31.197153
          ],
          [
            121.442305,
            31.197153
          ],
          [
            121.442266,
            31.19714
          ],
          [
            121.44214,
            31.197075
          ],
          [
            121.441957,
            31.196984
          ],
          [
            121.441471,
            31.196745
          ],
          [
            121.441467,
            31.19674
          ],
          [
            121.441415,
            31.196814
          ],
          [
            121.441263,
            31.196914
          ],
          [
            121.441185,
            31.196966
          ],
          [
            121.441016,
            31.197083
          ],
          [
            121.441011,
            31.197083
          ],
          [
            121.441111,
            31.197214
          ],
          [
            121.441128,
            31.197235
          ]
        ]
      }
    },
    {
      "type": "Feature",
      "properties": {
        "route_id": "XH_WALK_0006",
        "route_name": "上海植物园南园主游线",
        "route_mode": "walk",
        "target_distance_m": 2500,
        "actual_distance_m": 976,
        "duration_s": 781,
        "start_entry_id": "walk_botanical_south_start",
        "end_entry_id": "walk_botanical_south_end",
        "region_zone": "上海植物园",
        "tags": [
          "植物园",
          "官方游线",
          "步行"
        ],
        "source_method": "amap_segmented_direction",
        "road_names": [],
        "turn_count": 11,
        "route_inside_ratio": null,
        "future_score": null,
        "score_note": "后续评分入口：当前阶段只展示路线标签，暂不计算 PM2.5、噪声、花粉或综合暴露评分。",
        "source_name": "上海植物园",
        "source_url": "https://www.shbg.org/sites/zhiwuyuan/InfoContent.aspx?CtgId=737e03a1-a4d0-4e86-8f8c-e1fbffb005ae&InfoId=4b2d7e2f-b640-4a35-b4ca-65cb037b8e9c",
        "confidence": "高",
        "distance_error_m": 1524,
        "loop_flag": false,
        "feature_tags": [],
        "candidate_rank": "candidate",
        "geometry_source": "amap_direction",
        "geometry_status": "complete",
        "validation_status": "needs_review",
        "snap_ratio": 0.9803921568627451,
        "network_source": "2026-07-12T02:31:45Z",
        "verified_at": "2026-07-12T02:53:23.803254Z",
        "review_note": "实际距离与目标距离误差 61.0% 超过 15%",
        "raw_response_paths": [
          "data/raw/amap/walking_v2_9caefb6dc6a47d1c.json",
          "data/raw/amap/walking_v2_00ba535fbb6591e0.json"
        ],
        "source_level": "A",
        "waypoint_names": [
          "上海植物园",
          "植物大楼",
          "上海植物园3号门售票处"
        ],
        "nearby_pois": [],
        "preference_hits": []
      },
      "geometry": {
        "type": "LineString",
        "coordinates": [
          [
            121.444271,
            31.147474
          ],
          [
            121.444297,
            31.147483
          ],
          [
            121.444301,
            31.147483
          ],
          [
            121.444293,
            31.147357
          ],
          [
            121.444245,
            31.147253
          ],
          [
            121.44424,
            31.147248
          ],
          [
            121.444271,
            31.147196
          ],
          [
            121.444423,
            31.147014
          ],
          [
            121.444423,
            31.14701
          ],
          [
            121.444336,
            31.146866
          ],
          [
            121.444323,
            31.14678
          ],
          [
            121.444306,
            31.146571
          ],
          [
            121.444258,
            31.146311
          ],
          [
            121.444271,
            31.146241
          ],
          [
            121.444288,
            31.14615
          ],
          [
            121.444288,
            31.146146
          ],
          [
            121.444258,
            31.146029
          ],
          [
            121.44421,
            31.145955
          ],
          [
            121.444206,
            31.145951
          ],
          [
            121.444184,
            31.145916
          ],
          [
            121.444184,
            31.145859
          ],
          [
            121.444206,
            31.14579
          ],
          [
            121.444201,
            31.145716
          ],
          [
            121.44398,
            31.145707
          ],
          [
            121.443915,
            31.145747
          ],
          [
            121.443872,
            31.145747
          ],
          [
            121.44362,
            31.145547
          ],
          [
            121.443615,
            31.145543
          ],
          [
            121.443741,
            31.145473
          ],
          [
            121.44418,
            31.14533
          ],
          [
            121.444462,
            31.145378
          ],
          [
            121.444492,
            31.145169
          ],
          [
            121.444505,
            31.145078
          ],
          [
            121.444497,
            31.14487
          ],
          [
            121.444462,
            31.144753
          ],
          [
            121.444457,
            31.144748
          ],
          [
            121.444336,
            31.144666
          ],
          [
            121.443602,
            31.14451
          ],
          [
            121.442873,
            31.144366
          ],
          [
            121.442852,
            31.144358
          ],
          [
            121.442513,
            31.144284
          ],
          [
            121.442261,
            31.144197
          ],
          [
            121.441892,
            31.144076
          ],
          [
            121.441623,
            31.143967
          ],
          [
            121.441081,
            31.143746
          ],
          [
            121.440842,
            31.143698
          ],
          [
            121.440838,
            31.143694
          ],
          [
            121.440677,
            31.143381
          ],
          [
            121.440564,
            31.143264
          ],
          [
            121.440486,
            31.143199
          ],
          [
            121.440239,
            31.143082
          ],
          [
            121.439939,
            31.14303
          ],
          [
            121.439826,
            31.143025
          ],
          [
            121.439822,
            31.143021
          ],
          [
            121.439514,
            31.142921
          ],
          [
            121.43951,
            31.142917
          ],
          [
            121.439514,
            31.142821
          ],
          [
            121.439523,
            31.142756
          ]
        ]
      }
    },
    {
      "type": "Feature",
      "properties": {
        "route_id": "XH_WALK_0008",
        "route_name": "衡复老洋房游览线",
        "route_mode": "walk",
        "target_distance_m": 5000,
        "actual_distance_m": 4341,
        "duration_s": 3473,
        "start_entry_id": "walk_hengfu_houses_start",
        "end_entry_id": "walk_hengfu_houses_end",
        "region_zone": "衡复风貌区",
        "tags": [
          "Citywalk",
          "历史建筑",
          "梧桐"
        ],
        "source_method": "amap_segmented_direction",
        "road_names": [
          "武康路",
          "湖南路",
          "永福路",
          "复兴西路",
          "乌鲁木齐中路",
          "乌鲁木齐南路",
          "桃江路",
          "岳阳路",
          "桃江路",
          "乌鲁木齐南路",
          "淮海中路"
        ],
        "turn_count": 11,
        "route_inside_ratio": null,
        "future_score": null,
        "score_note": "后续评分入口：当前阶段只展示路线标签，暂不计算 PM2.5、噪声、花粉或综合暴露评分。",
        "source_name": "上海市城市规划设计研究院",
        "source_url": "https://www.supdri.com/artmap/details.html?id=2&isPath=1&type=line",
        "confidence": "高",
        "distance_error_m": 659,
        "loop_flag": false,
        "feature_tags": [],
        "candidate_rank": "candidate",
        "geometry_source": "amap_direction",
        "geometry_status": "complete",
        "validation_status": "accepted",
        "snap_ratio": 1.0,
        "network_source": "2026-07-12T02:31:45Z",
        "verified_at": "2026-07-12T02:53:23.803254Z",
        "review_note": "OSM 贴路率和 API 距离误差检查通过",
        "raw_response_paths": [
          "data/raw/amap/walking_v2_539b8fa5c8c99671.json",
          "data/raw/amap/walking_v2_4b2f1928ad653ac4.json",
          "data/raw/amap/walking_v2_cb87c04b0d36c6a6.json",
          "data/raw/amap/walking_v2_2d0973eaa46b97f6.json"
        ],
        "source_level": "A",
        "waypoint_names": [
          "武康路历史文化名街",
          "武康路与湖南路交叉口",
          "乌鲁木齐中路与复兴西路交叉口",
          "东平路与岳阳路交叉口",
          "淮海西路"
        ],
        "nearby_pois": [],
        "preference_hits": []
      },
      "geometry": {
        "type": "LineString",
        "coordinates": [
          [
            121.440013,
            31.207201
          ],
          [
            121.44003,
            31.207222
          ],
          [
            121.440078,
            31.2073
          ],
          [
            121.440169,
            31.207595
          ],
          [
            121.440234,
            31.207826
          ],
          [
            121.440373,
            31.208333
          ],
          [
            121.440378,
            31.208333
          ],
          [
            121.440877,
            31.208368
          ],
          [
            121.441076,
            31.208385
          ],
          [
            121.441554,
            31.208451
          ],
          [
            121.441888,
            31.208442
          ],
          [
            121.442183,
            31.208377
          ],
          [
            121.442413,
            31.208281
          ],
          [
            121.442682,
            31.208134
          ],
          [
            121.442682,
            31.208129
          ],
          [
            121.442726,
            31.208234
          ],
          [
            121.442778,
            31.208394
          ],
          [
            121.442799,
            31.208503
          ],
          [
            121.442869,
            31.208928
          ],
          [
            121.442921,
            31.209188
          ],
          [
            121.44299,
            31.209388
          ],
          [
            121.443073,
            31.20954
          ],
          [
            121.443229,
            31.209722
          ],
          [
            121.443281,
            31.209779
          ],
          [
            121.443429,
            31.209918
          ],
          [
            121.443594,
            31.210078
          ],
          [
            121.44385,
            31.210317
          ],
          [
            121.443989,
            31.210443
          ],
          [
            121.444032,
            31.210503
          ],
          [
            121.444054,
            31.210625
          ],
          [
            121.44464,
            31.210612
          ],
          [
            121.445022,
            31.210595
          ],
          [
            121.445282,
            31.21059
          ],
          [
            121.44566,
            31.210569
          ],
          [
            121.446007,
            31.210547
          ],
          [
            121.446233,
            31.210534
          ],
          [
            121.446302,
            31.210534
          ],
          [
            121.446489,
            31.210525
          ],
          [
            121.44678,
            31.210512
          ],
          [
            121.44678,
            31.210508
          ],
          [
            121.44678,
            31.210503
          ],
          [
            121.446914,
            31.2101
          ],
          [
            121.447027,
            31.2098
          ],
          [
            121.447057,
            31.209757
          ],
          [
            121.447622,
            31.209028
          ],
          [
            121.447622,
            31.209023
          ],
          [
            121.448286,
            31.209275
          ],
          [
            121.448559,
            31.209371
          ],
          [
            121.448711,
            31.209418
          ],
          [
            121.449275,
            31.209484
          ],
          [
            121.449366,
            31.209497
          ],
          [
            121.449601,
            31.209518
          ],
          [
            121.449731,
            31.209531
          ],
          [
            121.449931,
            31.20954
          ],
          [
            121.450056,
            31.20951
          ],
          [
            121.450139,
            31.209488
          ],
          [
            121.450608,
            31.209284
          ],
          [
            121.450959,
            31.209149
          ],
          [
            121.451432,
            31.20898
          ],
          [
            121.451432,
            31.208976
          ],
          [
            121.451788,
            31.208581
          ],
          [
            121.451788,
            31.208576
          ],
          [
            121.451437,
            31.208976
          ],
          [
            121.450964,
            31.209145
          ],
          [
            121.450612,
            31.20928
          ],
          [
            121.450143,
            31.209484
          ],
          [
            121.450061,
            31.209505
          ],
          [
            121.449931,
            31.20954
          ],
          [
            121.449735,
            31.209536
          ],
          [
            121.449605,
            31.209523
          ],
          [
            121.449371,
            31.209501
          ],
          [
            121.44928,
            31.209488
          ],
          [
            121.448715,
            31.209423
          ],
          [
            121.448563,
            31.209375
          ],
          [
            121.44829,
            31.20928
          ],
          [
            121.447626,
            31.209028
          ],
          [
            121.447622,
            31.209023
          ],
          [
            121.447062,
            31.209753
          ],
          [
            121.447057,
            31.209753
          ],
          [
            121.446328,
            31.20928
          ],
          [
            121.446024,
            31.209071
          ],
          [
            121.445473,
            31.208715
          ],
          [
            121.445256,
            31.208559
          ],
          [
            121.444878,
            31.20832
          ],
          [
            121.444588,
            31.208134
          ],
          [
            121.443876,
            31.207687
          ],
          [
            121.443641,
            31.207535
          ],
          [
            121.443438,
            31.2074
          ],
          [
            121.442873,
            31.207049
          ],
          [
            121.442626,
            31.206892
          ],
          [
            121.442357,
            31.206727
          ],
          [
            121.442079,
            31.206549
          ],
          [
            121.44174,
            31.206332
          ],
          [
            121.441628,
            31.206263
          ],
          [
            121.441133,
            31.205959
          ],
          [
            121.440573,
            31.205616
          ],
          [
            121.440109,
            31.205326
          ],
          [
            121.439557,
            31.204961
          ],
          [
            121.439188,
            31.204718
          ],
          [
            121.438728,
            31.204418
          ],
          [
            121.438416,
            31.204227
          ],
          [
            121.437947,
            31.203924
          ],
          [
            121.437049,
            31.203342
          ],
          [
            121.436962,
            31.203286
          ],
          [
            121.435738,
            31.2025
          ],
          [
            121.435356,
            31.202274
          ],
          [
            121.435213,
            31.202205
          ],
          [
            121.434983,
            31.202096
          ],
          [
            121.434831,
            31.202031
          ],
          [
            121.434683,
            31.201962
          ],
          [
            121.434575,
            31.201914
          ],
          [
            121.434323,
            31.201797
          ],
          [
            121.434266,
            31.201771
          ],
          [
            121.433984,
            31.201645
          ],
          [
            121.433607,
            31.201497
          ],
          [
            121.43309,
            31.201267
          ],
          [
            121.432852,
            31.201172
          ],
          [
            121.432635,
            31.201089
          ],
          [
            121.432483,
            31.201024
          ],
          [
            121.432422,
            31.201024
          ],
          [
            121.432357,
            31.201024
          ],
          [
            121.431979,
            31.200894
          ],
          [
            121.431662,
            31.200807
          ],
          [
            121.431159,
            31.200586
          ],
          [
            121.430916,
            31.200499
          ],
          [
            121.43076,
            31.200434
          ],
          [
            121.430386,
            31.200282
          ],
          [
            121.429692,
            31.200004
          ],
          [
            121.428889,
            31.199661
          ],
          [
            121.428203,
            31.199384
          ],
          [
            121.427339,
            31.199045
          ],
          [
            121.427079,
            31.198941
          ],
          [
            121.426871,
            31.198854
          ]
        ]
      }
    },
    {
      "type": "Feature",
      "properties": {
        "route_id": "XH_WALK_0009",
        "route_name": "衡复转角公寓线",
        "route_mode": "walk",
        "target_distance_m": 1800,
        "actual_distance_m": 1602,
        "duration_s": 1282,
        "start_entry_id": "walk_hengfu_apartments_start",
        "end_entry_id": "walk_hengfu_apartments_end",
        "region_zone": "衡复风貌区",
        "tags": [
          "建筑阅读",
          "Citywalk",
          "短线"
        ],
        "source_method": "amap_segmented_direction",
        "road_names": [
          "武康路",
          "余庆路",
          "广元路",
          "建国西路",
          "吴兴路",
          "肇嘉浜路"
        ],
        "turn_count": 6,
        "route_inside_ratio": null,
        "future_score": null,
        "score_note": "后续评分入口：当前阶段只展示路线标签，暂不计算 PM2.5、噪声、花粉或综合暴露评分。",
        "source_name": "人民网",
        "source_url": "https://sh.people.com.cn/n2/2023/0823/c350122-40542555.html",
        "confidence": "中高",
        "distance_error_m": 198,
        "loop_flag": false,
        "feature_tags": [],
        "candidate_rank": "candidate",
        "geometry_source": "amap_direction",
        "geometry_status": "complete",
        "validation_status": "accepted",
        "snap_ratio": 1.0,
        "network_source": "2026-07-12T02:31:45Z",
        "verified_at": "2026-07-12T02:53:23.803254Z",
        "review_note": "OSM 贴路率和 API 距离误差检查通过",
        "raw_response_paths": [
          "data/raw/amap/walking_v2_63d1a32bfc9f7393.json"
        ],
        "source_level": "B",
        "waypoint_names": [
          "武康大楼",
          "高安公寓"
        ],
        "nearby_pois": [],
        "preference_hits": []
      },
      "geometry": {
        "type": "LineString",
        "coordinates": [
          [
            121.438238,
            31.204549
          ],
          [
            121.438181,
            31.20457
          ],
          [
            121.43799,
            31.204275
          ],
          [
            121.43796,
            31.204201
          ],
          [
            121.437925,
            31.204002
          ],
          [
            121.437943,
            31.203924
          ],
          [
            121.43826,
            31.203446
          ],
          [
            121.43855,
            31.202943
          ],
          [
            121.438576,
            31.202895
          ],
          [
            121.438641,
            31.202799
          ],
          [
            121.438672,
            31.202756
          ],
          [
            121.438737,
            31.202648
          ],
          [
            121.438893,
            31.202387
          ],
          [
            121.439141,
            31.201979
          ],
          [
            121.439262,
            31.20178
          ],
          [
            121.439497,
            31.201385
          ],
          [
            121.439614,
            31.201172
          ],
          [
            121.439796,
            31.200829
          ],
          [
            121.43987,
            31.200686
          ],
          [
            121.439918,
            31.200599
          ],
          [
            121.440022,
            31.200408
          ],
          [
            121.440273,
            31.199918
          ],
          [
            121.440569,
            31.199358
          ],
          [
            121.440569,
            31.199353
          ],
          [
            121.441602,
            31.199657
          ],
          [
            121.442066,
            31.199787
          ],
          [
            121.442869,
            31.200026
          ],
          [
            121.443056,
            31.200082
          ],
          [
            121.443125,
            31.200074
          ],
          [
            121.443546,
            31.200135
          ],
          [
            121.443785,
            31.200187
          ],
          [
            121.443945,
            31.200221
          ],
          [
            121.444102,
            31.200256
          ],
          [
            121.444379,
            31.200317
          ],
          [
            121.445161,
            31.200503
          ],
          [
            121.445282,
            31.200195
          ],
          [
            121.445343,
            31.200035
          ],
          [
            121.445386,
            31.199939
          ],
          [
            121.445417,
            31.199865
          ],
          [
            121.445464,
            31.199748
          ],
          [
            121.44549,
            31.199679
          ],
          [
            121.445547,
            31.199544
          ],
          [
            121.445599,
            31.199405
          ],
          [
            121.445668,
            31.199227
          ],
          [
            121.445694,
            31.199158
          ],
          [
            121.445729,
            31.199089
          ],
          [
            121.445799,
            31.198911
          ],
          [
            121.445851,
            31.198759
          ],
          [
            121.445968,
            31.19852
          ],
          [
            121.44605,
            31.198346
          ],
          [
            121.44605,
            31.198342
          ],
          [
            121.446194,
            31.198446
          ],
          [
            121.446437,
            31.198598
          ],
          [
            121.446667,
            31.198689
          ],
          [
            121.44678,
            31.198724
          ],
          [
            121.447231,
            31.198841
          ],
          [
            121.447639,
            31.198932
          ],
          [
            121.448394,
            31.199162
          ],
          [
            121.448316,
            31.199323
          ]
        ]
      }
    },
    {
      "type": "Feature",
      "properties": {
        "route_id": "XH_WALK_0010",
        "route_name": "徐家汇源人文线",
        "route_mode": "walk",
        "target_distance_m": 4000,
        "actual_distance_m": 2232,
        "duration_s": 1786,
        "start_entry_id": "walk_xujiahui_origin_start",
        "end_entry_id": "walk_xujiahui_origin_end",
        "region_zone": "徐家汇",
        "tags": [
          "人文",
          "官方精品线",
          "历史"
        ],
        "source_method": "amap_segmented_direction",
        "road_names": [
          "蒲汇塘路",
          "文定路",
          "南丹路",
          "漕溪北路",
          "漕溪北路辅路",
          "肇嘉浜路"
        ],
        "turn_count": 23,
        "route_inside_ratio": null,
        "future_score": null,
        "score_note": "后续评分入口：当前阶段只展示路线标签，暂不计算 PM2.5、噪声、花粉或综合暴露评分。",
        "source_name": "上海市人民政府",
        "source_url": "https://www.shanghai.gov.cn/nw17239/20250430/a3efe384da7544e38e8a74c10714f73b.html",
        "confidence": "高",
        "distance_error_m": 1768,
        "loop_flag": false,
        "feature_tags": [],
        "candidate_rank": "candidate",
        "geometry_source": "amap_direction",
        "geometry_status": "complete",
        "validation_status": "needs_review",
        "snap_ratio": 0.9826086956521739,
        "network_source": "2026-07-12T02:31:45Z",
        "verified_at": "2026-07-12T02:53:23.803254Z",
        "review_note": "实际距离与目标距离误差 44.2% 超过 15%",
        "raw_response_paths": [
          "data/raw/amap/walking_v2_4027c3e9b4a69960.json",
          "data/raw/amap/walking_v2_f49b354ba2e8131f.json",
          "data/raw/amap/walking_v2_fd582289463a4052.json",
          "data/raw/amap/walking_v2_dca7a2e66e9056a2.json"
        ],
        "source_level": "A",
        "waypoint_names": [
          "上海土山湾博物馆",
          "徐光启纪念馆",
          "上海市徐汇区图书馆(徐家汇书院)",
          "徐家汇公园",
          "义勇军进行曲灌制地纪念馆"
        ],
        "nearby_pois": [],
        "preference_hits": []
      },
      "geometry": {
        "type": "LineString",
        "coordinates": [
          [
            121.434978,
            31.18658
          ],
          [
            121.434965,
            31.186523
          ],
          [
            121.434961,
            31.186519
          ],
          [
            121.434479,
            31.186697
          ],
          [
            121.434158,
            31.186819
          ],
          [
            121.43401,
            31.186866
          ],
          [
            121.433811,
            31.186931
          ],
          [
            121.433628,
            31.186992
          ],
          [
            121.433008,
            31.187179
          ],
          [
            121.433003,
            31.187179
          ],
          [
            121.433147,
            31.187452
          ],
          [
            121.433303,
            31.18773
          ],
          [
            121.433477,
            31.188064
          ],
          [
            121.43375,
            31.188663
          ],
          [
            121.433841,
            31.188976
          ],
          [
            121.433867,
            31.189084
          ],
          [
            121.434301,
            31.189023
          ],
          [
            121.434301,
            31.189019
          ],
          [
            121.434293,
            31.189162
          ],
          [
            121.434297,
            31.18928
          ],
          [
            121.434293,
            31.189167
          ],
          [
            121.434301,
            31.189023
          ],
          [
            121.434301,
            31.189019
          ],
          [
            121.434848,
            31.188993
          ],
          [
            121.435069,
            31.188993
          ],
          [
            121.435234,
            31.188993
          ],
          [
            121.435694,
            31.189015
          ],
          [
            121.435846,
            31.189019
          ],
          [
            121.435929,
            31.189019
          ],
          [
            121.436246,
            31.189023
          ],
          [
            121.436463,
            31.189028
          ],
          [
            121.436962,
            31.189041
          ],
          [
            121.437214,
            31.189041
          ],
          [
            121.437279,
            31.189227
          ],
          [
            121.437439,
            31.189709
          ],
          [
            121.437548,
            31.190065
          ],
          [
            121.437578,
            31.190182
          ],
          [
            121.437643,
            31.190399
          ],
          [
            121.437439,
            31.190438
          ],
          [
            121.437435,
            31.190438
          ],
          [
            121.437426,
            31.190443
          ],
          [
            121.437444,
            31.190525
          ],
          [
            121.437361,
            31.190547
          ],
          [
            121.437244,
            31.190573
          ],
          [
            121.43724,
            31.190573
          ],
          [
            121.437357,
            31.190551
          ],
          [
            121.437444,
            31.19053
          ],
          [
            121.437426,
            31.190447
          ],
          [
            121.437435,
            31.190443
          ],
          [
            121.437643,
            31.190404
          ],
          [
            121.437643,
            31.190399
          ],
          [
            121.437682,
            31.190525
          ],
          [
            121.437708,
            31.190608
          ],
          [
            121.437886,
            31.191215
          ],
          [
            121.438012,
            31.191615
          ],
          [
            121.438043,
            31.191888
          ],
          [
            121.43819,
            31.192352
          ],
          [
            121.438216,
            31.192465
          ],
          [
            121.43832,
            31.192856
          ],
          [
            121.438433,
            31.193299
          ],
          [
            121.438451,
            31.193364
          ],
          [
            121.438398,
            31.193451
          ],
          [
            121.438303,
            31.193546
          ],
          [
            121.438299,
            31.19355
          ],
          [
            121.438459,
            31.19378
          ],
          [
            121.438459,
            31.193776
          ],
          [
            121.438459,
            31.193885
          ],
          [
            121.438455,
            31.193885
          ],
          [
            121.438672,
            31.193924
          ],
          [
            121.438976,
            31.193958
          ],
          [
            121.439201,
            31.194019
          ],
          [
            121.439418,
            31.194097
          ],
          [
            121.439553,
            31.194323
          ],
          [
            121.439618,
            31.194362
          ],
          [
            121.439831,
            31.194492
          ],
          [
            121.440026,
            31.194609
          ],
          [
            121.440065,
            31.194631
          ],
          [
            121.440408,
            31.194674
          ],
          [
            121.440911,
            31.194974
          ],
          [
            121.441454,
            31.195299
          ],
          [
            121.442105,
            31.195707
          ],
          [
            121.442214,
            31.195777
          ],
          [
            121.442378,
            31.196137
          ],
          [
            121.442435,
            31.196202
          ],
          [
            121.442826,
            31.196445
          ],
          [
            121.442708,
            31.196606
          ],
          [
            121.442496,
            31.196888
          ],
          [
            121.442365,
            31.197075
          ],
          [
            121.442309,
            31.197153
          ],
          [
            121.442305,
            31.197153
          ],
          [
            121.442413,
            31.197218
          ],
          [
            121.442409,
            31.197309
          ],
          [
            121.442409,
            31.197365
          ],
          [
            121.442418,
            31.197405
          ],
          [
            121.442413,
            31.19737
          ],
          [
            121.442409,
            31.197313
          ],
          [
            121.442413,
            31.197222
          ],
          [
            121.442413,
            31.197218
          ],
          [
            121.442309,
            31.197157
          ],
          [
            121.442266,
            31.19714
          ],
          [
            121.44214,
            31.197075
          ],
          [
            121.442135,
            31.19707
          ],
          [
            121.441862,
            31.197509
          ],
          [
            121.44181,
            31.197617
          ],
          [
            121.441806,
            31.197617
          ],
          [
            121.441858,
            31.197687
          ],
          [
            121.441862,
            31.197713
          ],
          [
            121.441862,
            31.197739
          ],
          [
            121.441849,
            31.197756
          ],
          [
            121.441823,
            31.197786
          ]
        ]
      }
    },
    {
      "type": "Feature",
      "properties": {
        "route_id": "XH_BIKE_0012",
        "route_name": "龙华至西岸滨江骑行线",
        "route_mode": "bike",
        "target_distance_m": 5000,
        "actual_distance_m": 10044,
        "duration_s": 3527,
        "start_entry_id": "bike_longhua_westbund_start",
        "end_entry_id": "bike_longhua_westbund_end",
        "region_zone": "龙华-西岸",
        "tags": [
          "骑行",
          "滨江",
          "文化"
        ],
        "source_method": "amap_segmented_direction",
        "road_names": [
          "龙华路辅路",
          "龙华西路",
          "龙恒路",
          "丰谷路",
          "龙启路辅路",
          "天钥桥南路",
          "龙腾大道辅路",
          "徐汇滨江绿道",
          "龙恒东路",
          "龙腾大道辅路",
          "龙兰路"
        ],
        "turn_count": 27,
        "route_inside_ratio": null,
        "future_score": null,
        "score_note": "后续评分入口：当前阶段只展示路线标签，暂不计算 PM2.5、噪声、花粉或综合暴露评分。",
        "source_name": "上海市文化和旅游局",
        "source_url": "https://whlyj.sh.gov.cn/gqfc/20250521/6cd8a6e351814965b9b5f1cd515994d6.html",
        "confidence": "中高",
        "distance_error_m": 5044,
        "loop_flag": false,
        "feature_tags": [],
        "candidate_rank": "candidate",
        "geometry_source": "amap_direction",
        "geometry_status": "complete",
        "validation_status": "needs_review",
        "snap_ratio": 0.9823182711198428,
        "network_source": "2026-07-12T02:31:45Z",
        "verified_at": "2026-07-12T02:53:23.803254Z",
        "review_note": "实际距离与目标距离误差 100.9% 超过 15%",
        "raw_response_paths": [
          "data/raw/amap/bicycling_v2_4238b2f4aaca9c46.json",
          "data/raw/amap/bicycling_v2_df9fc264c6f071e8.json",
          "data/raw/amap/bicycling_v2_d02ca87c2dd9cbca.json"
        ],
        "source_level": "B",
        "waypoint_names": [
          "龙华寺",
          "龙华滨江休闲广场",
          "龙美术馆(西岸馆)",
          "西岸美术馆"
        ],
        "nearby_pois": [],
        "preference_hits": []
      },
      "geometry": {
        "type": "LineString",
        "coordinates": [
          [
            121.452274,
            31.175239
          ],
          [
            121.452266,
            31.175295
          ],
          [
            121.452244,
            31.175404
          ],
          [
            121.452218,
            31.175556
          ],
          [
            121.452179,
            31.175681
          ],
          [
            121.452144,
            31.175803
          ],
          [
            121.452105,
            31.175916
          ],
          [
            121.452101,
            31.175916
          ],
          [
            121.452539,
            31.176098
          ],
          [
            121.452609,
            31.176107
          ],
          [
            121.452669,
            31.176111
          ],
          [
            121.452773,
            31.17612
          ],
          [
            121.452656,
            31.175295
          ],
          [
            121.452613,
            31.174909
          ],
          [
            121.452617,
            31.174796
          ],
          [
            121.45263,
            31.17454
          ],
          [
            121.452713,
            31.174063
          ],
          [
            121.452743,
            31.173889
          ],
          [
            121.452743,
            31.173624
          ],
          [
            121.452743,
            31.17362
          ],
          [
            121.452665,
            31.173429
          ],
          [
            121.4526,
            31.173351
          ],
          [
            121.452305,
            31.173095
          ],
          [
            121.451905,
            31.172808
          ],
          [
            121.451675,
            31.172682
          ],
          [
            121.451506,
            31.172613
          ],
          [
            121.451102,
            31.172487
          ],
          [
            121.451098,
            31.172483
          ],
          [
            121.451185,
            31.172413
          ],
          [
            121.451185,
            31.172409
          ],
          [
            121.451211,
            31.172357
          ],
          [
            121.451597,
            31.171957
          ],
          [
            121.451819,
            31.171771
          ],
          [
            121.452174,
            31.171467
          ],
          [
            121.452335,
            31.171315
          ],
          [
            121.452535,
            31.171137
          ],
          [
            121.452873,
            31.170829
          ],
          [
            121.452912,
            31.170655
          ],
          [
            121.453099,
            31.170469
          ],
          [
            121.453099,
            31.170464
          ],
          [
            121.453442,
            31.170265
          ],
          [
            121.453442,
            31.17026
          ],
          [
            121.453407,
            31.170195
          ],
          [
            121.453099,
            31.169653
          ],
          [
            121.453034,
            31.169501
          ],
          [
            121.45303,
            31.169497
          ],
          [
            121.453511,
            31.169175
          ],
          [
            121.453668,
            31.169045
          ],
          [
            121.45388,
            31.168707
          ],
          [
            121.45428,
            31.168216
          ],
          [
            121.454297,
            31.168194
          ],
          [
            121.455069,
            31.166992
          ],
          [
            121.455139,
            31.166814
          ],
          [
            121.455391,
            31.166306
          ],
          [
            121.455573,
            31.165977
          ],
          [
            121.456059,
            31.165052
          ],
          [
            121.456102,
            31.164965
          ],
          [
            121.456124,
            31.164922
          ],
          [
            121.456241,
            31.164683
          ],
          [
            121.456675,
            31.163828
          ],
          [
            121.456675,
            31.163824
          ],
          [
            121.454423,
            31.162717
          ],
          [
            121.453641,
            31.162348
          ],
          [
            121.45352,
            31.162218
          ],
          [
            121.453516,
            31.162214
          ],
          [
            121.453533,
            31.16217
          ],
          [
            121.453628,
            31.161918
          ],
          [
            121.45385,
            31.161198
          ],
          [
            121.45401,
            31.160612
          ],
          [
            121.454193,
            31.15987
          ],
          [
            121.454262,
            31.159657
          ],
          [
            121.454336,
            31.15947
          ],
          [
            121.454401,
            31.159262
          ],
          [
            121.45454,
            31.158655
          ],
          [
            121.454722,
            31.157847
          ],
          [
            121.454744,
            31.157743
          ],
          [
            121.454857,
            31.157227
          ],
          [
            121.454874,
            31.157166
          ],
          [
            121.454944,
            31.156858
          ],
          [
            121.455004,
            31.156606
          ],
          [
            121.455039,
            31.156428
          ],
          [
            121.455056,
            31.156345
          ],
          [
            121.455104,
            31.156033
          ],
          [
            121.45513,
            31.155838
          ],
          [
            121.455174,
            31.155538
          ],
          [
            121.455213,
            31.155226
          ],
          [
            121.455239,
            31.154948
          ],
          [
            121.455356,
            31.154032
          ],
          [
            121.455378,
            31.153711
          ],
          [
            121.455395,
            31.153646
          ],
          [
            121.455525,
            31.152826
          ],
          [
            121.455547,
            31.152648
          ],
          [
            121.455586,
            31.152287
          ],
          [
            121.455621,
            31.15217
          ],
          [
            121.455716,
            31.151858
          ],
          [
            121.455807,
            31.151645
          ],
          [
            121.455881,
            31.151519
          ],
          [
            121.456246,
            31.15102
          ],
          [
            121.456662,
            31.150538
          ],
          [
            121.456923,
            31.150278
          ],
          [
            121.456966,
            31.150239
          ],
          [
            121.45704,
            31.150174
          ],
          [
            121.457088,
            31.150139
          ],
          [
            121.457088,
            31.150135
          ],
          [
            121.457192,
            31.150234
          ],
          [
            121.458368,
            31.151432
          ],
          [
            121.458941,
            31.152014
          ],
          [
            121.45944,
            31.152526
          ],
          [
            121.459601,
            31.152687
          ],
          [
            121.459874,
            31.153008
          ],
          [
            121.460326,
            31.153568
          ],
          [
            121.46105,
            31.15451
          ],
          [
            121.461168,
            31.154661
          ],
          [
            121.462014,
            31.155812
          ],
          [
            121.462148,
            31.155972
          ],
          [
            121.462986,
            31.15704
          ],
          [
            121.463142,
            31.157222
          ],
          [
            121.463147,
            31.157231
          ],
          [
            121.463464,
            31.157548
          ],
          [
            121.464006,
            31.158082
          ],
          [
            121.464327,
            31.158433
          ],
          [
            121.464457,
            31.158581
          ],
          [
            121.464588,
            31.158776
          ],
          [
            121.464709,
            31.158971
          ],
          [
            121.464826,
            31.159197
          ],
          [
            121.464839,
            31.159245
          ],
          [
            121.464944,
            31.159492
          ],
          [
            121.465039,
            31.15997
          ],
          [
            121.465056,
            31.160117
          ],
          [
            121.465078,
            31.160399
          ],
          [
            121.465082,
            31.160434
          ],
          [
            121.465095,
            31.160608
          ],
          [
            121.465095,
            31.160764
          ],
          [
            121.465039,
            31.161037
          ],
          [
            121.465013,
            31.16112
          ],
          [
            121.46497,
            31.161246
          ],
          [
            121.464852,
            31.161506
          ],
          [
            121.464844,
            31.161515
          ],
          [
            121.464748,
            31.161675
          ],
          [
            121.464314,
            31.162335
          ],
          [
            121.464223,
            31.162474
          ],
          [
            121.463928,
            31.162917
          ],
          [
            121.463832,
            31.163095
          ],
          [
            121.463581,
            31.163446
          ],
          [
            121.463446,
            31.163628
          ],
          [
            121.463403,
            31.163685
          ],
          [
            121.463194,
            31.163993
          ],
          [
            121.463043,
            31.164306
          ],
          [
            121.46293,
            31.164605
          ],
          [
            121.462908,
            31.16467
          ],
          [
            121.46286,
            31.164848
          ],
          [
            121.462839,
            31.164939
          ],
          [
            121.462808,
            31.165087
          ],
          [
            121.462773,
            31.16546
          ],
          [
            121.462786,
            31.165872
          ],
          [
            121.462839,
            31.166224
          ],
          [
            121.462899,
            31.166437
          ],
          [
            121.462982,
            31.166667
          ],
          [
            121.463121,
            31.166984
          ],
          [
            121.463286,
            31.16747
          ],
          [
            121.463346,
            31.167734
          ],
          [
            121.463481,
            31.168125
          ],
          [
            121.463494,
            31.168212
          ],
          [
            121.463533,
            31.168442
          ],
          [
            121.463555,
            31.168763
          ],
          [
            121.463511,
            31.16921
          ],
          [
            121.463364,
            31.169696
          ],
          [
            121.462973,
            31.170803
          ],
          [
            121.462886,
            31.17102
          ],
          [
            121.462856,
            31.171098
          ],
          [
            121.462839,
            31.171128
          ],
          [
            121.46247,
            31.172096
          ],
          [
            121.46227,
            31.172739
          ],
          [
            121.462044,
            31.173893
          ],
          [
            121.462031,
            31.174167
          ],
          [
            121.461997,
            31.174379
          ],
          [
            121.461884,
            31.174826
          ],
          [
            121.461784,
            31.175469
          ],
          [
            121.46178,
            31.175508
          ],
          [
            121.461727,
            31.175569
          ],
          [
            121.461693,
            31.175846
          ],
          [
            121.461775,
            31.176159
          ],
          [
            121.461806,
            31.176285
          ],
          [
            121.461871,
            31.176749
          ],
          [
            121.461966,
            31.17717
          ],
          [
            121.462014,
            31.177157
          ],
          [
            121.462014,
            31.177153
          ],
          [
            121.462122,
            31.177448
          ],
          [
            121.462062,
            31.177465
          ],
          [
            121.46191,
            31.177509
          ],
          [
            121.461905,
            31.177509
          ],
          [
            121.462574,
            31.179123
          ],
          [
            121.462687,
            31.179145
          ],
          [
            121.462765,
            31.179175
          ],
          [
            121.462782,
            31.179197
          ],
          [
            121.462826,
            31.179271
          ],
          [
            121.463199,
            31.180174
          ],
          [
            121.463277,
            31.180373
          ],
          [
            121.46342,
            31.180851
          ],
          [
            121.463607,
            31.181289
          ],
          [
            121.463689,
            31.181467
          ],
          [
            121.463763,
            31.181658
          ],
          [
            121.463915,
            31.181931
          ],
          [
            121.464362,
            31.182526
          ],
          [
            121.464414,
            31.18263
          ],
          [
            121.46444,
            31.182743
          ],
          [
            121.464444,
            31.182943
          ],
          [
            121.464427,
            31.183056
          ],
          [
            121.464366,
            31.183216
          ],
          [
            121.46418,
            31.183455
          ],
          [
            121.464175,
            31.183455
          ],
          [
            121.464323,
            31.183668
          ],
          [
            121.46418,
            31.183459
          ],
          [
            121.464175,
            31.183455
          ],
          [
            121.463503,
            31.184223
          ],
          [
            121.463307,
            31.184319
          ],
          [
            121.463303,
            31.184319
          ],
          [
            121.463194,
            31.184288
          ],
          [
            121.46319,
            31.184284
          ],
          [
            121.463234,
            31.184097
          ],
          [
            121.463602,
            31.183685
          ],
          [
            121.463741,
            31.183572
          ],
          [
            121.463893,
            31.183416
          ],
          [
            121.464119,
            31.183121
          ],
          [
            121.464175,
            31.182956
          ],
          [
            121.46418,
            31.182786
          ],
          [
            121.464149,
            31.182678
          ],
          [
            121.464032,
            31.182491
          ],
          [
            121.463806,
            31.182183
          ],
          [
            121.463589,
            31.18184
          ],
          [
            121.463372,
            31.181363
          ],
          [
            121.463125,
            31.180768
          ],
          [
            121.463008,
            31.180495
          ],
          [
            121.462812,
            31.180035
          ],
          [
            121.462656,
            31.17967
          ],
          [
            121.462439,
            31.179201
          ],
          [
            121.462431,
            31.179184
          ],
          [
            121.462426,
            31.17918
          ],
          [
            121.462574,
            31.179128
          ],
          [
            121.462574,
            31.179123
          ],
          [
            121.46191,
            31.177513
          ],
          [
            121.46191,
            31.177509
          ],
          [
            121.461606,
            31.177587
          ],
          [
            121.461584,
            31.177595
          ],
          [
            121.461359,
            31.177643
          ],
          [
            121.461341,
            31.177643
          ],
          [
            121.461315,
            31.177635
          ],
          [
            121.461228,
            31.177483
          ],
          [
            121.461224,
            31.177478
          ],
          [
            121.461463,
            31.177435
          ],
          [
            121.461671,
            31.177361
          ],
          [
            121.461671,
            31.177357
          ],
          [
            121.461567,
            31.176845
          ],
          [
            121.461489,
            31.176359
          ],
          [
            121.46148,
            31.176215
          ],
          [
            121.461489,
            31.176042
          ],
          [
            121.46151,
            31.175838
          ],
          [
            121.461515,
            31.175799
          ],
          [
            121.461532,
            31.175434
          ],
          [
            121.46161,
            31.174987
          ],
          [
            121.461649,
            31.174761
          ],
          [
            121.461701,
            31.174431
          ],
          [
            121.46181,
            31.173845
          ],
          [
            121.461914,
            31.173207
          ],
          [
            121.462005,
            31.172669
          ],
          [
            121.462053,
            31.172504
          ],
          [
            121.462201,
            31.172179
          ],
          [
            121.462578,
            31.171068
          ],
          [
            121.462604,
            31.170994
          ],
          [
            121.462856,
            31.170334
          ],
          [
            121.463064,
            31.169796
          ],
          [
            121.463186,
            31.169475
          ],
          [
            121.463247,
            31.169249
          ],
          [
            121.46329,
            31.168967
          ],
          [
            121.46329,
            31.168559
          ],
          [
            121.463273,
            31.168442
          ],
          [
            121.463268,
            31.168381
          ],
          [
            121.463225,
            31.168216
          ],
          [
            121.463147,
            31.16793
          ],
          [
            121.462917,
            31.16727
          ],
          [
            121.462786,
            31.166962
          ],
          [
            121.462782,
            31.166957
          ],
          [
            121.462882,
            31.166966
          ],
          [
            121.463038,
            31.16697
          ],
          [
            121.463121,
            31.166984
          ],
          [
            121.463286,
            31.16747
          ],
          [
            121.463346,
            31.167734
          ],
          [
            121.463368,
            31.167799
          ]
        ]
      }
    },
    {
      "type": "Feature",
      "properties": {
        "route_id": "XH_BIKE_0013",
        "route_name": "植物园至西岸花卉骑行线一",
        "route_mode": "bike",
        "target_distance_m": 7000,
        "actual_distance_m": 4641,
        "duration_s": 1649,
        "start_entry_id": "bike_botanical_westbund_1_start",
        "end_entry_id": "bike_botanical_westbund_1_end",
        "region_zone": "植物园-西岸",
        "tags": [
          "骑行",
          "植物园接驳",
          "西岸"
        ],
        "source_method": "amap_segmented_direction",
        "road_names": [
          "百色路",
          "龙水南路",
          "天钥桥南路"
        ],
        "turn_count": 13,
        "route_inside_ratio": null,
        "future_score": null,
        "score_note": "后续评分入口：当前阶段只展示路线标签，暂不计算 PM2.5、噪声、花粉或综合暴露评分。",
        "source_name": "上海市文化和旅游局",
        "source_url": "https://whlyj.sh.gov.cn/gqfc/20250521/6cd8a6e351814965b9b5f1cd515994d6.html",
        "confidence": "中高",
        "distance_error_m": 2359,
        "loop_flag": false,
        "feature_tags": [],
        "candidate_rank": "candidate",
        "geometry_source": "amap_direction",
        "geometry_status": "complete",
        "validation_status": "needs_review",
        "snap_ratio": 1.0,
        "network_source": "2026-07-12T02:33:44Z",
        "verified_at": "2026-07-12T02:53:23.803254Z",
        "review_note": "实际距离与目标距离误差 33.7% 超过 15%",
        "raw_response_paths": [
          "data/raw/amap/bicycling_v2_fcc84f29be8acc1d.json",
          "data/raw/amap/bicycling_v2_a333eba64f539056.json",
          "data/raw/amap/bicycling_v2_340481beb334fb3f.json"
        ],
        "source_level": "B",
        "waypoint_names": [
          "上海植物园",
          "龙吴路与龙水南路交叉口",
          "龙华滨江休闲广场",
          "西岸穹顶艺术中心"
        ],
        "nearby_pois": [],
        "preference_hits": []
      },
      "geometry": {
        "type": "LineString",
        "coordinates": [
          [
            121.444301,
            31.147474
          ],
          [
            121.444293,
            31.147357
          ],
          [
            121.444245,
            31.147253
          ],
          [
            121.44424,
            31.147248
          ],
          [
            121.444271,
            31.147196
          ],
          [
            121.444423,
            31.147014
          ],
          [
            121.444423,
            31.14701
          ],
          [
            121.444336,
            31.146866
          ],
          [
            121.444323,
            31.14678
          ],
          [
            121.444306,
            31.146571
          ],
          [
            121.444258,
            31.146311
          ],
          [
            121.444271,
            31.146241
          ],
          [
            121.444288,
            31.14615
          ],
          [
            121.444288,
            31.146146
          ],
          [
            121.444397,
            31.146081
          ],
          [
            121.444466,
            31.146059
          ],
          [
            121.44497,
            31.146111
          ],
          [
            121.446198,
            31.146211
          ],
          [
            121.446432,
            31.146233
          ],
          [
            121.446853,
            31.146146
          ],
          [
            121.447491,
            31.146007
          ],
          [
            121.447817,
            31.145985
          ],
          [
            121.448273,
            31.146024
          ],
          [
            121.44842,
            31.146059
          ],
          [
            121.449128,
            31.146237
          ],
          [
            121.44928,
            31.146276
          ],
          [
            121.449431,
            31.146315
          ],
          [
            121.450221,
            31.146372
          ],
          [
            121.450321,
            31.146372
          ],
          [
            121.450425,
            31.146372
          ],
          [
            121.450425,
            31.146367
          ],
          [
            121.450434,
            31.146241
          ],
          [
            121.45046,
            31.145777
          ],
          [
            121.45049,
            31.145243
          ],
          [
            121.450538,
            31.144427
          ],
          [
            121.450538,
            31.144423
          ],
          [
            121.450603,
            31.14444
          ],
          [
            121.450803,
            31.144453
          ],
          [
            121.45089,
            31.144453
          ],
          [
            121.450855,
            31.145095
          ],
          [
            121.450812,
            31.145777
          ],
          [
            121.450764,
            31.146237
          ],
          [
            121.450755,
            31.146372
          ],
          [
            121.450625,
            31.14862
          ],
          [
            121.45059,
            31.149102
          ],
          [
            121.45056,
            31.149753
          ],
          [
            121.450512,
            31.150794
          ],
          [
            121.450495,
            31.151467
          ],
          [
            121.45046,
            31.151931
          ],
          [
            121.450404,
            31.152999
          ],
          [
            121.450352,
            31.153546
          ],
          [
            121.450347,
            31.153628
          ],
          [
            121.450343,
            31.153628
          ],
          [
            121.450239,
            31.153628
          ],
          [
            121.450234,
            31.153628
          ],
          [
            121.45023,
            31.153624
          ],
          [
            121.450234,
            31.153624
          ],
          [
            121.450343,
            31.153628
          ],
          [
            121.450347,
            31.15355
          ],
          [
            121.450347,
            31.153546
          ],
          [
            121.451137,
            31.153576
          ],
          [
            121.45151,
            31.153607
          ],
          [
            121.452209,
            31.153637
          ],
          [
            121.452444,
            31.153607
          ],
          [
            121.452743,
            31.153537
          ],
          [
            121.45309,
            31.153459
          ],
          [
            121.453424,
            31.153424
          ],
          [
            121.453806,
            31.153407
          ],
          [
            121.454071,
            31.15342
          ],
          [
            121.454262,
            31.153437
          ],
          [
            121.454826,
            31.153524
          ],
          [
            121.455152,
            31.153602
          ],
          [
            121.455395,
            31.153641
          ],
          [
            121.455525,
            31.152826
          ],
          [
            121.455547,
            31.152648
          ],
          [
            121.455586,
            31.152287
          ],
          [
            121.455621,
            31.15217
          ],
          [
            121.455716,
            31.151858
          ],
          [
            121.455807,
            31.151645
          ],
          [
            121.455881,
            31.151519
          ],
          [
            121.456246,
            31.15102
          ],
          [
            121.456662,
            31.150538
          ],
          [
            121.456923,
            31.150278
          ],
          [
            121.456966,
            31.150239
          ],
          [
            121.45704,
            31.150174
          ],
          [
            121.457088,
            31.150139
          ],
          [
            121.457088,
            31.150135
          ],
          [
            121.457192,
            31.150234
          ],
          [
            121.458368,
            31.151432
          ],
          [
            121.458941,
            31.152014
          ],
          [
            121.45944,
            31.152526
          ],
          [
            121.459601,
            31.152687
          ],
          [
            121.459874,
            31.153008
          ],
          [
            121.460326,
            31.153568
          ],
          [
            121.46105,
            31.15451
          ],
          [
            121.461168,
            31.154661
          ],
          [
            121.462014,
            31.155812
          ],
          [
            121.462148,
            31.155972
          ],
          [
            121.462986,
            31.15704
          ],
          [
            121.463142,
            31.157222
          ],
          [
            121.463147,
            31.157231
          ],
          [
            121.463464,
            31.157548
          ],
          [
            121.464006,
            31.158082
          ],
          [
            121.464327,
            31.158433
          ],
          [
            121.464457,
            31.158581
          ],
          [
            121.464588,
            31.158776
          ],
          [
            121.464709,
            31.158971
          ],
          [
            121.464826,
            31.159197
          ],
          [
            121.464839,
            31.159245
          ],
          [
            121.464944,
            31.159492
          ],
          [
            121.465039,
            31.15997
          ],
          [
            121.465056,
            31.160117
          ],
          [
            121.465078,
            31.160399
          ],
          [
            121.465082,
            31.160434
          ],
          [
            121.465095,
            31.160608
          ],
          [
            121.465095,
            31.160764
          ],
          [
            121.465039,
            31.161037
          ],
          [
            121.465013,
            31.16112
          ],
          [
            121.46497,
            31.161246
          ],
          [
            121.464852,
            31.161506
          ],
          [
            121.464844,
            31.161515
          ],
          [
            121.464748,
            31.161675
          ],
          [
            121.464314,
            31.162335
          ],
          [
            121.464223,
            31.162474
          ],
          [
            121.464219,
            31.162474
          ],
          [
            121.464349,
            31.162535
          ],
          [
            121.464822,
            31.162769
          ]
        ]
      }
    },
    {
      "type": "Feature",
      "properties": {
        "route_id": "XH_BIKE_0014",
        "route_name": "植物园至西岸花卉骑行线二",
        "route_mode": "bike",
        "target_distance_m": 9000,
        "actual_distance_m": 4197,
        "duration_s": 1472,
        "start_entry_id": "bike_botanical_westbund_2_start",
        "end_entry_id": "bike_botanical_westbund_2_end",
        "region_zone": "植物园-西岸",
        "tags": [
          "骑行",
          "花卉",
          "滨江"
        ],
        "source_method": "amap_segmented_direction",
        "road_names": [
          "百色路",
          "喜泰支路"
        ],
        "turn_count": 7,
        "route_inside_ratio": null,
        "future_score": null,
        "score_note": "后续评分入口：当前阶段只展示路线标签，暂不计算 PM2.5、噪声、花粉或综合暴露评分。",
        "source_name": "上海市文化和旅游局",
        "source_url": "https://whlyj.sh.gov.cn/gqfc/20250521/6cd8a6e351814965b9b5f1cd515994d6.html",
        "confidence": "中",
        "distance_error_m": 4803,
        "loop_flag": false,
        "feature_tags": [],
        "candidate_rank": "candidate",
        "geometry_source": "amap_direction",
        "geometry_status": "complete",
        "validation_status": "needs_review",
        "snap_ratio": 0.9812206572769953,
        "network_source": "2026-07-12T02:33:44Z",
        "verified_at": "2026-07-12T02:53:23.803254Z",
        "review_note": "实际距离与目标距离误差 53.4% 超过 15%",
        "raw_response_paths": [
          "data/raw/amap/bicycling_v2_88d94aaf25a58dd5.json",
          "data/raw/amap/bicycling_v2_dfd979c3cfc507f9.json",
          "data/raw/amap/bicycling_v2_3392dafa8e314f89.json"
        ],
        "source_level": "C",
        "waypoint_names": [
          "上海植物园3号门售票处",
          "百色路与龙吴路交叉口",
          "龙华滨江休闲广场",
          "上海油罐艺术中心"
        ],
        "nearby_pois": [],
        "preference_hits": []
      },
      "geometry": {
        "type": "LineString",
        "coordinates": [
          [
            121.439527,
            31.14273
          ],
          [
            121.439566,
            31.142517
          ],
          [
            121.439566,
            31.142513
          ],
          [
            121.43967,
            31.142513
          ],
          [
            121.440647,
            31.142622
          ],
          [
            121.441736,
            31.142739
          ],
          [
            121.442865,
            31.142865
          ],
          [
            121.442869,
            31.142865
          ],
          [
            121.443824,
            31.142969
          ],
          [
            121.444158,
            31.143003
          ],
          [
            121.444757,
            31.143069
          ],
          [
            121.445399,
            31.143138
          ],
          [
            121.446003,
            31.143238
          ],
          [
            121.447053,
            31.143455
          ],
          [
            121.447261,
            31.143533
          ],
          [
            121.447795,
            31.143681
          ],
          [
            121.44809,
            31.143759
          ],
          [
            121.448437,
            31.143854
          ],
          [
            121.448819,
            31.143958
          ],
          [
            121.449444,
            31.144136
          ],
          [
            121.449536,
            31.144162
          ],
          [
            121.450538,
            31.144423
          ],
          [
            121.450603,
            31.14444
          ],
          [
            121.450803,
            31.144453
          ],
          [
            121.45089,
            31.144453
          ],
          [
            121.450855,
            31.145095
          ],
          [
            121.450812,
            31.145777
          ],
          [
            121.450764,
            31.146237
          ],
          [
            121.450755,
            31.146372
          ],
          [
            121.450751,
            31.146372
          ],
          [
            121.450894,
            31.146376
          ],
          [
            121.451662,
            31.146415
          ],
          [
            121.452205,
            31.146432
          ],
          [
            121.453025,
            31.146319
          ],
          [
            121.453464,
            31.146241
          ],
          [
            121.454063,
            31.146146
          ],
          [
            121.454631,
            31.146011
          ],
          [
            121.454696,
            31.145994
          ],
          [
            121.454805,
            31.145972
          ],
          [
            121.45487,
            31.145972
          ],
          [
            121.45487,
            31.145968
          ],
          [
            121.454939,
            31.146237
          ],
          [
            121.455169,
            31.14714
          ],
          [
            121.455334,
            31.147782
          ],
          [
            121.455586,
            31.14839
          ],
          [
            121.455825,
            31.148793
          ],
          [
            121.456115,
            31.14918
          ],
          [
            121.456723,
            31.149822
          ],
          [
            121.456923,
            31.149983
          ],
          [
            121.457088,
            31.150135
          ],
          [
            121.457192,
            31.150234
          ],
          [
            121.458368,
            31.151432
          ],
          [
            121.458941,
            31.152014
          ],
          [
            121.45944,
            31.152526
          ],
          [
            121.459601,
            31.152687
          ],
          [
            121.459874,
            31.153008
          ],
          [
            121.460326,
            31.153568
          ],
          [
            121.46105,
            31.15451
          ],
          [
            121.461168,
            31.154661
          ],
          [
            121.462014,
            31.155812
          ],
          [
            121.462148,
            31.155972
          ],
          [
            121.462986,
            31.15704
          ],
          [
            121.463142,
            31.157222
          ],
          [
            121.463147,
            31.157231
          ],
          [
            121.463464,
            31.157548
          ],
          [
            121.464006,
            31.158082
          ],
          [
            121.464327,
            31.158433
          ],
          [
            121.464457,
            31.158581
          ],
          [
            121.464588,
            31.158776
          ],
          [
            121.464709,
            31.158971
          ],
          [
            121.464826,
            31.159197
          ],
          [
            121.464839,
            31.159245
          ],
          [
            121.464944,
            31.159492
          ],
          [
            121.465039,
            31.15997
          ],
          [
            121.465056,
            31.160117
          ],
          [
            121.465078,
            31.160399
          ],
          [
            121.465082,
            31.160434
          ],
          [
            121.465095,
            31.160608
          ],
          [
            121.465095,
            31.160764
          ],
          [
            121.465039,
            31.161037
          ],
          [
            121.465013,
            31.16112
          ],
          [
            121.46497,
            31.161246
          ],
          [
            121.464852,
            31.161506
          ],
          [
            121.464844,
            31.161515
          ],
          [
            121.464748,
            31.161675
          ],
          [
            121.464314,
            31.162335
          ],
          [
            121.464223,
            31.162474
          ],
          [
            121.463928,
            31.162917
          ],
          [
            121.463832,
            31.163095
          ],
          [
            121.463581,
            31.163446
          ],
          [
            121.463446,
            31.163628
          ],
          [
            121.463403,
            31.163685
          ],
          [
            121.463194,
            31.163993
          ],
          [
            121.46319,
            31.163993
          ],
          [
            121.46329,
            31.164032
          ],
          [
            121.463416,
            31.164049
          ],
          [
            121.46385,
            31.164084
          ],
          [
            121.464084,
            31.16411
          ],
          [
            121.464444,
            31.164128
          ],
          [
            121.464592,
            31.164232
          ]
        ]
      }
    }
  ]
}